run_accession	study_accession	secondary_study_accession	sample_accession	secondary_sample_accession	experiment_accession	submission_accession	tax_id	scientific_name	instrument_platform	instrument_model	library_name	nominal_length	library_layout	library_strategy	library_source	library_selection	read_count	base_count	center_name	first_public	last_updated	experiment_title	study_title	study_alias	experiment_alias	run_alias	fastq_bytes	fastq_md5	fastq_ftp	fastq_aspera	fastq_galaxy	submitted_bytes	submitted_md5	submitted_ftp	submitted_aspera	submitted_galaxy	submitted_format	sample_alias	broker_name	sample_title	nominal_sdev	first_created	bam_ftp	bam_bytes	bam_md5	fastq_file_role	submitted_file_role	bam_file_role
SRR7811007	PRJNA489760	SRP160417	SAMN09988840	SRS3758063	SRX4662821	SRA770179	1504969	human blood metagenome	ILLUMINA	Illumina MiSeq	B_MCI_10		PAIRED	AMPLICON	METATRANSCRIPTOMIC	PCR	29092	17455200	SUB4499500	2018-09-09	2018-09-09	Illumina MiSeq sequencing: DNA-Seq of environmental metagenomes :blood metagenome	Fecal and blood microbiota of AD, MCI and normal controls	PRJNA489760	B_MCI_10	851_70_R2.fastq	2663568;3715914	7b8d65f9babde9179689440b7b4ac92c;08d56a2556d145535bff997c85afe32c	ftp.sra.ebi.ac.uk/vol1/fastq/SRR781/007/SRR7811007/SRR7811007_1.fastq.gz;ftp.sra.ebi.ac.uk/vol1/fastq/SRR781/007/SRR7811007/SRR7811007_2.fastq.gz	fasp.sra.ebi.ac.uk:/vol1/fastq/SRR781/007/SRR7811007/SRR7811007_1.fastq.gz;fasp.sra.ebi.ac.uk:/vol1/fastq/SRR781/007/SRR7811007/SRR7811007_2.fastq.gz	ftp.sra.ebi.ac.uk/vol1/fastq/SRR781/007/SRR7811007/SRR7811007_1.fastq.gz;ftp.sra.ebi.ac.uk/vol1/fastq/SRR781/007/SRR7811007/SRR7811007_2.fastq.gz							B_MCI_10		Metagenome or environmental sample from human blood metagenome		2018-09-09				GENERATED_FILE;GENERATED_FILE		
SRR7811011	PRJNA489760	SRP160417	SAMN09988901	SRS3758059	SRX4662817	SRA770179	1504969	human blood metagenome	ILLUMINA	Illumina MiSeq	B_NC_11		PAIRED	AMPLICON	METATRANSCRIPTOMIC	PCR	47611	28661822	SUB4499500	2018-09-09	2018-09-09	Illumina MiSeq sequencing: DNA-Seq of environmental metagenomes :blood metagenome	Fecal and blood microbiota of AD, MCI and normal controls	PRJNA489760	B_NC_11	HY136_R1.fastq	5795734;8490894	37ad32d8bc18d675a55afb829d47923b;913d2001fff8bf37ee4e7f43e7903720	ftp.sra.ebi.ac.uk/vol1/fastq/SRR781/001/SRR7811011/SRR7811011_1.fastq.gz;ftp.sra.ebi.ac.uk/vol1/fastq/SRR781/001/SRR7811011/SRR7811011_2.fastq.gz	fasp.sra.ebi.ac.uk:/vol1/fastq/SRR781/001/SRR7811011/SRR7811011_1.fastq.gz;fasp.sra.ebi.ac.uk:/vol1/fastq/SRR781/001/SRR7811011/SRR7811011_2.fastq.gz	ftp.sra.ebi.ac.uk/vol1/fastq/SRR781/001/SRR7811011/SRR7811011_1.fastq.gz;ftp.sra.ebi.ac.uk/vol1/fastq/SRR781/001/SRR7811011/SRR7811011_2.fastq.gz							B_NC_11		Metagenome or environmental sample from human blood metagenome		2018-09-09				GENERATED_FILE;GENERATED_FILE		
SRR7811012	PRJNA489760	SRP160417	SAMN09988902	SRS3758058	SRX4662816	SRA770179	1504969	human blood metagenome	ILLUMINA	Illumina MiSeq	B_NC_12		PAIRED	AMPLICON	METATRANSCRIPTOMIC	PCR	47744	28741888	SUB4499500	2018-09-09	2018-09-09	Illumina MiSeq sequencing: DNA-Seq of environmental metagenomes :blood metagenome	Fecal and blood microbiota of AD, MCI and normal controls	PRJNA489760	B_NC_12	HY137_R1.fastq	5547170;8458816	8263abf9e17d778c837b118b146738c1;52dd560997848c5f244567a313253e39	ftp.sra.ebi.ac.uk/vol1/fastq/SRR781/002/SRR7811012/SRR7811012_1.fastq.gz;ftp.sra.ebi.ac.uk/vol1/fastq/SRR781/002/SRR7811012/SRR7811012_2.fastq.gz	fasp.sra.ebi.ac.uk:/vol1/fastq/SRR781/002/SRR7811012/SRR7811012_1.fastq.gz;fasp.sra.ebi.ac.uk:/vol1/fastq/SRR781/002/SRR7811012/SRR7811012_2.fastq.gz	ftp.sra.ebi.ac.uk/vol1/fastq/SRR781/002/SRR7811012/SRR7811012_1.fastq.gz;ftp.sra.ebi.ac.uk/vol1/fastq/SRR781/002/SRR7811012/SRR7811012_2.fastq.gz							B_NC_12		Metagenome or environmental sample from human blood metagenome		2018-09-09				GENERATED_FILE;GENERATED_FILE		
SRR7811013	PRJNA489760	SRP160417	SAMN09988903	SRS3758056	SRX4662815	SRA770179	1504969	human blood metagenome	ILLUMINA	Illumina MiSeq	B_NC_13		PAIRED	AMPLICON	METATRANSCRIPTOMIC	PCR	47371	28517342	SUB4499500	2018-09-09	2018-09-09	Illumina MiSeq sequencing: DNA-Seq of environmental metagenomes :blood metagenome	Fecal and blood microbiota of AD, MCI and normal controls	PRJNA489760	B_NC_13	HY138_R1.fastq	5585667;8184905	c497b0b9a03335a0265ad0c7275ccbf3;868069c77c1744e3d030fe11ada6dc10	ftp.sra.ebi.ac.uk/vol1/fastq/SRR781/003/SRR7811013/SRR7811013_1.fastq.gz;ftp.sra.ebi.ac.uk/vol1/fastq/SRR781/003/SRR7811013/SRR7811013_2.fastq.gz	fasp.sra.ebi.ac.uk:/vol1/fastq/SRR781/003/SRR7811013/SRR7811013_1.fastq.gz;fasp.sra.ebi.ac.uk:/vol1/fastq/SRR781/003/SRR7811013/SRR7811013_2.fastq.gz	ftp.sra.ebi.ac.uk/vol1/fastq/SRR781/003/SRR7811013/SRR7811013_1.fastq.gz;ftp.sra.ebi.ac.uk/vol1/fastq/SRR781/003/SRR7811013/SRR7811013_2.fastq.gz							B_NC_13		Metagenome or environmental sample from human blood metagenome		2018-09-09				GENERATED_FILE;GENERATED_FILE		
SRR7811017	PRJNA489760	SRP160417	SAMN09988907	SRS3758052	SRX4662811	SRA770179	1504969	human blood metagenome	ILLUMINA	Illumina MiSeq	B_NC_17		PAIRED	AMPLICON	METATRANSCRIPTOMIC	PCR	44837	26991874	SUB4499500	2018-09-09	2018-09-09	Illumina MiSeq sequencing: DNA-Seq of environmental metagenomes :blood metagenome	Fecal and blood microbiota of AD, MCI and normal controls	PRJNA489760	B_NC_17	HY143_R2.fastq	5172638;7518151	a4a0e6f1885797d3676e8076666d1416;ac5150531524aeee53c77831c223ee97	ftp.sra.ebi.ac.uk/vol1/fastq/SRR781/007/SRR7811017/SRR7811017_1.fastq.gz;ftp.sra.ebi.ac.uk/vol1/fastq/SRR781/007/SRR7811017/SRR7811017_2.fastq.gz	fasp.sra.ebi.ac.uk:/vol1/fastq/SRR781/007/SRR7811017/SRR7811017_1.fastq.gz;fasp.sra.ebi.ac.uk:/vol1/fastq/SRR781/007/SRR7811017/SRR7811017_2.fastq.gz	ftp.sra.ebi.ac.uk/vol1/fastq/SRR781/007/SRR7811017/SRR7811017_1.fastq.gz;ftp.sra.ebi.ac.uk/vol1/fastq/SRR781/007/SRR7811017/SRR7811017_2.fastq.gz							B_NC_17		Metagenome or environmental sample from human blood metagenome		2018-09-09				GENERATED_FILE;GENERATED_FILE		
SRR7811009	PRJNA489760	SRP160417	SAMN09988909	SRS3758060	SRX4662819	SRA770179	1504969	human blood metagenome	ILLUMINA	Illumina MiSeq	B_NC_19		PAIRED	AMPLICON	METATRANSCRIPTOMIC	PCR	44661	26885922	SUB4499500	2018-09-09	2018-09-09	Illumina MiSeq sequencing: DNA-Seq of environmental metagenomes :blood metagenome	Fecal and blood microbiota of AD, MCI and normal controls	PRJNA489760	B_NC_19	HY145_R2.fastq	5340573;7910233	adf58ce16a19565b4101aa149539621e;45449f4811a5b768e0c8db6e4c360e6d	ftp.sra.ebi.ac.uk/vol1/fastq/SRR781/009/SRR7811009/SRR7811009_1.fastq.gz;ftp.sra.ebi.ac.uk/vol1/fastq/SRR781/009/SRR7811009/SRR7811009_2.fastq.gz	fasp.sra.ebi.ac.uk:/vol1/fastq/SRR781/009/SRR7811009/SRR7811009_1.fastq.gz;fasp.sra.ebi.ac.uk:/vol1/fastq/SRR781/009/SRR7811009/SRR7811009_2.fastq.gz	ftp.sra.ebi.ac.uk/vol1/fastq/SRR781/009/SRR7811009/SRR7811009_1.fastq.gz;ftp.sra.ebi.ac.uk/vol1/fastq/SRR781/009/SRR7811009/SRR7811009_2.fastq.gz							B_NC_19		Metagenome or environmental sample from human blood metagenome		2018-09-09				GENERATED_FILE;GENERATED_FILE		
SRR7811019	PRJNA489760	SRP160417	SAMN09988834	SRS3758051	SRX4662809	SRA770179	1504969	human blood metagenome	ILLUMINA	Illumina MiSeq	B_MCI_4		PAIRED	AMPLICON	METATRANSCRIPTOMIC	PCR	37978	22786800	SUB4499500	2018-09-09	2018-09-09	Illumina MiSeq sequencing: DNA-Seq of environmental metagenomes :blood metagenome	Fecal and blood microbiota of AD, MCI and normal controls	PRJNA489760	B_MCI_4	851_64_R2.fastq	3342728;5412253	7cd320f68570a436c966c9f74575a389;5e10a8feda834432fe140ed62f01580e	ftp.sra.ebi.ac.uk/vol1/fastq/SRR781/009/SRR7811019/SRR7811019_1.fastq.gz;ftp.sra.ebi.ac.uk/vol1/fastq/SRR781/009/SRR7811019/SRR7811019_2.fastq.gz	fasp.sra.ebi.ac.uk:/vol1/fastq/SRR781/009/SRR7811019/SRR7811019_1.fastq.gz;fasp.sra.ebi.ac.uk:/vol1/fastq/SRR781/009/SRR7811019/SRR7811019_2.fastq.gz	ftp.sra.ebi.ac.uk/vol1/fastq/SRR781/009/SRR7811019/SRR7811019_1.fastq.gz;ftp.sra.ebi.ac.uk/vol1/fastq/SRR781/009/SRR7811019/SRR7811019_2.fastq.gz							B_MCI_4		Metagenome or environmental sample from human blood metagenome		2018-09-09				GENERATED_FILE;GENERATED_FILE		
SRR7811015	PRJNA489760	SRP160417	SAMN09988905	SRS3758057	SRX4662813	SRA770179	1504969	human blood metagenome	ILLUMINA	Illumina MiSeq	B_NC_15		PAIRED	AMPLICON	METATRANSCRIPTOMIC	PCR	41376	24908352	SUB4499500	2018-09-09	2018-09-09	Illumina MiSeq sequencing: DNA-Seq of environmental metagenomes :blood metagenome	Fecal and blood microbiota of AD, MCI and normal controls	PRJNA489760	B_NC_15	HY141_R1.fastq	4976469;7384277	d804ebf54ec2a8d6f0fe58b64c541e28;d8eb39dba5373742eddefcaaa04fd69f	ftp.sra.ebi.ac.uk/vol1/fastq/SRR781/005/SRR7811015/SRR7811015_1.fastq.gz;ftp.sra.ebi.ac.uk/vol1/fastq/SRR781/005/SRR7811015/SRR7811015_2.fastq.gz	fasp.sra.ebi.ac.uk:/vol1/fastq/SRR781/005/SRR7811015/SRR7811015_1.fastq.gz;fasp.sra.ebi.ac.uk:/vol1/fastq/SRR781/005/SRR7811015/SRR7811015_2.fastq.gz	ftp.sra.ebi.ac.uk/vol1/fastq/SRR781/005/SRR7811015/SRR7811015_1.fastq.gz;ftp.sra.ebi.ac.uk/vol1/fastq/SRR781/005/SRR7811015/SRR7811015_2.fastq.gz							B_NC_15		Metagenome or environmental sample from human blood metagenome		2018-09-09				GENERATED_FILE;GENERATED_FILE		
SRR7811021	PRJNA489760	SRP160417	SAMN09988811	SRS3758050	SRX4662807	SRA770179	408170	human gut metagenome	ILLUMINA	Illumina MiSeq	F_NC_11		PAIRED	AMPLICON	METATRANSCRIPTOMIC	PCR	52037	31326274	SUB4499500	2018-09-09	2018-09-09	Illumina MiSeq sequencing: DNA-Seq of environmental metagenomes :feces metagenome	Fecal and blood microbiota of AD, MCI and normal controls	PRJNA489760	F_NC_11	HY56_R2.fastq	6638399;8922079	131f4434a6598b40156192323d5601a3;56e29764030ea50a7c623a63531b1446	ftp.sra.ebi.ac.uk/vol1/fastq/SRR781/001/SRR7811021/SRR7811021_1.fastq.gz;ftp.sra.ebi.ac.uk/vol1/fastq/SRR781/001/SRR7811021/SRR7811021_2.fastq.gz	fasp.sra.ebi.ac.uk:/vol1/fastq/SRR781/001/SRR7811021/SRR7811021_1.fastq.gz;fasp.sra.ebi.ac.uk:/vol1/fastq/SRR781/001/SRR7811021/SRR7811021_2.fastq.gz	ftp.sra.ebi.ac.uk/vol1/fastq/SRR781/001/SRR7811021/SRR7811021_1.fastq.gz;ftp.sra.ebi.ac.uk/vol1/fastq/SRR781/001/SRR7811021/SRR7811021_2.fastq.gz							F_NC_11		Metagenome or environmental sample from human gut metagenome		2018-09-09				GENERATED_FILE;GENERATED_FILE		
SRR7811016	PRJNA489760	SRP160417	SAMN09988906	SRS3758054	SRX4662812	SRA770179	1504969	human blood metagenome	ILLUMINA	Illumina MiSeq	B_NC_16		PAIRED	AMPLICON	METATRANSCRIPTOMIC	PCR	44567	26829334	SUB4499500	2018-09-09	2018-09-09	Illumina MiSeq sequencing: DNA-Seq of environmental metagenomes :blood metagenome	Fecal and blood microbiota of AD, MCI and normal controls	PRJNA489760	B_NC_16	HY142_R2.fastq	5260208;7860307	534cbea1856c69608947255153ddaebb;26fa401dad7ea71746c955a7aae265e1	ftp.sra.ebi.ac.uk/vol1/fastq/SRR781/006/SRR7811016/SRR7811016_1.fastq.gz;ftp.sra.ebi.ac.uk/vol1/fastq/SRR781/006/SRR7811016/SRR7811016_2.fastq.gz	fasp.sra.ebi.ac.uk:/vol1/fastq/SRR781/006/SRR7811016/SRR7811016_1.fastq.gz;fasp.sra.ebi.ac.uk:/vol1/fastq/SRR781/006/SRR7811016/SRR7811016_2.fastq.gz	ftp.sra.ebi.ac.uk/vol1/fastq/SRR781/006/SRR7811016/SRR7811016_1.fastq.gz;ftp.sra.ebi.ac.uk/vol1/fastq/SRR781/006/SRR7811016/SRR7811016_2.fastq.gz							B_NC_16		Metagenome or environmental sample from human blood metagenome		2018-09-09				GENERATED_FILE;GENERATED_FILE		
SRR7811029	PRJNA489760	SRP160417	SAMN09988819	SRS3758040	SRX4662799	SRA770179	408170	human gut metagenome	ILLUMINA	Illumina MiSeq	F_NC_19		PAIRED	AMPLICON	METATRANSCRIPTOMIC	PCR	40954	24654308	SUB4499500	2018-09-09	2018-09-09	Illumina MiSeq sequencing: DNA-Seq of environmental metagenomes :feces metagenome	Fecal and blood microbiota of AD, MCI and normal controls	PRJNA489760	F_NC_19	HY65_R1.fastq	5393702;7221957	96eb0b2629beba827eb4aa15285a99df;0c0aaf5863a9f23abc7495f71dec821f	ftp.sra.ebi.ac.uk/vol1/fastq/SRR781/009/SRR7811029/SRR7811029_1.fastq.gz;ftp.sra.ebi.ac.uk/vol1/fastq/SRR781/009/SRR7811029/SRR7811029_2.fastq.gz	fasp.sra.ebi.ac.uk:/vol1/fastq/SRR781/009/SRR7811029/SRR7811029_1.fastq.gz;fasp.sra.ebi.ac.uk:/vol1/fastq/SRR781/009/SRR7811029/SRR7811029_2.fastq.gz	ftp.sra.ebi.ac.uk/vol1/fastq/SRR781/009/SRR7811029/SRR7811029_1.fastq.gz;ftp.sra.ebi.ac.uk/vol1/fastq/SRR781/009/SRR7811029/SRR7811029_2.fastq.gz							F_NC_19		Metagenome or environmental sample from human gut metagenome		2018-09-09				GENERATED_FILE;GENERATED_FILE		
SRR7811026	PRJNA489760	SRP160417	SAMN09988818	SRS3758045	SRX4662802	SRA770179	408170	human gut metagenome	ILLUMINA	Illumina MiSeq	F_NC_18		PAIRED	AMPLICON	METATRANSCRIPTOMIC	PCR	37050	22304100	SUB4499500	2018-09-09	2018-09-09	Illumina MiSeq sequencing: DNA-Seq of environmental metagenomes :feces metagenome	Fecal and blood microbiota of AD, MCI and normal controls	PRJNA489760	F_NC_18	HY64_R2.fastq	4763457;6518477	bc10c59f54b38b1ee52d8dca8067605b;51520fda7afd9366bedbb16b6f2f1214	ftp.sra.ebi.ac.uk/vol1/fastq/SRR781/006/SRR7811026/SRR7811026_1.fastq.gz;ftp.sra.ebi.ac.uk/vol1/fastq/SRR781/006/SRR7811026/SRR7811026_2.fastq.gz	fasp.sra.ebi.ac.uk:/vol1/fastq/SRR781/006/SRR7811026/SRR7811026_1.fastq.gz;fasp.sra.ebi.ac.uk:/vol1/fastq/SRR781/006/SRR7811026/SRR7811026_2.fastq.gz	ftp.sra.ebi.ac.uk/vol1/fastq/SRR781/006/SRR7811026/SRR7811026_1.fastq.gz;ftp.sra.ebi.ac.uk/vol1/fastq/SRR781/006/SRR7811026/SRR7811026_2.fastq.gz							F_NC_18		Metagenome or environmental sample from human gut metagenome		2018-09-09				GENERATED_FILE;GENERATED_FILE		
SRR7811032	PRJNA489760	SRP160417	SAMN09988757	SRS3758038	SRX4662796	SRA770179	408170	human gut metagenome	ILLUMINA	Illumina MiSeq	F_MCI_17		PAIRED	AMPLICON	METATRANSCRIPTOMIC	PCR	48604	29162400	SUB4499500	2018-09-09	2018-09-09	Illumina MiSeq sequencing: DNA-Seq of environmental metagenomes :feces metagenome	Fecal and blood microbiota of AD, MCI and normal controls	PRJNA489760	F_MCI_17	851_17_R1.fastq	4708481;6736425	35b5e218c75aa46df06b719c2d9f1922;fc58d21ec5c055a43e136315b9dc010f	ftp.sra.ebi.ac.uk/vol1/fastq/SRR781/002/SRR7811032/SRR7811032_1.fastq.gz;ftp.sra.ebi.ac.uk/vol1/fastq/SRR781/002/SRR7811032/SRR7811032_2.fastq.gz	fasp.sra.ebi.ac.uk:/vol1/fastq/SRR781/002/SRR7811032/SRR7811032_1.fastq.gz;fasp.sra.ebi.ac.uk:/vol1/fastq/SRR781/002/SRR7811032/SRR7811032_2.fastq.gz	ftp.sra.ebi.ac.uk/vol1/fastq/SRR781/002/SRR7811032/SRR7811032_1.fastq.gz;ftp.sra.ebi.ac.uk/vol1/fastq/SRR781/002/SRR7811032/SRR7811032_2.fastq.gz							F_MCI_17		Metagenome or environmental sample from human gut metagenome		2018-09-09				GENERATED_FILE;GENERATED_FILE		
SRR7811027	PRJNA489760	SRP160417	SAMN09988817	SRS3758043	SRX4662801	SRA770179	408170	human gut metagenome	ILLUMINA	Illumina MiSeq	F_NC_17		PAIRED	AMPLICON	METATRANSCRIPTOMIC	PCR	50428	30357656	SUB4499500	2018-09-09	2018-09-09	Illumina MiSeq sequencing: DNA-Seq of environmental metagenomes :feces metagenome	Fecal and blood microbiota of AD, MCI and normal controls	PRJNA489760	F_NC_17	HY63_R2.fastq	6273773;8479409	7c15a0aca208bc50d60e1dd03b470cf3;06f85723ab55d53aa42a0b2bef52898e	ftp.sra.ebi.ac.uk/vol1/fastq/SRR781/007/SRR7811027/SRR7811027_1.fastq.gz;ftp.sra.ebi.ac.uk/vol1/fastq/SRR781/007/SRR7811027/SRR7811027_2.fastq.gz	fasp.sra.ebi.ac.uk:/vol1/fastq/SRR781/007/SRR7811027/SRR7811027_1.fastq.gz;fasp.sra.ebi.ac.uk:/vol1/fastq/SRR781/007/SRR7811027/SRR7811027_2.fastq.gz	ftp.sra.ebi.ac.uk/vol1/fastq/SRR781/007/SRR7811027/SRR7811027_1.fastq.gz;ftp.sra.ebi.ac.uk/vol1/fastq/SRR781/007/SRR7811027/SRR7811027_2.fastq.gz							F_NC_17		Metagenome or environmental sample from human gut metagenome		2018-09-09				GENERATED_FILE;GENERATED_FILE		
SRR7811039	PRJNA489760	SRP160417	SAMN09988745	SRS3758031	SRX4662789	SRA770179	408170	human gut metagenome	ILLUMINA	Illumina MiSeq	F_MCI_5		PAIRED	AMPLICON	METATRANSCRIPTOMIC	PCR	48632	29179200	SUB4499500	2018-09-09	2018-09-09	Illumina MiSeq sequencing: DNA-Seq of environmental metagenomes :feces metagenome	Fecal and blood microbiota of AD, MCI and normal controls	PRJNA489760	F_MCI_5	851_5_R1.fastq	4839320;7105163	72a12d0b5988fe3f104cbd4b43d3fae8;e90f992c1d373f72724ab4139baca7d5	ftp.sra.ebi.ac.uk/vol1/fastq/SRR781/009/SRR7811039/SRR7811039_1.fastq.gz;ftp.sra.ebi.ac.uk/vol1/fastq/SRR781/009/SRR7811039/SRR7811039_2.fastq.gz	fasp.sra.ebi.ac.uk:/vol1/fastq/SRR781/009/SRR7811039/SRR7811039_1.fastq.gz;fasp.sra.ebi.ac.uk:/vol1/fastq/SRR781/009/SRR7811039/SRR7811039_2.fastq.gz	ftp.sra.ebi.ac.uk/vol1/fastq/SRR781/009/SRR7811039/SRR7811039_1.fastq.gz;ftp.sra.ebi.ac.uk/vol1/fastq/SRR781/009/SRR7811039/SRR7811039_2.fastq.gz							F_MCI_5		Metagenome or environmental sample from human gut metagenome		2018-09-09				GENERATED_FILE;GENERATED_FILE		
SRR7811033	PRJNA489760	SRP160417	SAMN09988756	SRS3758036	SRX4662795	SRA770179	408170	human gut metagenome	ILLUMINA	Illumina MiSeq	F_MCI_16		PAIRED	AMPLICON	METATRANSCRIPTOMIC	PCR	47310	28386000	SUB4499500	2018-09-09	2018-09-09	Illumina MiSeq sequencing: DNA-Seq of environmental metagenomes :feces metagenome	Fecal and blood microbiota of AD, MCI and normal controls	PRJNA489760	F_MCI_16	851_16_R2.fastq	4782155;7368839	9c81ddbef5a7d24e4236939a196a2623;86733c13ee3727f773f331f0d381c5a0	ftp.sra.ebi.ac.uk/vol1/fastq/SRR781/003/SRR7811033/SRR7811033_1.fastq.gz;ftp.sra.ebi.ac.uk/vol1/fastq/SRR781/003/SRR7811033/SRR7811033_2.fastq.gz	fasp.sra.ebi.ac.uk:/vol1/fastq/SRR781/003/SRR7811033/SRR7811033_1.fastq.gz;fasp.sra.ebi.ac.uk:/vol1/fastq/SRR781/003/SRR7811033/SRR7811033_2.fastq.gz	ftp.sra.ebi.ac.uk/vol1/fastq/SRR781/003/SRR7811033/SRR7811033_1.fastq.gz;ftp.sra.ebi.ac.uk/vol1/fastq/SRR781/003/SRR7811033/SRR7811033_2.fastq.gz							F_MCI_16		Metagenome or environmental sample from human gut metagenome		2018-09-09				GENERATED_FILE;GENERATED_FILE		
SRR7811008	PRJNA489760	SRP160417	SAMN09988839	SRS3758061	SRX4662820	SRA770179	1504969	human blood metagenome	ILLUMINA	Illumina MiSeq	B_MCI_9		PAIRED	AMPLICON	METATRANSCRIPTOMIC	PCR	32472	19483200	SUB4499500	2018-09-09	2018-09-09	Illumina MiSeq sequencing: DNA-Seq of environmental metagenomes :blood metagenome	Fecal and blood microbiota of AD, MCI and normal controls	PRJNA489760	B_MCI_9	851_69_R1.fastq	2792049;4550504	563a0e25e6e00e547610dbb77b7aa901;bd51985b84ac40327a7228b07eef238f	ftp.sra.ebi.ac.uk/vol1/fastq/SRR781/008/SRR7811008/SRR7811008_1.fastq.gz;ftp.sra.ebi.ac.uk/vol1/fastq/SRR781/008/SRR7811008/SRR7811008_2.fastq.gz	fasp.sra.ebi.ac.uk:/vol1/fastq/SRR781/008/SRR7811008/SRR7811008_1.fastq.gz;fasp.sra.ebi.ac.uk:/vol1/fastq/SRR781/008/SRR7811008/SRR7811008_2.fastq.gz	ftp.sra.ebi.ac.uk/vol1/fastq/SRR781/008/SRR7811008/SRR7811008_1.fastq.gz;ftp.sra.ebi.ac.uk/vol1/fastq/SRR781/008/SRR7811008/SRR7811008_2.fastq.gz							B_MCI_9		Metagenome or environmental sample from human blood metagenome		2018-09-09				GENERATED_FILE;GENERATED_FILE		
SRR7811040	PRJNA489760	SRP160417	SAMN09988760	SRS3758030	SRX4662788	SRA770179	408170	human gut metagenome	ILLUMINA	Illumina MiSeq	F_MCI_20		PAIRED	AMPLICON	METATRANSCRIPTOMIC	PCR	32281	19368600	SUB4499500	2018-09-09	2018-09-09	Illumina MiSeq sequencing: DNA-Seq of environmental metagenomes :feces metagenome	Fecal and blood microbiota of AD, MCI and normal controls	PRJNA489760	F_MCI_20	851_20_R2.fastq	2949909;4270741	65a7ff18eab1f110f6bee5ef8b6917c1;95af530cdde6b955ffc79ad4c9d3f73b	ftp.sra.ebi.ac.uk/vol1/fastq/SRR781/000/SRR7811040/SRR7811040_1.fastq.gz;ftp.sra.ebi.ac.uk/vol1/fastq/SRR781/000/SRR7811040/SRR7811040_2.fastq.gz	fasp.sra.ebi.ac.uk:/vol1/fastq/SRR781/000/SRR7811040/SRR7811040_1.fastq.gz;fasp.sra.ebi.ac.uk:/vol1/fastq/SRR781/000/SRR7811040/SRR7811040_2.fastq.gz	ftp.sra.ebi.ac.uk/vol1/fastq/SRR781/000/SRR7811040/SRR7811040_1.fastq.gz;ftp.sra.ebi.ac.uk/vol1/fastq/SRR781/000/SRR7811040/SRR7811040_2.fastq.gz							F_MCI_20		Metagenome or environmental sample from human gut metagenome		2018-09-09				GENERATED_FILE;GENERATED_FILE		
SRR7811037	PRJNA489760	SRP160417	SAMN09988752	SRS3758032	SRX4662791	SRA770179	408170	human gut metagenome	ILLUMINA	Illumina MiSeq	F_MCI_12		PAIRED	AMPLICON	METATRANSCRIPTOMIC	PCR	49046	29427600	SUB4499500	2018-09-09	2018-09-09	Illumina MiSeq sequencing: DNA-Seq of environmental metagenomes :feces metagenome	Fecal and blood microbiota of AD, MCI and normal controls	PRJNA489760	F_MCI_12	851_12_R1.fastq	4983625;6921994	96b49209a50a86341af6e0a5bc9635ca;85d57240a516164e0f2c8b31f029724b	ftp.sra.ebi.ac.uk/vol1/fastq/SRR781/007/SRR7811037/SRR7811037_1.fastq.gz;ftp.sra.ebi.ac.uk/vol1/fastq/SRR781/007/SRR7811037/SRR7811037_2.fastq.gz	fasp.sra.ebi.ac.uk:/vol1/fastq/SRR781/007/SRR7811037/SRR7811037_1.fastq.gz;fasp.sra.ebi.ac.uk:/vol1/fastq/SRR781/007/SRR7811037/SRR7811037_2.fastq.gz	ftp.sra.ebi.ac.uk/vol1/fastq/SRR781/007/SRR7811037/SRR7811037_1.fastq.gz;ftp.sra.ebi.ac.uk/vol1/fastq/SRR781/007/SRR7811037/SRR7811037_2.fastq.gz							F_MCI_12		Metagenome or environmental sample from human gut metagenome		2018-09-09				GENERATED_FILE;GENERATED_FILE		
SRR7811010	PRJNA489760	SRP160417	SAMN09988910	SRS3758062	SRX4662818	SRA770179	1504969	human blood metagenome	ILLUMINA	Illumina MiSeq	B_NC_20		PAIRED	AMPLICON	METATRANSCRIPTOMIC	PCR	45762	27548724	SUB4499500	2018-09-09	2018-09-09	Illumina MiSeq sequencing: DNA-Seq of environmental metagenomes :blood metagenome	Fecal and blood microbiota of AD, MCI and normal controls	PRJNA489760	B_NC_20	HY147_R1.fastq	5435871;7949256	c7160d4c1eba62bd06d83f5e629109bb;880ea78ee216782233bc8ee2ab67379b	ftp.sra.ebi.ac.uk/vol1/fastq/SRR781/000/SRR7811010/SRR7811010_1.fastq.gz;ftp.sra.ebi.ac.uk/vol1/fastq/SRR781/000/SRR7811010/SRR7811010_2.fastq.gz	fasp.sra.ebi.ac.uk:/vol1/fastq/SRR781/000/SRR7811010/SRR7811010_1.fastq.gz;fasp.sra.ebi.ac.uk:/vol1/fastq/SRR781/000/SRR7811010/SRR7811010_2.fastq.gz	ftp.sra.ebi.ac.uk/vol1/fastq/SRR781/000/SRR7811010/SRR7811010_1.fastq.gz;ftp.sra.ebi.ac.uk/vol1/fastq/SRR781/000/SRR7811010/SRR7811010_2.fastq.gz							B_NC_20		Metagenome or environmental sample from human blood metagenome		2018-09-09				GENERATED_FILE;GENERATED_FILE		
SRR7811047	PRJNA489760	SRP160417	SAMN09988913	SRS3758023	SRX4662781	SRA770179	1504969	human blood metagenome	ILLUMINA	Illumina MiSeq	B_NC_23		PAIRED	AMPLICON	METATRANSCRIPTOMIC	PCR	41878	25210556	SUB4499500	2018-09-09	2018-09-09	Illumina MiSeq sequencing: DNA-Seq of environmental metagenomes :blood metagenome	Fecal and blood microbiota of AD, MCI and normal controls	PRJNA489760	B_NC_23	HY150_R1.fastq	5103212;7448715	1968609a9bf534c63da9e8ecf4cd741c;8170a5726f36ecaba12df75c4d94621e	ftp.sra.ebi.ac.uk/vol1/fastq/SRR781/007/SRR7811047/SRR7811047_1.fastq.gz;ftp.sra.ebi.ac.uk/vol1/fastq/SRR781/007/SRR7811047/SRR7811047_2.fastq.gz	fasp.sra.ebi.ac.uk:/vol1/fastq/SRR781/007/SRR7811047/SRR7811047_1.fastq.gz;fasp.sra.ebi.ac.uk:/vol1/fastq/SRR781/007/SRR7811047/SRR7811047_2.fastq.gz	ftp.sra.ebi.ac.uk/vol1/fastq/SRR781/007/SRR7811047/SRR7811047_1.fastq.gz;ftp.sra.ebi.ac.uk/vol1/fastq/SRR781/007/SRR7811047/SRR7811047_2.fastq.gz							B_NC_23		Metagenome or environmental sample from human blood metagenome		2018-09-09				GENERATED_FILE;GENERATED_FILE		
SRR7811038	PRJNA489760	SRP160417	SAMN09988751	SRS3758033	SRX4662790	SRA770179	408170	human gut metagenome	ILLUMINA	Illumina MiSeq	F_MCI_11		PAIRED	AMPLICON	METATRANSCRIPTOMIC	PCR	34819	20891400	SUB4499500	2018-09-09	2018-09-09	Illumina MiSeq sequencing: DNA-Seq of environmental metagenomes :feces metagenome	Fecal and blood microbiota of AD, MCI and normal controls	PRJNA489760	F_MCI_11	851_11_R2.fastq	3460974;4982078	792c38f3ccfe8cd6fc7d473c193c125c;ee0741d22ca523562d6d7ce2a39959a6	ftp.sra.ebi.ac.uk/vol1/fastq/SRR781/008/SRR7811038/SRR7811038_1.fastq.gz;ftp.sra.ebi.ac.uk/vol1/fastq/SRR781/008/SRR7811038/SRR7811038_2.fastq.gz	fasp.sra.ebi.ac.uk:/vol1/fastq/SRR781/008/SRR7811038/SRR7811038_1.fastq.gz;fasp.sra.ebi.ac.uk:/vol1/fastq/SRR781/008/SRR7811038/SRR7811038_2.fastq.gz	ftp.sra.ebi.ac.uk/vol1/fastq/SRR781/008/SRR7811038/SRR7811038_1.fastq.gz;ftp.sra.ebi.ac.uk/vol1/fastq/SRR781/008/SRR7811038/SRR7811038_2.fastq.gz							F_MCI_11		Metagenome or environmental sample from human gut metagenome		2018-09-09				GENERATED_FILE;GENERATED_FILE		
SRR7811014	PRJNA489760	SRP160417	SAMN09988904	SRS3758055	SRX4662814	SRA770179	1504969	human blood metagenome	ILLUMINA	Illumina MiSeq	B_NC_14		PAIRED	AMPLICON	METATRANSCRIPTOMIC	PCR	46095	27749190	SUB4499500	2018-09-09	2018-09-09	Illumina MiSeq sequencing: DNA-Seq of environmental metagenomes :blood metagenome	Fecal and blood microbiota of AD, MCI and normal controls	PRJNA489760	B_NC_14	HY140_R2.fastq	5450738;8072416	2b58a16f8171e514f4589f21c988546b;5c400727318ff9c521487860c5f894c0	ftp.sra.ebi.ac.uk/vol1/fastq/SRR781/004/SRR7811014/SRR7811014_1.fastq.gz;ftp.sra.ebi.ac.uk/vol1/fastq/SRR781/004/SRR7811014/SRR7811014_2.fastq.gz	fasp.sra.ebi.ac.uk:/vol1/fastq/SRR781/004/SRR7811014/SRR7811014_1.fastq.gz;fasp.sra.ebi.ac.uk:/vol1/fastq/SRR781/004/SRR7811014/SRR7811014_2.fastq.gz	ftp.sra.ebi.ac.uk/vol1/fastq/SRR781/004/SRR7811014/SRR7811014_1.fastq.gz;ftp.sra.ebi.ac.uk/vol1/fastq/SRR781/004/SRR7811014/SRR7811014_2.fastq.gz							B_NC_14		Metagenome or environmental sample from human blood metagenome		2018-09-09				GENERATED_FILE;GENERATED_FILE		
SRR7811041	PRJNA489760	SRP160417	SAMN09988759	SRS3758029	SRX4662787	SRA770179	408170	human gut metagenome	ILLUMINA	Illumina MiSeq	F_MCI_19		PAIRED	AMPLICON	METATRANSCRIPTOMIC	PCR	36487	21892200	SUB4499500	2018-09-09	2018-09-09	Illumina MiSeq sequencing: DNA-Seq of environmental metagenomes :feces metagenome	Fecal and blood microbiota of AD, MCI and normal controls	PRJNA489760	F_MCI_19	851_19_R2.fastq	3526096;5262861	0940b014a0491cfb1b66cc792dfe0a7a;98bc3fdfe89490dc365adf463e5dbbd4	ftp.sra.ebi.ac.uk/vol1/fastq/SRR781/001/SRR7811041/SRR7811041_1.fastq.gz;ftp.sra.ebi.ac.uk/vol1/fastq/SRR781/001/SRR7811041/SRR7811041_2.fastq.gz	fasp.sra.ebi.ac.uk:/vol1/fastq/SRR781/001/SRR7811041/SRR7811041_1.fastq.gz;fasp.sra.ebi.ac.uk:/vol1/fastq/SRR781/001/SRR7811041/SRR7811041_2.fastq.gz	ftp.sra.ebi.ac.uk/vol1/fastq/SRR781/001/SRR7811041/SRR7811041_1.fastq.gz;ftp.sra.ebi.ac.uk/vol1/fastq/SRR781/001/SRR7811041/SRR7811041_2.fastq.gz							F_MCI_19		Metagenome or environmental sample from human gut metagenome		2018-09-09				GENERATED_FILE;GENERATED_FILE		
SRR7811018	PRJNA489760	SRP160417	SAMN09988908	SRS3758053	SRX4662810	SRA770179	1504969	human blood metagenome	ILLUMINA	Illumina MiSeq	B_NC_18		PAIRED	AMPLICON	METATRANSCRIPTOMIC	PCR	43392	26121984	SUB4499500	2018-09-09	2018-09-09	Illumina MiSeq sequencing: DNA-Seq of environmental metagenomes :blood metagenome	Fecal and blood microbiota of AD, MCI and normal controls	PRJNA489760	B_NC_18	HY144_R1.fastq	5191694;7688717	655ef4a1d56f789d791f73993541de65;b1613d15677a9f957d1f528a05bf6ca8	ftp.sra.ebi.ac.uk/vol1/fastq/SRR781/008/SRR7811018/SRR7811018_1.fastq.gz;ftp.sra.ebi.ac.uk/vol1/fastq/SRR781/008/SRR7811018/SRR7811018_2.fastq.gz	fasp.sra.ebi.ac.uk:/vol1/fastq/SRR781/008/SRR7811018/SRR7811018_1.fastq.gz;fasp.sra.ebi.ac.uk:/vol1/fastq/SRR781/008/SRR7811018/SRR7811018_2.fastq.gz	ftp.sra.ebi.ac.uk/vol1/fastq/SRR781/008/SRR7811018/SRR7811018_1.fastq.gz;ftp.sra.ebi.ac.uk/vol1/fastq/SRR781/008/SRR7811018/SRR7811018_2.fastq.gz							B_NC_18		Metagenome or environmental sample from human blood metagenome		2018-09-09				GENERATED_FILE;GENERATED_FILE		
SRR7811044	PRJNA489760	SRP160417	SAMN09988916	SRS3758026	SRX4662784	SRA770179	1504969	human blood metagenome	ILLUMINA	Illumina MiSeq	B_NC_26		PAIRED	AMPLICON	METATRANSCRIPTOMIC	PCR	42579	25632558	SUB4499500	2018-09-09	2018-09-09	Illumina MiSeq sequencing: DNA-Seq of environmental metagenomes :blood metagenome	Fecal and blood microbiota of AD, MCI and normal controls	PRJNA489760	B_NC_26	HY156_R1.fastq	5398264;7843407	4fbb95900aaf4be865b70ae2632fed22;0df7d08555bafcea104a0f3f1a873c2a	ftp.sra.ebi.ac.uk/vol1/fastq/SRR781/004/SRR7811044/SRR7811044_1.fastq.gz;ftp.sra.ebi.ac.uk/vol1/fastq/SRR781/004/SRR7811044/SRR7811044_2.fastq.gz	fasp.sra.ebi.ac.uk:/vol1/fastq/SRR781/004/SRR7811044/SRR7811044_1.fastq.gz;fasp.sra.ebi.ac.uk:/vol1/fastq/SRR781/004/SRR7811044/SRR7811044_2.fastq.gz	ftp.sra.ebi.ac.uk/vol1/fastq/SRR781/004/SRR7811044/SRR7811044_1.fastq.gz;ftp.sra.ebi.ac.uk/vol1/fastq/SRR781/004/SRR7811044/SRR7811044_2.fastq.gz							B_NC_26		Metagenome or environmental sample from human blood metagenome		2018-09-09				GENERATED_FILE;GENERATED_FILE		
SRR7811048	PRJNA489760	SRP160417	SAMN09988912	SRS3758021	SRX4662780	SRA770179	1504969	human blood metagenome	ILLUMINA	Illumina MiSeq	B_NC_22		PAIRED	AMPLICON	METATRANSCRIPTOMIC	PCR	45091	27144782	SUB4499500	2018-09-09	2018-09-09	Illumina MiSeq sequencing: DNA-Seq of environmental metagenomes :blood metagenome	Fecal and blood microbiota of AD, MCI and normal controls	PRJNA489760	B_NC_22	HY149_R1.fastq	5487470;8012329	cfc28b908e71b46f12543dad601da21b;891d5124711b6adabfd8828e9a23df84	ftp.sra.ebi.ac.uk/vol1/fastq/SRR781/008/SRR7811048/SRR7811048_1.fastq.gz;ftp.sra.ebi.ac.uk/vol1/fastq/SRR781/008/SRR7811048/SRR7811048_2.fastq.gz	fasp.sra.ebi.ac.uk:/vol1/fastq/SRR781/008/SRR7811048/SRR7811048_1.fastq.gz;fasp.sra.ebi.ac.uk:/vol1/fastq/SRR781/008/SRR7811048/SRR7811048_2.fastq.gz	ftp.sra.ebi.ac.uk/vol1/fastq/SRR781/008/SRR7811048/SRR7811048_1.fastq.gz;ftp.sra.ebi.ac.uk/vol1/fastq/SRR781/008/SRR7811048/SRR7811048_2.fastq.gz							B_NC_22		Metagenome or environmental sample from human blood metagenome		2018-09-09				GENERATED_FILE;GENERATED_FILE		
SRR7811046	PRJNA489760	SRP160417	SAMN09988914	SRS3758024	SRX4662782	SRA770179	1504969	human blood metagenome	ILLUMINA	Illumina MiSeq	B_NC_24		PAIRED	AMPLICON	METATRANSCRIPTOMIC	PCR	44130	26566260	SUB4499500	2018-09-09	2018-09-09	Illumina MiSeq sequencing: DNA-Seq of environmental metagenomes :blood metagenome	Fecal and blood microbiota of AD, MCI and normal controls	PRJNA489760	B_NC_24	HY151_R1.fastq	5426661;7928824	ddba19d53a303fcf9bdf3045a2d7fc5b;e6eef0cfacfdf5f22c55abdeb14763a9	ftp.sra.ebi.ac.uk/vol1/fastq/SRR781/006/SRR7811046/SRR7811046_1.fastq.gz;ftp.sra.ebi.ac.uk/vol1/fastq/SRR781/006/SRR7811046/SRR7811046_2.fastq.gz	fasp.sra.ebi.ac.uk:/vol1/fastq/SRR781/006/SRR7811046/SRR7811046_1.fastq.gz;fasp.sra.ebi.ac.uk:/vol1/fastq/SRR781/006/SRR7811046/SRR7811046_2.fastq.gz	ftp.sra.ebi.ac.uk/vol1/fastq/SRR781/006/SRR7811046/SRR7811046_1.fastq.gz;ftp.sra.ebi.ac.uk/vol1/fastq/SRR781/006/SRR7811046/SRR7811046_2.fastq.gz							B_NC_24		Metagenome or environmental sample from human blood metagenome		2018-09-09				GENERATED_FILE;GENERATED_FILE		
SRR7811020	PRJNA489760	SRP160417	SAMN09988812	SRS3758049	SRX4662808	SRA770179	408170	human gut metagenome	ILLUMINA	Illumina MiSeq	F_NC_12		PAIRED	AMPLICON	METATRANSCRIPTOMIC	PCR	48232	29035664	SUB4499500	2018-09-09	2018-09-09	Illumina MiSeq sequencing: DNA-Seq of environmental metagenomes :feces metagenome	Fecal and blood microbiota of AD, MCI and normal controls	PRJNA489760	F_NC_12	HY57_R2.fastq	6198783;8383352	2ff7561a2a88881d9094c1986191a037;03c248afeeb1f5d650f443f41a55baf2	ftp.sra.ebi.ac.uk/vol1/fastq/SRR781/000/SRR7811020/SRR7811020_1.fastq.gz;ftp.sra.ebi.ac.uk/vol1/fastq/SRR781/000/SRR7811020/SRR7811020_2.fastq.gz	fasp.sra.ebi.ac.uk:/vol1/fastq/SRR781/000/SRR7811020/SRR7811020_1.fastq.gz;fasp.sra.ebi.ac.uk:/vol1/fastq/SRR781/000/SRR7811020/SRR7811020_2.fastq.gz	ftp.sra.ebi.ac.uk/vol1/fastq/SRR781/000/SRR7811020/SRR7811020_1.fastq.gz;ftp.sra.ebi.ac.uk/vol1/fastq/SRR781/000/SRR7811020/SRR7811020_2.fastq.gz							F_NC_12		Metagenome or environmental sample from human gut metagenome		2018-09-09				GENERATED_FILE;GENERATED_FILE		
SRR7811049	PRJNA489760	SRP160417	SAMN09988911	SRS3758022	SRX4662779	SRA770179	1504969	human blood metagenome	ILLUMINA	Illumina MiSeq	B_NC_21		PAIRED	AMPLICON	METATRANSCRIPTOMIC	PCR	37073	22317946	SUB4499500	2018-09-09	2018-09-09	Illumina MiSeq sequencing: DNA-Seq of environmental metagenomes :blood metagenome	Fecal and blood microbiota of AD, MCI and normal controls	PRJNA489760	B_NC_21	HY148_R2.fastq	4497537;6578964	d1d42dd7ddde652878d6458349c8a30b;6d0d4c7710feead4822ca1a686405416	ftp.sra.ebi.ac.uk/vol1/fastq/SRR781/009/SRR7811049/SRR7811049_1.fastq.gz;ftp.sra.ebi.ac.uk/vol1/fastq/SRR781/009/SRR7811049/SRR7811049_2.fastq.gz	fasp.sra.ebi.ac.uk:/vol1/fastq/SRR781/009/SRR7811049/SRR7811049_1.fastq.gz;fasp.sra.ebi.ac.uk:/vol1/fastq/SRR781/009/SRR7811049/SRR7811049_2.fastq.gz	ftp.sra.ebi.ac.uk/vol1/fastq/SRR781/009/SRR7811049/SRR7811049_1.fastq.gz;ftp.sra.ebi.ac.uk/vol1/fastq/SRR781/009/SRR7811049/SRR7811049_2.fastq.gz							B_NC_21		Metagenome or environmental sample from human blood metagenome		2018-09-09				GENERATED_FILE;GENERATED_FILE		
SRR7811051	PRJNA489760	SRP160417	SAMN09988837	SRS3758019	SRX4662777	SRA770179	1504969	human blood metagenome	ILLUMINA	Illumina MiSeq	B_MCI_7		PAIRED	AMPLICON	METATRANSCRIPTOMIC	PCR	30602	18361200	SUB4499500	2018-09-09	2018-09-09	Illumina MiSeq sequencing: DNA-Seq of environmental metagenomes :blood metagenome	Fecal and blood microbiota of AD, MCI and normal controls	PRJNA489760	B_MCI_7	851_67_R1.fastq	2683918;4395796	62e74340ae8d3072b3f4923e30e4eb76;94ced33d965765df23695c3d5c21f874	ftp.sra.ebi.ac.uk/vol1/fastq/SRR781/001/SRR7811051/SRR7811051_1.fastq.gz;ftp.sra.ebi.ac.uk/vol1/fastq/SRR781/001/SRR7811051/SRR7811051_2.fastq.gz	fasp.sra.ebi.ac.uk:/vol1/fastq/SRR781/001/SRR7811051/SRR7811051_1.fastq.gz;fasp.sra.ebi.ac.uk:/vol1/fastq/SRR781/001/SRR7811051/SRR7811051_2.fastq.gz	ftp.sra.ebi.ac.uk/vol1/fastq/SRR781/001/SRR7811051/SRR7811051_1.fastq.gz;ftp.sra.ebi.ac.uk/vol1/fastq/SRR781/001/SRR7811051/SRR7811051_2.fastq.gz							B_MCI_7		Metagenome or environmental sample from human blood metagenome		2018-09-09				GENERATED_FILE;GENERATED_FILE		
SRR7811022	PRJNA489760	SRP160417	SAMN09988814	SRS3758048	SRX4662806	SRA770179	408170	human gut metagenome	ILLUMINA	Illumina MiSeq	F_NC_14		PAIRED	AMPLICON	METATRANSCRIPTOMIC	PCR	52046	31331692	SUB4499500	2018-09-09	2018-09-09	Illumina MiSeq sequencing: DNA-Seq of environmental metagenomes :feces metagenome	Fecal and blood microbiota of AD, MCI and normal controls	PRJNA489760	F_NC_14	HY60_R1.fastq	6669765;9167432	d9307b27508c524253e94f0ab5bd67e8;33ac6baefe6dffe70dbe189435472cc8	ftp.sra.ebi.ac.uk/vol1/fastq/SRR781/002/SRR7811022/SRR7811022_1.fastq.gz;ftp.sra.ebi.ac.uk/vol1/fastq/SRR781/002/SRR7811022/SRR7811022_2.fastq.gz	fasp.sra.ebi.ac.uk:/vol1/fastq/SRR781/002/SRR7811022/SRR7811022_1.fastq.gz;fasp.sra.ebi.ac.uk:/vol1/fastq/SRR781/002/SRR7811022/SRR7811022_2.fastq.gz	ftp.sra.ebi.ac.uk/vol1/fastq/SRR781/002/SRR7811022/SRR7811022_1.fastq.gz;ftp.sra.ebi.ac.uk/vol1/fastq/SRR781/002/SRR7811022/SRR7811022_2.fastq.gz							F_NC_14		Metagenome or environmental sample from human gut metagenome		2018-09-09				GENERATED_FILE;GENERATED_FILE		
SRR7811053	PRJNA489760	SRP160417	SAMN09988835	SRS3758017	SRX4662775	SRA770179	1504969	human blood metagenome	ILLUMINA	Illumina MiSeq	B_MCI_5		PAIRED	AMPLICON	METATRANSCRIPTOMIC	PCR	35881	21528600	SUB4499500	2018-09-09	2018-09-09	Illumina MiSeq sequencing: DNA-Seq of environmental metagenomes :blood metagenome	Fecal and blood microbiota of AD, MCI and normal controls	PRJNA489760	B_MCI_5	851_65_R2.fastq	3136868;5054627	b1de300efce6bd96fc5d49df6066a5bf;8f8ac221812fdf0d9bfefe24318f0067	ftp.sra.ebi.ac.uk/vol1/fastq/SRR781/003/SRR7811053/SRR7811053_1.fastq.gz;ftp.sra.ebi.ac.uk/vol1/fastq/SRR781/003/SRR7811053/SRR7811053_2.fastq.gz	fasp.sra.ebi.ac.uk:/vol1/fastq/SRR781/003/SRR7811053/SRR7811053_1.fastq.gz;fasp.sra.ebi.ac.uk:/vol1/fastq/SRR781/003/SRR7811053/SRR7811053_2.fastq.gz	ftp.sra.ebi.ac.uk/vol1/fastq/SRR781/003/SRR7811053/SRR7811053_1.fastq.gz;ftp.sra.ebi.ac.uk/vol1/fastq/SRR781/003/SRR7811053/SRR7811053_2.fastq.gz							B_MCI_5		Metagenome or environmental sample from human blood metagenome		2018-09-09				GENERATED_FILE;GENERATED_FILE		
SRR7811050	PRJNA489760	SRP160417	SAMN09988838	SRS3758020	SRX4662778	SRA770179	1504969	human blood metagenome	ILLUMINA	Illumina MiSeq	B_MCI_8		PAIRED	AMPLICON	METATRANSCRIPTOMIC	PCR	33783	20269800	SUB4499500	2018-09-09	2018-09-09	Illumina MiSeq sequencing: DNA-Seq of environmental metagenomes :blood metagenome	Fecal and blood microbiota of AD, MCI and normal controls	PRJNA489760	B_MCI_8	851_68_R1.fastq	2937158;4731888	9fa15420300fc6e252f32c5d479f13c7;7a4e0109a85753fdfe80682f7e4755f9	ftp.sra.ebi.ac.uk/vol1/fastq/SRR781/000/SRR7811050/SRR7811050_1.fastq.gz;ftp.sra.ebi.ac.uk/vol1/fastq/SRR781/000/SRR7811050/SRR7811050_2.fastq.gz	fasp.sra.ebi.ac.uk:/vol1/fastq/SRR781/000/SRR7811050/SRR7811050_1.fastq.gz;fasp.sra.ebi.ac.uk:/vol1/fastq/SRR781/000/SRR7811050/SRR7811050_2.fastq.gz	ftp.sra.ebi.ac.uk/vol1/fastq/SRR781/000/SRR7811050/SRR7811050_1.fastq.gz;ftp.sra.ebi.ac.uk/vol1/fastq/SRR781/000/SRR7811050/SRR7811050_2.fastq.gz							B_MCI_8		Metagenome or environmental sample from human blood metagenome		2018-09-09				GENERATED_FILE;GENERATED_FILE		
SRR7811023	PRJNA489760	SRP160417	SAMN09988813	SRS3758047	SRX4662805	SRA770179	408170	human gut metagenome	ILLUMINA	Illumina MiSeq	F_NC_13		PAIRED	AMPLICON	METATRANSCRIPTOMIC	PCR	52209	31429818	SUB4499500	2018-09-09	2018-09-09	Illumina MiSeq sequencing: DNA-Seq of environmental metagenomes :feces metagenome	Fecal and blood microbiota of AD, MCI and normal controls	PRJNA489760	F_NC_13	HY58_R1.fastq	6342974;8732979	ae0c567627ffe1651ef3e9c57de246e7;72a644b2f26eac514ccfd1d3276dd224	ftp.sra.ebi.ac.uk/vol1/fastq/SRR781/003/SRR7811023/SRR7811023_1.fastq.gz;ftp.sra.ebi.ac.uk/vol1/fastq/SRR781/003/SRR7811023/SRR7811023_2.fastq.gz	fasp.sra.ebi.ac.uk:/vol1/fastq/SRR781/003/SRR7811023/SRR7811023_1.fastq.gz;fasp.sra.ebi.ac.uk:/vol1/fastq/SRR781/003/SRR7811023/SRR7811023_2.fastq.gz	ftp.sra.ebi.ac.uk/vol1/fastq/SRR781/003/SRR7811023/SRR7811023_1.fastq.gz;ftp.sra.ebi.ac.uk/vol1/fastq/SRR781/003/SRR7811023/SRR7811023_2.fastq.gz							F_NC_13		Metagenome or environmental sample from human gut metagenome		2018-09-09				GENERATED_FILE;GENERATED_FILE		
SRR7811054	PRJNA489760	SRP160417	SAMN09988878	SRS3758016	SRX4662774	SRA770179	1504969	human blood metagenome	ILLUMINA	Illumina MiSeq	B_AD_18		PAIRED	AMPLICON	METATRANSCRIPTOMIC	PCR	35366	21219600	SUB4499500	2018-09-09	2018-09-09	Illumina MiSeq sequencing: DNA-Seq of environmental metagenomes :blood metagenome	Fecal and blood microbiota of AD, MCI and normal controls	PRJNA489760	B_AD_18	851_108_R1.fastq	3313836;4827782	b8543a3fbc3690d60ca5da235f772844;08ccf56bc07b3689fab3e573482cce33	ftp.sra.ebi.ac.uk/vol1/fastq/SRR781/004/SRR7811054/SRR7811054_1.fastq.gz;ftp.sra.ebi.ac.uk/vol1/fastq/SRR781/004/SRR7811054/SRR7811054_2.fastq.gz	fasp.sra.ebi.ac.uk:/vol1/fastq/SRR781/004/SRR7811054/SRR7811054_1.fastq.gz;fasp.sra.ebi.ac.uk:/vol1/fastq/SRR781/004/SRR7811054/SRR7811054_2.fastq.gz	ftp.sra.ebi.ac.uk/vol1/fastq/SRR781/004/SRR7811054/SRR7811054_1.fastq.gz;ftp.sra.ebi.ac.uk/vol1/fastq/SRR781/004/SRR7811054/SRR7811054_2.fastq.gz							B_AD_18		Metagenome or environmental sample from human blood metagenome		2018-09-09				GENERATED_FILE;GENERATED_FILE		
SRR7811024	PRJNA489760	SRP160417	SAMN09988816	SRS3758046	SRX4662804	SRA770179	408170	human gut metagenome	ILLUMINA	Illumina MiSeq	F_NC_16		PAIRED	AMPLICON	METATRANSCRIPTOMIC	PCR	50534	30421468	SUB4499500	2018-09-09	2018-09-09	Illumina MiSeq sequencing: DNA-Seq of environmental metagenomes :feces metagenome	Fecal and blood microbiota of AD, MCI and normal controls	PRJNA489760	F_NC_16	HY62_R2.fastq	6572859;8748189	b767ecc5b4b31436c29a0f426edf0a82;7a64b63dc111524f3e2c0062fd15a1c7	ftp.sra.ebi.ac.uk/vol1/fastq/SRR781/004/SRR7811024/SRR7811024_1.fastq.gz;ftp.sra.ebi.ac.uk/vol1/fastq/SRR781/004/SRR7811024/SRR7811024_2.fastq.gz	fasp.sra.ebi.ac.uk:/vol1/fastq/SRR781/004/SRR7811024/SRR7811024_1.fastq.gz;fasp.sra.ebi.ac.uk:/vol1/fastq/SRR781/004/SRR7811024/SRR7811024_2.fastq.gz	ftp.sra.ebi.ac.uk/vol1/fastq/SRR781/004/SRR7811024/SRR7811024_1.fastq.gz;ftp.sra.ebi.ac.uk/vol1/fastq/SRR781/004/SRR7811024/SRR7811024_2.fastq.gz							F_NC_16		Metagenome or environmental sample from human gut metagenome		2018-09-09				GENERATED_FILE;GENERATED_FILE		
SRR7811052	PRJNA489760	SRP160417	SAMN09988836	SRS3758018	SRX4662776	SRA770179	1504969	human blood metagenome	ILLUMINA	Illumina MiSeq	B_MCI_6		PAIRED	AMPLICON	METATRANSCRIPTOMIC	PCR	32217	19330200	SUB4499500	2018-09-09	2018-09-09	Illumina MiSeq sequencing: DNA-Seq of environmental metagenomes :blood metagenome	Fecal and blood microbiota of AD, MCI and normal controls	PRJNA489760	B_MCI_6	851_66_R2.fastq	2827903;4638075	67f0583a078179e779b60b45bf87f0c6;c41047949185f8a61adbecfaef18fe92	ftp.sra.ebi.ac.uk/vol1/fastq/SRR781/002/SRR7811052/SRR7811052_1.fastq.gz;ftp.sra.ebi.ac.uk/vol1/fastq/SRR781/002/SRR7811052/SRR7811052_2.fastq.gz	fasp.sra.ebi.ac.uk:/vol1/fastq/SRR781/002/SRR7811052/SRR7811052_1.fastq.gz;fasp.sra.ebi.ac.uk:/vol1/fastq/SRR781/002/SRR7811052/SRR7811052_2.fastq.gz	ftp.sra.ebi.ac.uk/vol1/fastq/SRR781/002/SRR7811052/SRR7811052_1.fastq.gz;ftp.sra.ebi.ac.uk/vol1/fastq/SRR781/002/SRR7811052/SRR7811052_2.fastq.gz							B_MCI_6		Metagenome or environmental sample from human blood metagenome		2018-09-09				GENERATED_FILE;GENERATED_FILE		
SRR7811058	PRJNA489760	SRP160417	SAMN09988741	SRS3758011	SRX4662770	SRA770179	408170	human gut metagenome	ILLUMINA	Illumina MiSeq	F_MCI_1		PAIRED	AMPLICON	METATRANSCRIPTOMIC	PCR	46691	28014600	SUB4499500	2018-09-09	2018-09-09	Illumina MiSeq sequencing: DNA-Seq of environmental metagenomes :feces metagenome	Fecal and blood microbiota of AD, MCI and normal controls	PRJNA489760	F_MCI_1	851_1_R2.fastq	4341371;6355079	d6a5a8a06af22e91a41b8173346b8aa6;e20c7e012a40f995940e0a41d492d0b2	ftp.sra.ebi.ac.uk/vol1/fastq/SRR781/008/SRR7811058/SRR7811058_1.fastq.gz;ftp.sra.ebi.ac.uk/vol1/fastq/SRR781/008/SRR7811058/SRR7811058_2.fastq.gz	fasp.sra.ebi.ac.uk:/vol1/fastq/SRR781/008/SRR7811058/SRR7811058_1.fastq.gz;fasp.sra.ebi.ac.uk:/vol1/fastq/SRR781/008/SRR7811058/SRR7811058_2.fastq.gz	ftp.sra.ebi.ac.uk/vol1/fastq/SRR781/008/SRR7811058/SRR7811058_1.fastq.gz;ftp.sra.ebi.ac.uk/vol1/fastq/SRR781/008/SRR7811058/SRR7811058_2.fastq.gz							F_MCI_1		Metagenome or environmental sample from human gut metagenome		2018-09-09				GENERATED_FILE;GENERATED_FILE		
SRR7811025	PRJNA489760	SRP160417	SAMN09988815	SRS3758044	SRX4662803	SRA770179	408170	human gut metagenome	ILLUMINA	Illumina MiSeq	F_NC_15		PAIRED	AMPLICON	METATRANSCRIPTOMIC	PCR	50091	30154782	SUB4499500	2018-09-09	2018-09-09	Illumina MiSeq sequencing: DNA-Seq of environmental metagenomes :feces metagenome	Fecal and blood microbiota of AD, MCI and normal controls	PRJNA489760	F_NC_15	HY61_R2.fastq	6523384;8891659	2b3c2ec5bd0636964f5ad231ef68036d;3ea9587f36aa51450c61d0cdee8fde81	ftp.sra.ebi.ac.uk/vol1/fastq/SRR781/005/SRR7811025/SRR7811025_1.fastq.gz;ftp.sra.ebi.ac.uk/vol1/fastq/SRR781/005/SRR7811025/SRR7811025_2.fastq.gz	fasp.sra.ebi.ac.uk:/vol1/fastq/SRR781/005/SRR7811025/SRR7811025_1.fastq.gz;fasp.sra.ebi.ac.uk:/vol1/fastq/SRR781/005/SRR7811025/SRR7811025_2.fastq.gz	ftp.sra.ebi.ac.uk/vol1/fastq/SRR781/005/SRR7811025/SRR7811025_1.fastq.gz;ftp.sra.ebi.ac.uk/vol1/fastq/SRR781/005/SRR7811025/SRR7811025_2.fastq.gz							F_NC_15		Metagenome or environmental sample from human gut metagenome		2018-09-09				GENERATED_FILE;GENERATED_FILE		
SRR7811060	PRJNA489760	SRP160417	SAMN09988743	SRS3758009	SRX4662768	SRA770179	408170	human gut metagenome	ILLUMINA	Illumina MiSeq	F_MCI_3		PAIRED	AMPLICON	METATRANSCRIPTOMIC	PCR	40214	24128400	SUB4499500	2018-09-09	2018-09-09	Illumina MiSeq sequencing: DNA-Seq of environmental metagenomes :feces metagenome	Fecal and blood microbiota of AD, MCI and normal controls	PRJNA489760	F_MCI_3	851_3_R1.fastq	3722888;5579335	493bfd5e5802447578ad60a18e078054;7364083db932201a519612173fecbb4f	ftp.sra.ebi.ac.uk/vol1/fastq/SRR781/000/SRR7811060/SRR7811060_1.fastq.gz;ftp.sra.ebi.ac.uk/vol1/fastq/SRR781/000/SRR7811060/SRR7811060_2.fastq.gz	fasp.sra.ebi.ac.uk:/vol1/fastq/SRR781/000/SRR7811060/SRR7811060_1.fastq.gz;fasp.sra.ebi.ac.uk:/vol1/fastq/SRR781/000/SRR7811060/SRR7811060_2.fastq.gz	ftp.sra.ebi.ac.uk/vol1/fastq/SRR781/000/SRR7811060/SRR7811060_1.fastq.gz;ftp.sra.ebi.ac.uk/vol1/fastq/SRR781/000/SRR7811060/SRR7811060_2.fastq.gz							F_MCI_3		Metagenome or environmental sample from human gut metagenome		2018-09-09				GENERATED_FILE;GENERATED_FILE		
SRR7811056	PRJNA489760	SRP160417	SAMN09988920	SRS3758014	SRX4662772	SRA770179	1504969	human blood metagenome	ILLUMINA	Illumina MiSeq	B_NC_30		PAIRED	AMPLICON	METATRANSCRIPTOMIC	PCR	37831	22774262	SUB4499500	2018-09-09	2018-09-09	Illumina MiSeq sequencing: DNA-Seq of environmental metagenomes :blood metagenome	Fecal and blood microbiota of AD, MCI and normal controls	PRJNA489760	B_NC_30	HY160_R1.fastq	4836795;6940688	827c2e4909f0b34e1c0739a3e8e138df;5022e2e43744e16041fc42d8c7680231	ftp.sra.ebi.ac.uk/vol1/fastq/SRR781/006/SRR7811056/SRR7811056_1.fastq.gz;ftp.sra.ebi.ac.uk/vol1/fastq/SRR781/006/SRR7811056/SRR7811056_2.fastq.gz	fasp.sra.ebi.ac.uk:/vol1/fastq/SRR781/006/SRR7811056/SRR7811056_1.fastq.gz;fasp.sra.ebi.ac.uk:/vol1/fastq/SRR781/006/SRR7811056/SRR7811056_2.fastq.gz	ftp.sra.ebi.ac.uk/vol1/fastq/SRR781/006/SRR7811056/SRR7811056_1.fastq.gz;ftp.sra.ebi.ac.uk/vol1/fastq/SRR781/006/SRR7811056/SRR7811056_2.fastq.gz							B_NC_30		Metagenome or environmental sample from human blood metagenome		2018-09-09				GENERATED_FILE;GENERATED_FILE		
SRR7811028	PRJNA489760	SRP160417	SAMN09988820	SRS3758042	SRX4662800	SRA770179	408170	human gut metagenome	ILLUMINA	Illumina MiSeq	F_NC_20		PAIRED	AMPLICON	METATRANSCRIPTOMIC	PCR	45300	27270600	SUB4499500	2018-09-09	2018-09-09	Illumina MiSeq sequencing: DNA-Seq of environmental metagenomes :feces metagenome	Fecal and blood microbiota of AD, MCI and normal controls	PRJNA489760	F_NC_20	HY67_R1.fastq	5713436;7764439	de96c1b488adf8e57bfbb9f6c1453183;b9a8b4fbe6f5971347d24ca79d109006	ftp.sra.ebi.ac.uk/vol1/fastq/SRR781/008/SRR7811028/SRR7811028_1.fastq.gz;ftp.sra.ebi.ac.uk/vol1/fastq/SRR781/008/SRR7811028/SRR7811028_2.fastq.gz	fasp.sra.ebi.ac.uk:/vol1/fastq/SRR781/008/SRR7811028/SRR7811028_1.fastq.gz;fasp.sra.ebi.ac.uk:/vol1/fastq/SRR781/008/SRR7811028/SRR7811028_2.fastq.gz	ftp.sra.ebi.ac.uk/vol1/fastq/SRR781/008/SRR7811028/SRR7811028_1.fastq.gz;ftp.sra.ebi.ac.uk/vol1/fastq/SRR781/008/SRR7811028/SRR7811028_2.fastq.gz							F_NC_20		Metagenome or environmental sample from human gut metagenome		2018-09-09				GENERATED_FILE;GENERATED_FILE		
SRR7811062	PRJNA489760	SRP160417	SAMN09988804	SRS3758007	SRX4662766	SRA770179	408170	human gut metagenome	ILLUMINA	Illumina MiSeq	F_NC_4		PAIRED	AMPLICON	METATRANSCRIPTOMIC	PCR	51281	30871162	SUB4499500	2018-09-09	2018-09-09	Illumina MiSeq sequencing: DNA-Seq of environmental metagenomes :feces metagenome	Fecal and blood microbiota of AD, MCI and normal controls	PRJNA489760	F_NC_4	HY48_R2.fastq	6691040;9015019	ab7829422eaff9d2119e07b6efa9e6c3;27885ad48a7fa9c91fa762cfeff4380d	ftp.sra.ebi.ac.uk/vol1/fastq/SRR781/002/SRR7811062/SRR7811062_1.fastq.gz;ftp.sra.ebi.ac.uk/vol1/fastq/SRR781/002/SRR7811062/SRR7811062_2.fastq.gz	fasp.sra.ebi.ac.uk:/vol1/fastq/SRR781/002/SRR7811062/SRR7811062_1.fastq.gz;fasp.sra.ebi.ac.uk:/vol1/fastq/SRR781/002/SRR7811062/SRR7811062_2.fastq.gz	ftp.sra.ebi.ac.uk/vol1/fastq/SRR781/002/SRR7811062/SRR7811062_1.fastq.gz;ftp.sra.ebi.ac.uk/vol1/fastq/SRR781/002/SRR7811062/SRR7811062_2.fastq.gz							F_NC_4		Metagenome or environmental sample from human gut metagenome		2018-09-09				GENERATED_FILE;GENERATED_FILE		
SRR7811030	PRJNA489760	SRP160417	SAMN09988831	SRS3758041	SRX4662798	SRA770179	1504969	human blood metagenome	ILLUMINA	Illumina MiSeq	B_MCI_1		PAIRED	AMPLICON	METATRANSCRIPTOMIC	PCR	30473	18283800	SUB4499500	2018-09-09	2018-09-09	Illumina MiSeq sequencing: DNA-Seq of environmental metagenomes :blood metagenome	Fecal and blood microbiota of AD, MCI and normal controls	PRJNA489760	B_MCI_1	851_61_R1.fastq	2912578;4347240	e4ce60df0344f1be21112f9244a4343b;285a0e9a8d0a0e6909b33cbea1023f6f	ftp.sra.ebi.ac.uk/vol1/fastq/SRR781/000/SRR7811030/SRR7811030_1.fastq.gz;ftp.sra.ebi.ac.uk/vol1/fastq/SRR781/000/SRR7811030/SRR7811030_2.fastq.gz	fasp.sra.ebi.ac.uk:/vol1/fastq/SRR781/000/SRR7811030/SRR7811030_1.fastq.gz;fasp.sra.ebi.ac.uk:/vol1/fastq/SRR781/000/SRR7811030/SRR7811030_2.fastq.gz	ftp.sra.ebi.ac.uk/vol1/fastq/SRR781/000/SRR7811030/SRR7811030_1.fastq.gz;ftp.sra.ebi.ac.uk/vol1/fastq/SRR781/000/SRR7811030/SRR7811030_2.fastq.gz							B_MCI_1		Metagenome or environmental sample from human blood metagenome		2018-09-09				GENERATED_FILE;GENERATED_FILE		
SRR7811057	PRJNA489760	SRP160417	SAMN09988919	SRS3758013	SRX4662771	SRA770179	1504969	human blood metagenome	ILLUMINA	Illumina MiSeq	B_NC_29		PAIRED	AMPLICON	METATRANSCRIPTOMIC	PCR	47851	28806302	SUB4499500	2018-09-09	2018-09-09	Illumina MiSeq sequencing: DNA-Seq of environmental metagenomes :blood metagenome	Fecal and blood microbiota of AD, MCI and normal controls	PRJNA489760	B_NC_29	HY159_R1.fastq	5830523;8404259	149e711af72560bd5c3d38721cced860;8ec3d0e69c42a9b8ae820fbebde0e3ec	ftp.sra.ebi.ac.uk/vol1/fastq/SRR781/007/SRR7811057/SRR7811057_1.fastq.gz;ftp.sra.ebi.ac.uk/vol1/fastq/SRR781/007/SRR7811057/SRR7811057_2.fastq.gz	fasp.sra.ebi.ac.uk:/vol1/fastq/SRR781/007/SRR7811057/SRR7811057_1.fastq.gz;fasp.sra.ebi.ac.uk:/vol1/fastq/SRR781/007/SRR7811057/SRR7811057_2.fastq.gz	ftp.sra.ebi.ac.uk/vol1/fastq/SRR781/007/SRR7811057/SRR7811057_1.fastq.gz;ftp.sra.ebi.ac.uk/vol1/fastq/SRR781/007/SRR7811057/SRR7811057_2.fastq.gz							B_NC_29		Metagenome or environmental sample from human blood metagenome		2018-09-09				GENERATED_FILE;GENERATED_FILE		
SRR7811066	PRJNA489760	SRP160417	SAMN09988808	SRS3758003	SRX4662762	SRA770179	408170	human gut metagenome	ILLUMINA	Illumina MiSeq	F_NC_8		PAIRED	AMPLICON	METATRANSCRIPTOMIC	PCR	49763	29957326	SUB4499500	2018-09-09	2018-09-09	Illumina MiSeq sequencing: DNA-Seq of environmental metagenomes :feces metagenome	Fecal and blood microbiota of AD, MCI and normal controls	PRJNA489760	F_NC_8	HY52_R1.fastq	6396705;8571524	1f9f7df6e842f1c1a0661c8255970d62;7590302836069bade61861ba3c845b33	ftp.sra.ebi.ac.uk/vol1/fastq/SRR781/006/SRR7811066/SRR7811066_1.fastq.gz;ftp.sra.ebi.ac.uk/vol1/fastq/SRR781/006/SRR7811066/SRR7811066_2.fastq.gz	fasp.sra.ebi.ac.uk:/vol1/fastq/SRR781/006/SRR7811066/SRR7811066_1.fastq.gz;fasp.sra.ebi.ac.uk:/vol1/fastq/SRR781/006/SRR7811066/SRR7811066_2.fastq.gz	ftp.sra.ebi.ac.uk/vol1/fastq/SRR781/006/SRR7811066/SRR7811066_1.fastq.gz;ftp.sra.ebi.ac.uk/vol1/fastq/SRR781/006/SRR7811066/SRR7811066_2.fastq.gz							F_NC_8		Metagenome or environmental sample from human gut metagenome		2018-09-09				GENERATED_FILE;GENERATED_FILE		
SRR7811031	PRJNA489760	SRP160417	SAMN09988758	SRS3758039	SRX4662797	SRA770179	408170	human gut metagenome	ILLUMINA	Illumina MiSeq	F_MCI_18		PAIRED	AMPLICON	METATRANSCRIPTOMIC	PCR	49658	29794800	SUB4499500	2018-09-09	2018-09-09	Illumina MiSeq sequencing: DNA-Seq of environmental metagenomes :feces metagenome	Fecal and blood microbiota of AD, MCI and normal controls	PRJNA489760	F_MCI_18	851_18_R2.fastq	4687536;6728625	d53f8e94ccf0a7c7805df5a95be63b71;b33c3e13c2bff32ec26cd5def42abc02	ftp.sra.ebi.ac.uk/vol1/fastq/SRR781/001/SRR7811031/SRR7811031_1.fastq.gz;ftp.sra.ebi.ac.uk/vol1/fastq/SRR781/001/SRR7811031/SRR7811031_2.fastq.gz	fasp.sra.ebi.ac.uk:/vol1/fastq/SRR781/001/SRR7811031/SRR7811031_1.fastq.gz;fasp.sra.ebi.ac.uk:/vol1/fastq/SRR781/001/SRR7811031/SRR7811031_2.fastq.gz	ftp.sra.ebi.ac.uk/vol1/fastq/SRR781/001/SRR7811031/SRR7811031_1.fastq.gz;ftp.sra.ebi.ac.uk/vol1/fastq/SRR781/001/SRR7811031/SRR7811031_2.fastq.gz							F_MCI_18		Metagenome or environmental sample from human gut metagenome		2018-09-09				GENERATED_FILE;GENERATED_FILE		
SRR7811067	PRJNA489760	SRP160417	SAMN09988805	SRS3758005	SRX4662761	SRA770179	408170	human gut metagenome	ILLUMINA	Illumina MiSeq	F_NC_5		PAIRED	AMPLICON	METATRANSCRIPTOMIC	PCR	47861	28812322	SUB4499500	2018-09-09	2018-09-09	Illumina MiSeq sequencing: DNA-Seq of environmental metagenomes :feces metagenome	Fecal and blood microbiota of AD, MCI and normal controls	PRJNA489760	F_NC_5	HY49_R2.fastq	6307169;8634280	0cc25d1aadabd731cc333d04bbe73534;5e5bfd555d9178364240dd3d2b88b757	ftp.sra.ebi.ac.uk/vol1/fastq/SRR781/007/SRR7811067/SRR7811067_1.fastq.gz;ftp.sra.ebi.ac.uk/vol1/fastq/SRR781/007/SRR7811067/SRR7811067_2.fastq.gz	fasp.sra.ebi.ac.uk:/vol1/fastq/SRR781/007/SRR7811067/SRR7811067_1.fastq.gz;fasp.sra.ebi.ac.uk:/vol1/fastq/SRR781/007/SRR7811067/SRR7811067_2.fastq.gz	ftp.sra.ebi.ac.uk/vol1/fastq/SRR781/007/SRR7811067/SRR7811067_1.fastq.gz;ftp.sra.ebi.ac.uk/vol1/fastq/SRR781/007/SRR7811067/SRR7811067_2.fastq.gz							F_NC_5		Metagenome or environmental sample from human gut metagenome		2018-09-09				GENERATED_FILE;GENERATED_FILE		
SRR7811034	PRJNA489760	SRP160417	SAMN09988755	SRS3758037	SRX4662794	SRA770179	408170	human gut metagenome	ILLUMINA	Illumina MiSeq	F_MCI_15		PAIRED	AMPLICON	METATRANSCRIPTOMIC	PCR	37411	22446600	SUB4499500	2018-09-09	2018-09-09	Illumina MiSeq sequencing: DNA-Seq of environmental metagenomes :feces metagenome	Fecal and blood microbiota of AD, MCI and normal controls	PRJNA489760	F_MCI_15	851_15_R1.fastq	3522938;5264287	832b1d91189543b05ba1717128534539;d8699ad09ef35558a5f874b764013a2e	ftp.sra.ebi.ac.uk/vol1/fastq/SRR781/004/SRR7811034/SRR7811034_1.fastq.gz;ftp.sra.ebi.ac.uk/vol1/fastq/SRR781/004/SRR7811034/SRR7811034_2.fastq.gz	fasp.sra.ebi.ac.uk:/vol1/fastq/SRR781/004/SRR7811034/SRR7811034_1.fastq.gz;fasp.sra.ebi.ac.uk:/vol1/fastq/SRR781/004/SRR7811034/SRR7811034_2.fastq.gz	ftp.sra.ebi.ac.uk/vol1/fastq/SRR781/004/SRR7811034/SRR7811034_1.fastq.gz;ftp.sra.ebi.ac.uk/vol1/fastq/SRR781/004/SRR7811034/SRR7811034_2.fastq.gz							F_MCI_15		Metagenome or environmental sample from human gut metagenome		2018-09-09				GENERATED_FILE;GENERATED_FILE		
SRR7811068	PRJNA489760	SRP160417	SAMN09988806	SRS3758001	SRX4662760	SRA770179	408170	human gut metagenome	ILLUMINA	Illumina MiSeq	F_NC_6		PAIRED	AMPLICON	METATRANSCRIPTOMIC	PCR	51957	31278114	SUB4499500	2018-09-09	2018-09-09	Illumina MiSeq sequencing: DNA-Seq of environmental metagenomes :feces metagenome	Fecal and blood microbiota of AD, MCI and normal controls	PRJNA489760	F_NC_6	HY50_R1.fastq	6503195;8863707	ffed909c7000eb8ee146e141bff68b65;e5fc0cbd897a972500d657072efc4b0b	ftp.sra.ebi.ac.uk/vol1/fastq/SRR781/008/SRR7811068/SRR7811068_1.fastq.gz;ftp.sra.ebi.ac.uk/vol1/fastq/SRR781/008/SRR7811068/SRR7811068_2.fastq.gz	fasp.sra.ebi.ac.uk:/vol1/fastq/SRR781/008/SRR7811068/SRR7811068_1.fastq.gz;fasp.sra.ebi.ac.uk:/vol1/fastq/SRR781/008/SRR7811068/SRR7811068_2.fastq.gz	ftp.sra.ebi.ac.uk/vol1/fastq/SRR781/008/SRR7811068/SRR7811068_1.fastq.gz;ftp.sra.ebi.ac.uk/vol1/fastq/SRR781/008/SRR7811068/SRR7811068_2.fastq.gz							F_NC_6		Metagenome or environmental sample from human gut metagenome		2018-09-09				GENERATED_FILE;GENERATED_FILE		
SRR7811064	PRJNA489760	SRP160417	SAMN09988802	SRS3758008	SRX4662764	SRA770179	408170	human gut metagenome	ILLUMINA	Illumina MiSeq	F_NC_2		PAIRED	AMPLICON	METATRANSCRIPTOMIC	PCR	47863	28813526	SUB4499500	2018-09-09	2018-09-09	Illumina MiSeq sequencing: DNA-Seq of environmental metagenomes :feces metagenome	Fecal and blood microbiota of AD, MCI and normal controls	PRJNA489760	F_NC_2	HY44_R1.fastq	6504166;8671385	cfcb84b7a958e265c85e0ad4d7dde22d;91dc64b8901848719446c0769e84de2e	ftp.sra.ebi.ac.uk/vol1/fastq/SRR781/004/SRR7811064/SRR7811064_1.fastq.gz;ftp.sra.ebi.ac.uk/vol1/fastq/SRR781/004/SRR7811064/SRR7811064_2.fastq.gz	fasp.sra.ebi.ac.uk:/vol1/fastq/SRR781/004/SRR7811064/SRR7811064_1.fastq.gz;fasp.sra.ebi.ac.uk:/vol1/fastq/SRR781/004/SRR7811064/SRR7811064_2.fastq.gz	ftp.sra.ebi.ac.uk/vol1/fastq/SRR781/004/SRR7811064/SRR7811064_1.fastq.gz;ftp.sra.ebi.ac.uk/vol1/fastq/SRR781/004/SRR7811064/SRR7811064_2.fastq.gz							F_NC_2		Metagenome or environmental sample from human gut metagenome		2018-09-09				GENERATED_FILE;GENERATED_FILE		
SRR7811070	PRJNA489760	SRP160417	SAMN09988810	SRS3758000	SRX4662758	SRA770179	408170	human gut metagenome	ILLUMINA	Illumina MiSeq	F_NC_10		PAIRED	AMPLICON	METATRANSCRIPTOMIC	PCR	48369	29118138	SUB4499500	2018-09-09	2018-09-09	Illumina MiSeq sequencing: DNA-Seq of environmental metagenomes :feces metagenome	Fecal and blood microbiota of AD, MCI and normal controls	PRJNA489760	F_NC_10	HY55_R1.fastq	6042524;8207178	1e4b864c77a1ba6b072f24a659fb749a;d5c59082df14662fe58aac27acda1d43	ftp.sra.ebi.ac.uk/vol1/fastq/SRR781/000/SRR7811070/SRR7811070_1.fastq.gz;ftp.sra.ebi.ac.uk/vol1/fastq/SRR781/000/SRR7811070/SRR7811070_2.fastq.gz	fasp.sra.ebi.ac.uk:/vol1/fastq/SRR781/000/SRR7811070/SRR7811070_1.fastq.gz;fasp.sra.ebi.ac.uk:/vol1/fastq/SRR781/000/SRR7811070/SRR7811070_2.fastq.gz	ftp.sra.ebi.ac.uk/vol1/fastq/SRR781/000/SRR7811070/SRR7811070_1.fastq.gz;ftp.sra.ebi.ac.uk/vol1/fastq/SRR781/000/SRR7811070/SRR7811070_2.fastq.gz							F_NC_10		Metagenome or environmental sample from human gut metagenome		2018-09-09				GENERATED_FILE;GENERATED_FILE		
SRR7811035	PRJNA489760	SRP160417	SAMN09988754	SRS3758035	SRX4662793	SRA770179	408170	human gut metagenome	ILLUMINA	Illumina MiSeq	F_MCI_14		PAIRED	AMPLICON	METATRANSCRIPTOMIC	PCR	45432	27259200	SUB4499500	2018-09-09	2018-09-09	Illumina MiSeq sequencing: DNA-Seq of environmental metagenomes :feces metagenome	Fecal and blood microbiota of AD, MCI and normal controls	PRJNA489760	F_MCI_14	851_14_R1.fastq	4437559;6565644	582ad402a93f5482fa8c8640668030ab;8873be58e74465cf8a9355b9eeb68c40	ftp.sra.ebi.ac.uk/vol1/fastq/SRR781/005/SRR7811035/SRR7811035_1.fastq.gz;ftp.sra.ebi.ac.uk/vol1/fastq/SRR781/005/SRR7811035/SRR7811035_2.fastq.gz	fasp.sra.ebi.ac.uk:/vol1/fastq/SRR781/005/SRR7811035/SRR7811035_1.fastq.gz;fasp.sra.ebi.ac.uk:/vol1/fastq/SRR781/005/SRR7811035/SRR7811035_2.fastq.gz	ftp.sra.ebi.ac.uk/vol1/fastq/SRR781/005/SRR7811035/SRR7811035_1.fastq.gz;ftp.sra.ebi.ac.uk/vol1/fastq/SRR781/005/SRR7811035/SRR7811035_2.fastq.gz							F_MCI_14		Metagenome or environmental sample from human gut metagenome		2018-09-09				GENERATED_FILE;GENERATED_FILE		
SRR7811071	PRJNA489760	SRP160417	SAMN09988883	SRS3757999	SRX4662757	SRA770179	1504969	human blood metagenome	ILLUMINA	Illumina MiSeq	B_AD_23		PAIRED	AMPLICON	METATRANSCRIPTOMIC	PCR	39840	23904000	SUB4499500	2018-09-09	2018-09-09	Illumina MiSeq sequencing: DNA-Seq of environmental metagenomes :blood metagenome	Fecal and blood microbiota of AD, MCI and normal controls	PRJNA489760	B_AD_23	851_113_R1.fastq	3650332;5447298	6e62550e10166eb6e33b6fd48ecfad59;1f8962762e40a5f171f5f5db7538f118	ftp.sra.ebi.ac.uk/vol1/fastq/SRR781/001/SRR7811071/SRR7811071_1.fastq.gz;ftp.sra.ebi.ac.uk/vol1/fastq/SRR781/001/SRR7811071/SRR7811071_2.fastq.gz	fasp.sra.ebi.ac.uk:/vol1/fastq/SRR781/001/SRR7811071/SRR7811071_1.fastq.gz;fasp.sra.ebi.ac.uk:/vol1/fastq/SRR781/001/SRR7811071/SRR7811071_2.fastq.gz	ftp.sra.ebi.ac.uk/vol1/fastq/SRR781/001/SRR7811071/SRR7811071_1.fastq.gz;ftp.sra.ebi.ac.uk/vol1/fastq/SRR781/001/SRR7811071/SRR7811071_2.fastq.gz							B_AD_23		Metagenome or environmental sample from human blood metagenome		2018-09-09				GENERATED_FILE;GENERATED_FILE		
SRR7811069	PRJNA489760	SRP160417	SAMN09988809	SRS3758002	SRX4662759	SRA770179	408170	human gut metagenome	ILLUMINA	Illumina MiSeq	F_NC_9		PAIRED	AMPLICON	METATRANSCRIPTOMIC	PCR	52273	31468346	SUB4499500	2018-09-09	2018-09-09	Illumina MiSeq sequencing: DNA-Seq of environmental metagenomes :feces metagenome	Fecal and blood microbiota of AD, MCI and normal controls	PRJNA489760	F_NC_9	HY54_R2.fastq	6794171;9175055	e992c62ff5da21d5678df59c639af63c;aaa1c03e958db2b5f9afd8237541bddb	ftp.sra.ebi.ac.uk/vol1/fastq/SRR781/009/SRR7811069/SRR7811069_1.fastq.gz;ftp.sra.ebi.ac.uk/vol1/fastq/SRR781/009/SRR7811069/SRR7811069_2.fastq.gz	fasp.sra.ebi.ac.uk:/vol1/fastq/SRR781/009/SRR7811069/SRR7811069_1.fastq.gz;fasp.sra.ebi.ac.uk:/vol1/fastq/SRR781/009/SRR7811069/SRR7811069_2.fastq.gz	ftp.sra.ebi.ac.uk/vol1/fastq/SRR781/009/SRR7811069/SRR7811069_1.fastq.gz;ftp.sra.ebi.ac.uk/vol1/fastq/SRR781/009/SRR7811069/SRR7811069_2.fastq.gz							F_NC_9		Metagenome or environmental sample from human gut metagenome		2018-09-09				GENERATED_FILE;GENERATED_FILE		
SRR7811075	PRJNA489760	SRP160417	SAMN09988887	SRS3757995	SRX4662753	SRA770179	1504969	human blood metagenome	ILLUMINA	Illumina MiSeq	B_AD_27		PAIRED	AMPLICON	METATRANSCRIPTOMIC	PCR	28334	17000400	SUB4499500	2018-09-09	2018-09-09	Illumina MiSeq sequencing: DNA-Seq of environmental metagenomes :blood metagenome	Fecal and blood microbiota of AD, MCI and normal controls	PRJNA489760	B_AD_27	851_117_R2.fastq	2517440;3785566	2513673f01eca8b99ac9e08a03422229;e4a080161922d61e60872674d1e85e65	ftp.sra.ebi.ac.uk/vol1/fastq/SRR781/005/SRR7811075/SRR7811075_1.fastq.gz;ftp.sra.ebi.ac.uk/vol1/fastq/SRR781/005/SRR7811075/SRR7811075_2.fastq.gz	fasp.sra.ebi.ac.uk:/vol1/fastq/SRR781/005/SRR7811075/SRR7811075_1.fastq.gz;fasp.sra.ebi.ac.uk:/vol1/fastq/SRR781/005/SRR7811075/SRR7811075_2.fastq.gz	ftp.sra.ebi.ac.uk/vol1/fastq/SRR781/005/SRR7811075/SRR7811075_1.fastq.gz;ftp.sra.ebi.ac.uk/vol1/fastq/SRR781/005/SRR7811075/SRR7811075_2.fastq.gz							B_AD_27		Metagenome or environmental sample from human blood metagenome		2018-09-09				GENERATED_FILE;GENERATED_FILE		
SRR7811036	PRJNA489760	SRP160417	SAMN09988753	SRS3758034	SRX4662792	SRA770179	408170	human gut metagenome	ILLUMINA	Illumina MiSeq	F_MCI_13		PAIRED	AMPLICON	METATRANSCRIPTOMIC	PCR	49485	29691000	SUB4499500	2018-09-09	2018-09-09	Illumina MiSeq sequencing: DNA-Seq of environmental metagenomes :feces metagenome	Fecal and blood microbiota of AD, MCI and normal controls	PRJNA489760	F_MCI_13	851_13_R2.fastq	4749169;7074301	b9a1567bac467bb146fd85e70ab1275e;aebb7914a0805444499bfb771c6f998f	ftp.sra.ebi.ac.uk/vol1/fastq/SRR781/006/SRR7811036/SRR7811036_1.fastq.gz;ftp.sra.ebi.ac.uk/vol1/fastq/SRR781/006/SRR7811036/SRR7811036_2.fastq.gz	fasp.sra.ebi.ac.uk:/vol1/fastq/SRR781/006/SRR7811036/SRR7811036_1.fastq.gz;fasp.sra.ebi.ac.uk:/vol1/fastq/SRR781/006/SRR7811036/SRR7811036_2.fastq.gz	ftp.sra.ebi.ac.uk/vol1/fastq/SRR781/006/SRR7811036/SRR7811036_1.fastq.gz;ftp.sra.ebi.ac.uk/vol1/fastq/SRR781/006/SRR7811036/SRR7811036_2.fastq.gz							F_MCI_13		Metagenome or environmental sample from human gut metagenome		2018-09-09				GENERATED_FILE;GENERATED_FILE		
SRR7811072	PRJNA489760	SRP160417	SAMN09988884	SRS3757998	SRX4662756	SRA770179	1504969	human blood metagenome	ILLUMINA	Illumina MiSeq	B_AD_24		PAIRED	AMPLICON	METATRANSCRIPTOMIC	PCR	35063	21037800	SUB4499500	2018-09-09	2018-09-09	Illumina MiSeq sequencing: DNA-Seq of environmental metagenomes :blood metagenome	Fecal and blood microbiota of AD, MCI and normal controls	PRJNA489760	B_AD_24	851_114_R1.fastq	3148060;4901060	27b3d4b89b693fb20d50f5bd640cec8e;62fd08379cbdca46f139500cf0f48274	ftp.sra.ebi.ac.uk/vol1/fastq/SRR781/002/SRR7811072/SRR7811072_1.fastq.gz;ftp.sra.ebi.ac.uk/vol1/fastq/SRR781/002/SRR7811072/SRR7811072_2.fastq.gz	fasp.sra.ebi.ac.uk:/vol1/fastq/SRR781/002/SRR7811072/SRR7811072_1.fastq.gz;fasp.sra.ebi.ac.uk:/vol1/fastq/SRR781/002/SRR7811072/SRR7811072_2.fastq.gz	ftp.sra.ebi.ac.uk/vol1/fastq/SRR781/002/SRR7811072/SRR7811072_1.fastq.gz;ftp.sra.ebi.ac.uk/vol1/fastq/SRR781/002/SRR7811072/SRR7811072_2.fastq.gz							B_AD_24		Metagenome or environmental sample from human blood metagenome		2018-09-09				GENERATED_FILE;GENERATED_FILE		
SRR7811079	PRJNA489760	SRP160417	SAMN09988821	SRS3757991	SRX4662749	SRA770179	408170	human gut metagenome	ILLUMINA	Illumina MiSeq	F_NC_21		PAIRED	AMPLICON	METATRANSCRIPTOMIC	PCR	50006	30103612	SUB4499500	2018-09-09	2018-09-09	Illumina MiSeq sequencing: DNA-Seq of environmental metagenomes :feces metagenome	Fecal and blood microbiota of AD, MCI and normal controls	PRJNA489760	F_NC_21	HY68_R1.fastq	6639312;8916774	84c63c2be15b1518c53da41835bfc87f;d93bcbf5ef57f0b0996650379dce702c	ftp.sra.ebi.ac.uk/vol1/fastq/SRR781/009/SRR7811079/SRR7811079_1.fastq.gz;ftp.sra.ebi.ac.uk/vol1/fastq/SRR781/009/SRR7811079/SRR7811079_2.fastq.gz	fasp.sra.ebi.ac.uk:/vol1/fastq/SRR781/009/SRR7811079/SRR7811079_1.fastq.gz;fasp.sra.ebi.ac.uk:/vol1/fastq/SRR781/009/SRR7811079/SRR7811079_2.fastq.gz	ftp.sra.ebi.ac.uk/vol1/fastq/SRR781/009/SRR7811079/SRR7811079_1.fastq.gz;ftp.sra.ebi.ac.uk/vol1/fastq/SRR781/009/SRR7811079/SRR7811079_2.fastq.gz							F_NC_21		Metagenome or environmental sample from human gut metagenome		2018-09-09				GENERATED_FILE;GENERATED_FILE		
SRR7811073	PRJNA489760	SRP160417	SAMN09988881	SRS3757997	SRX4662755	SRA770179	1504969	human blood metagenome	ILLUMINA	Illumina MiSeq	B_AD_21		PAIRED	AMPLICON	METATRANSCRIPTOMIC	PCR	24969	14981400	SUB4499500	2018-09-09	2018-09-09	Illumina MiSeq sequencing: DNA-Seq of environmental metagenomes :blood metagenome	Fecal and blood microbiota of AD, MCI and normal controls	PRJNA489760	B_AD_21	851_111_R2.fastq	2319108;3429209	66849be176f902e5dfb238268984d593;2484b5daf5a3d0b5d95e937812942057	ftp.sra.ebi.ac.uk/vol1/fastq/SRR781/003/SRR7811073/SRR7811073_1.fastq.gz;ftp.sra.ebi.ac.uk/vol1/fastq/SRR781/003/SRR7811073/SRR7811073_2.fastq.gz	fasp.sra.ebi.ac.uk:/vol1/fastq/SRR781/003/SRR7811073/SRR7811073_1.fastq.gz;fasp.sra.ebi.ac.uk:/vol1/fastq/SRR781/003/SRR7811073/SRR7811073_2.fastq.gz	ftp.sra.ebi.ac.uk/vol1/fastq/SRR781/003/SRR7811073/SRR7811073_1.fastq.gz;ftp.sra.ebi.ac.uk/vol1/fastq/SRR781/003/SRR7811073/SRR7811073_2.fastq.gz							B_AD_21		Metagenome or environmental sample from human blood metagenome		2018-09-09				GENERATED_FILE;GENERATED_FILE		
SRR7811042	PRJNA489760	SRP160417	SAMN09988918	SRS3758028	SRX4662786	SRA770179	1504969	human blood metagenome	ILLUMINA	Illumina MiSeq	B_NC_28		PAIRED	AMPLICON	METATRANSCRIPTOMIC	PCR	38857	23391914	SUB4499500	2018-09-09	2018-09-09	Illumina MiSeq sequencing: DNA-Seq of environmental metagenomes :blood metagenome	Fecal and blood microbiota of AD, MCI and normal controls	PRJNA489760	B_NC_28	HY158_R1.fastq	4600622;6644164	7ab3fc9a0705a21bddf259d595fc3315;050f10eb911cc895753f3f8cc1fb463c	ftp.sra.ebi.ac.uk/vol1/fastq/SRR781/002/SRR7811042/SRR7811042_1.fastq.gz;ftp.sra.ebi.ac.uk/vol1/fastq/SRR781/002/SRR7811042/SRR7811042_2.fastq.gz	fasp.sra.ebi.ac.uk:/vol1/fastq/SRR781/002/SRR7811042/SRR7811042_1.fastq.gz;fasp.sra.ebi.ac.uk:/vol1/fastq/SRR781/002/SRR7811042/SRR7811042_2.fastq.gz	ftp.sra.ebi.ac.uk/vol1/fastq/SRR781/002/SRR7811042/SRR7811042_1.fastq.gz;ftp.sra.ebi.ac.uk/vol1/fastq/SRR781/002/SRR7811042/SRR7811042_2.fastq.gz							B_NC_28		Metagenome or environmental sample from human blood metagenome		2018-09-09				GENERATED_FILE;GENERATED_FILE		
SRR7811080	PRJNA489760	SRP160417	SAMN09988749	SRS3757990	SRX4662748	SRA770179	408170	human gut metagenome	ILLUMINA	Illumina MiSeq	F_MCI_9		PAIRED	AMPLICON	METATRANSCRIPTOMIC	PCR	48901	29340600	SUB4499500	2018-09-09	2018-09-09	Illumina MiSeq sequencing: DNA-Seq of environmental metagenomes :feces metagenome	Fecal and blood microbiota of AD, MCI and normal controls	PRJNA489760	F_MCI_9	851_9_R2.fastq	5084905;7043127	1adc5bac989970417eb46d642bdb61b4;cfdc561816e5448e0a23323e927cf64b	ftp.sra.ebi.ac.uk/vol1/fastq/SRR781/000/SRR7811080/SRR7811080_1.fastq.gz;ftp.sra.ebi.ac.uk/vol1/fastq/SRR781/000/SRR7811080/SRR7811080_2.fastq.gz	fasp.sra.ebi.ac.uk:/vol1/fastq/SRR781/000/SRR7811080/SRR7811080_1.fastq.gz;fasp.sra.ebi.ac.uk:/vol1/fastq/SRR781/000/SRR7811080/SRR7811080_2.fastq.gz	ftp.sra.ebi.ac.uk/vol1/fastq/SRR781/000/SRR7811080/SRR7811080_1.fastq.gz;ftp.sra.ebi.ac.uk/vol1/fastq/SRR781/000/SRR7811080/SRR7811080_2.fastq.gz							F_MCI_9		Metagenome or environmental sample from human gut metagenome		2018-09-09				GENERATED_FILE;GENERATED_FILE		
SRR7811076	PRJNA489760	SRP160417	SAMN09988888	SRS3757992	SRX4662752	SRA770179	1504969	human blood metagenome	ILLUMINA	Illumina MiSeq	B_AD_28		PAIRED	AMPLICON	METATRANSCRIPTOMIC	PCR	30063	18037800	SUB4499500	2018-09-09	2018-09-09	Illumina MiSeq sequencing: DNA-Seq of environmental metagenomes :blood metagenome	Fecal and blood microbiota of AD, MCI and normal controls	PRJNA489760	B_AD_28	851_118_R2.fastq	2875623;4193893	5571b428bee92ed788452bfa179649c8;5846cd3f0e4187df5c80ece8bd4bbfcf	ftp.sra.ebi.ac.uk/vol1/fastq/SRR781/006/SRR7811076/SRR7811076_1.fastq.gz;ftp.sra.ebi.ac.uk/vol1/fastq/SRR781/006/SRR7811076/SRR7811076_2.fastq.gz	fasp.sra.ebi.ac.uk:/vol1/fastq/SRR781/006/SRR7811076/SRR7811076_1.fastq.gz;fasp.sra.ebi.ac.uk:/vol1/fastq/SRR781/006/SRR7811076/SRR7811076_2.fastq.gz	ftp.sra.ebi.ac.uk/vol1/fastq/SRR781/006/SRR7811076/SRR7811076_1.fastq.gz;ftp.sra.ebi.ac.uk/vol1/fastq/SRR781/006/SRR7811076/SRR7811076_2.fastq.gz							B_AD_28		Metagenome or environmental sample from human blood metagenome		2018-09-09				GENERATED_FILE;GENERATED_FILE		
SRR7811082	PRJNA489760	SRP160417	SAMN09988890	SRS3757987	SRX4662746	SRA770179	1504969	human blood metagenome	ILLUMINA	Illumina MiSeq	B_AD_30		PAIRED	AMPLICON	METATRANSCRIPTOMIC	PCR	33158	19894800	SUB4499500	2018-09-09	2018-09-09	Illumina MiSeq sequencing: DNA-Seq of environmental metagenomes :blood metagenome	Fecal and blood microbiota of AD, MCI and normal controls	PRJNA489760	B_AD_30	851_120_R2.fastq	3011823;4393171	d7651637e9d760a5753bb06d0321dc3e;d6f6b8b6979a223316cb4637d5b631fd	ftp.sra.ebi.ac.uk/vol1/fastq/SRR781/002/SRR7811082/SRR7811082_1.fastq.gz;ftp.sra.ebi.ac.uk/vol1/fastq/SRR781/002/SRR7811082/SRR7811082_2.fastq.gz	fasp.sra.ebi.ac.uk:/vol1/fastq/SRR781/002/SRR7811082/SRR7811082_1.fastq.gz;fasp.sra.ebi.ac.uk:/vol1/fastq/SRR781/002/SRR7811082/SRR7811082_2.fastq.gz	ftp.sra.ebi.ac.uk/vol1/fastq/SRR781/002/SRR7811082/SRR7811082_1.fastq.gz;ftp.sra.ebi.ac.uk/vol1/fastq/SRR781/002/SRR7811082/SRR7811082_2.fastq.gz							B_AD_30		Metagenome or environmental sample from human blood metagenome		2018-09-09				GENERATED_FILE;GENERATED_FILE		
SRR7811043	PRJNA489760	SRP160417	SAMN09988917	SRS3758027	SRX4662785	SRA770179	1504969	human blood metagenome	ILLUMINA	Illumina MiSeq	B_NC_27		PAIRED	AMPLICON	METATRANSCRIPTOMIC	PCR	47912	28843024	SUB4499500	2018-09-09	2018-09-09	Illumina MiSeq sequencing: DNA-Seq of environmental metagenomes :blood metagenome	Fecal and blood microbiota of AD, MCI and normal controls	PRJNA489760	B_NC_27	HY157_R2.fastq	5896169;8525818	dfc50a58aa880e4f68f5ec08223f9263;7f49afac58204348622e4c144380121b	ftp.sra.ebi.ac.uk/vol1/fastq/SRR781/003/SRR7811043/SRR7811043_1.fastq.gz;ftp.sra.ebi.ac.uk/vol1/fastq/SRR781/003/SRR7811043/SRR7811043_2.fastq.gz	fasp.sra.ebi.ac.uk:/vol1/fastq/SRR781/003/SRR7811043/SRR7811043_1.fastq.gz;fasp.sra.ebi.ac.uk:/vol1/fastq/SRR781/003/SRR7811043/SRR7811043_2.fastq.gz	ftp.sra.ebi.ac.uk/vol1/fastq/SRR781/003/SRR7811043/SRR7811043_1.fastq.gz;ftp.sra.ebi.ac.uk/vol1/fastq/SRR781/003/SRR7811043/SRR7811043_2.fastq.gz							B_NC_27		Metagenome or environmental sample from human blood metagenome		2018-09-09				GENERATED_FILE;GENERATED_FILE		
SRR7811081	PRJNA489760	SRP160417	SAMN09988889	SRS3757989	SRX4662747	SRA770179	1504969	human blood metagenome	ILLUMINA	Illumina MiSeq	B_AD_29		PAIRED	AMPLICON	METATRANSCRIPTOMIC	PCR	31446	18867600	SUB4499500	2018-09-09	2018-09-09	Illumina MiSeq sequencing: DNA-Seq of environmental metagenomes :blood metagenome	Fecal and blood microbiota of AD, MCI and normal controls	PRJNA489760	B_AD_29	851_119_R2.fastq	2862755;4249115	8c77de30ce858ff1733e4795b52c7514;c96cb25f6f8a5ef68515b3ed58393705	ftp.sra.ebi.ac.uk/vol1/fastq/SRR781/001/SRR7811081/SRR7811081_1.fastq.gz;ftp.sra.ebi.ac.uk/vol1/fastq/SRR781/001/SRR7811081/SRR7811081_2.fastq.gz	fasp.sra.ebi.ac.uk:/vol1/fastq/SRR781/001/SRR7811081/SRR7811081_1.fastq.gz;fasp.sra.ebi.ac.uk:/vol1/fastq/SRR781/001/SRR7811081/SRR7811081_2.fastq.gz	ftp.sra.ebi.ac.uk/vol1/fastq/SRR781/001/SRR7811081/SRR7811081_1.fastq.gz;ftp.sra.ebi.ac.uk/vol1/fastq/SRR781/001/SRR7811081/SRR7811081_2.fastq.gz							B_AD_29		Metagenome or environmental sample from human blood metagenome		2018-09-09				GENERATED_FILE;GENERATED_FILE		
SRR7811087	PRJNA489760	SRP160417	SAMN09988892	SRS3757984	SRX4662741	SRA770179	1504969	human blood metagenome	ILLUMINA	Illumina MiSeq	B_NC_2		PAIRED	AMPLICON	METATRANSCRIPTOMIC	PCR	46991	28288582	SUB4499500	2018-09-09	2018-09-09	Illumina MiSeq sequencing: DNA-Seq of environmental metagenomes :blood metagenome	Fecal and blood microbiota of AD, MCI and normal controls	PRJNA489760	B_NC_2	HY124_R1.fastq	5828369;8357759	d9222194c7cd5990435a2b91a6bf4d9f;6483f802c1cc82b41109ec36e48db7cc	ftp.sra.ebi.ac.uk/vol1/fastq/SRR781/007/SRR7811087/SRR7811087_1.fastq.gz;ftp.sra.ebi.ac.uk/vol1/fastq/SRR781/007/SRR7811087/SRR7811087_2.fastq.gz	fasp.sra.ebi.ac.uk:/vol1/fastq/SRR781/007/SRR7811087/SRR7811087_1.fastq.gz;fasp.sra.ebi.ac.uk:/vol1/fastq/SRR781/007/SRR7811087/SRR7811087_2.fastq.gz	ftp.sra.ebi.ac.uk/vol1/fastq/SRR781/007/SRR7811087/SRR7811087_1.fastq.gz;ftp.sra.ebi.ac.uk/vol1/fastq/SRR781/007/SRR7811087/SRR7811087_2.fastq.gz							B_NC_2		Metagenome or environmental sample from human blood metagenome		2018-09-09				GENERATED_FILE;GENERATED_FILE		
SRR7811045	PRJNA489760	SRP160417	SAMN09988915	SRS3758025	SRX4662783	SRA770179	1504969	human blood metagenome	ILLUMINA	Illumina MiSeq	B_NC_25		PAIRED	AMPLICON	METATRANSCRIPTOMIC	PCR	44842	26994884	SUB4499500	2018-09-09	2018-09-09	Illumina MiSeq sequencing: DNA-Seq of environmental metagenomes :blood metagenome	Fecal and blood microbiota of AD, MCI and normal controls	PRJNA489760	B_NC_25	HY155_R2.fastq	5579866;8123245	a668450eb188ae5dae17938f694977bf;e006633699d581456989286d2c665dd9	ftp.sra.ebi.ac.uk/vol1/fastq/SRR781/005/SRR7811045/SRR7811045_1.fastq.gz;ftp.sra.ebi.ac.uk/vol1/fastq/SRR781/005/SRR7811045/SRR7811045_2.fastq.gz	fasp.sra.ebi.ac.uk:/vol1/fastq/SRR781/005/SRR7811045/SRR7811045_1.fastq.gz;fasp.sra.ebi.ac.uk:/vol1/fastq/SRR781/005/SRR7811045/SRR7811045_2.fastq.gz	ftp.sra.ebi.ac.uk/vol1/fastq/SRR781/005/SRR7811045/SRR7811045_1.fastq.gz;ftp.sra.ebi.ac.uk/vol1/fastq/SRR781/005/SRR7811045/SRR7811045_2.fastq.gz							B_NC_25		Metagenome or environmental sample from human blood metagenome		2018-09-09				GENERATED_FILE;GENERATED_FILE		
SRR7811083	PRJNA489760	SRP160417	SAMN09988825	SRS3757986	SRX4662745	SRA770179	408170	human gut metagenome	ILLUMINA	Illumina MiSeq	F_NC_25		PAIRED	AMPLICON	METATRANSCRIPTOMIC	PCR	40612	24448424	SUB4499500	2018-09-09	2018-09-09	Illumina MiSeq sequencing: DNA-Seq of environmental metagenomes :feces metagenome	Fecal and blood microbiota of AD, MCI and normal controls	PRJNA489760	F_NC_25	HY75_R1.fastq	5283748;7154607	74213388e4a65bef59dce616ef8510f6;b0441b033b927bed9e6b3314d25b15df	ftp.sra.ebi.ac.uk/vol1/fastq/SRR781/003/SRR7811083/SRR7811083_1.fastq.gz;ftp.sra.ebi.ac.uk/vol1/fastq/SRR781/003/SRR7811083/SRR7811083_2.fastq.gz	fasp.sra.ebi.ac.uk:/vol1/fastq/SRR781/003/SRR7811083/SRR7811083_1.fastq.gz;fasp.sra.ebi.ac.uk:/vol1/fastq/SRR781/003/SRR7811083/SRR7811083_2.fastq.gz	ftp.sra.ebi.ac.uk/vol1/fastq/SRR781/003/SRR7811083/SRR7811083_1.fastq.gz;ftp.sra.ebi.ac.uk/vol1/fastq/SRR781/003/SRR7811083/SRR7811083_2.fastq.gz							F_NC_25		Metagenome or environmental sample from human gut metagenome		2018-09-09				GENERATED_FILE;GENERATED_FILE		
SRR7811093	PRJNA489760	SRP160417	SAMN09988898	SRS3757977	SRX4662735	SRA770179	1504969	human blood metagenome	ILLUMINA	Illumina MiSeq	B_NC_8		PAIRED	AMPLICON	METATRANSCRIPTOMIC	PCR	43233	26026266	SUB4499500	2018-09-09	2018-09-09	Illumina MiSeq sequencing: DNA-Seq of environmental metagenomes :blood metagenome	Fecal and blood microbiota of AD, MCI and normal controls	PRJNA489760	B_NC_8	HY132_R2.fastq	5131749;7702495	d799e7343358e84bba07763a1cddc98d;c8eccfe141ccbd7c0ed6decea68aaff9	ftp.sra.ebi.ac.uk/vol1/fastq/SRR781/003/SRR7811093/SRR7811093_1.fastq.gz;ftp.sra.ebi.ac.uk/vol1/fastq/SRR781/003/SRR7811093/SRR7811093_2.fastq.gz	fasp.sra.ebi.ac.uk:/vol1/fastq/SRR781/003/SRR7811093/SRR7811093_1.fastq.gz;fasp.sra.ebi.ac.uk:/vol1/fastq/SRR781/003/SRR7811093/SRR7811093_2.fastq.gz	ftp.sra.ebi.ac.uk/vol1/fastq/SRR781/003/SRR7811093/SRR7811093_1.fastq.gz;ftp.sra.ebi.ac.uk/vol1/fastq/SRR781/003/SRR7811093/SRR7811093_2.fastq.gz							B_NC_8		Metagenome or environmental sample from human blood metagenome		2018-09-09				GENERATED_FILE;GENERATED_FILE		
SRR7811084	PRJNA489760	SRP160417	SAMN09988826	SRS3757985	SRX4662744	SRA770179	408170	human gut metagenome	ILLUMINA	Illumina MiSeq	F_NC_26		PAIRED	AMPLICON	METATRANSCRIPTOMIC	PCR	50307	30284814	SUB4499500	2018-09-09	2018-09-09	Illumina MiSeq sequencing: DNA-Seq of environmental metagenomes :feces metagenome	Fecal and blood microbiota of AD, MCI and normal controls	PRJNA489760	F_NC_26	HY76_R1.fastq	6632389;8947551	0bb07414ebd1a713937c2feb68545f05;100df92d24260a3ba45ed7af216d98ff	ftp.sra.ebi.ac.uk/vol1/fastq/SRR781/004/SRR7811084/SRR7811084_1.fastq.gz;ftp.sra.ebi.ac.uk/vol1/fastq/SRR781/004/SRR7811084/SRR7811084_2.fastq.gz	fasp.sra.ebi.ac.uk:/vol1/fastq/SRR781/004/SRR7811084/SRR7811084_1.fastq.gz;fasp.sra.ebi.ac.uk:/vol1/fastq/SRR781/004/SRR7811084/SRR7811084_2.fastq.gz	ftp.sra.ebi.ac.uk/vol1/fastq/SRR781/004/SRR7811084/SRR7811084_1.fastq.gz;ftp.sra.ebi.ac.uk/vol1/fastq/SRR781/004/SRR7811084/SRR7811084_2.fastq.gz							F_NC_26		Metagenome or environmental sample from human gut metagenome		2018-09-09				GENERATED_FILE;GENERATED_FILE		
SRR7811055	PRJNA489760	SRP160417	SAMN09988833	SRS3758015	SRX4662773	SRA770179	1504969	human blood metagenome	ILLUMINA	Illumina MiSeq	B_MCI_3		PAIRED	AMPLICON	METATRANSCRIPTOMIC	PCR	45792	27475200	SUB4499500	2018-09-09	2018-09-09	Illumina MiSeq sequencing: DNA-Seq of environmental metagenomes :blood metagenome	Fecal and blood microbiota of AD, MCI and normal controls	PRJNA489760	B_MCI_3	851_63_R2.fastq	4352146;6539149	226c7e7733bd06951ba289a83bcf5178;bca670f217955934e1184520799cad24	ftp.sra.ebi.ac.uk/vol1/fastq/SRR781/005/SRR7811055/SRR7811055_1.fastq.gz;ftp.sra.ebi.ac.uk/vol1/fastq/SRR781/005/SRR7811055/SRR7811055_2.fastq.gz	fasp.sra.ebi.ac.uk:/vol1/fastq/SRR781/005/SRR7811055/SRR7811055_1.fastq.gz;fasp.sra.ebi.ac.uk:/vol1/fastq/SRR781/005/SRR7811055/SRR7811055_2.fastq.gz	ftp.sra.ebi.ac.uk/vol1/fastq/SRR781/005/SRR7811055/SRR7811055_1.fastq.gz;ftp.sra.ebi.ac.uk/vol1/fastq/SRR781/005/SRR7811055/SRR7811055_2.fastq.gz							B_MCI_3		Metagenome or environmental sample from human blood metagenome		2018-09-09				GENERATED_FILE;GENERATED_FILE		
SRR7811094	PRJNA489760	SRP160417	SAMN09988897	SRS3757976	SRX4662734	SRA770179	1504969	human blood metagenome	ILLUMINA	Illumina MiSeq	B_NC_7		PAIRED	AMPLICON	METATRANSCRIPTOMIC	PCR	39485	23769970	SUB4499500	2018-09-09	2018-09-09	Illumina MiSeq sequencing: DNA-Seq of environmental metagenomes :blood metagenome	Fecal and blood microbiota of AD, MCI and normal controls	PRJNA489760	B_NC_7	HY131_R2.fastq	4780132;6994966	c83f0bd60d19b8a3e96bca3027572e61;f50e8fa466c729e0a4685163a8a2c0c3	ftp.sra.ebi.ac.uk/vol1/fastq/SRR781/004/SRR7811094/SRR7811094_1.fastq.gz;ftp.sra.ebi.ac.uk/vol1/fastq/SRR781/004/SRR7811094/SRR7811094_2.fastq.gz	fasp.sra.ebi.ac.uk:/vol1/fastq/SRR781/004/SRR7811094/SRR7811094_1.fastq.gz;fasp.sra.ebi.ac.uk:/vol1/fastq/SRR781/004/SRR7811094/SRR7811094_2.fastq.gz	ftp.sra.ebi.ac.uk/vol1/fastq/SRR781/004/SRR7811094/SRR7811094_1.fastq.gz;ftp.sra.ebi.ac.uk/vol1/fastq/SRR781/004/SRR7811094/SRR7811094_2.fastq.gz							B_NC_7		Metagenome or environmental sample from human blood metagenome		2018-09-09				GENERATED_FILE;GENERATED_FILE		
SRR7811086	PRJNA489760	SRP160417	SAMN09988828	SRS3757983	SRX4662742	SRA770179	408170	human gut metagenome	ILLUMINA	Illumina MiSeq	F_NC_28		PAIRED	AMPLICON	METATRANSCRIPTOMIC	PCR	48937	29460074	SUB4499500	2018-09-09	2018-09-09	Illumina MiSeq sequencing: DNA-Seq of environmental metagenomes :feces metagenome	Fecal and blood microbiota of AD, MCI and normal controls	PRJNA489760	F_NC_28	HY78_R2.fastq	6379878;8478259	7cd29aa967c006c74f2edd5608578e02;7193c8ebd9d0ea3434af2f3517481f28	ftp.sra.ebi.ac.uk/vol1/fastq/SRR781/006/SRR7811086/SRR7811086_1.fastq.gz;ftp.sra.ebi.ac.uk/vol1/fastq/SRR781/006/SRR7811086/SRR7811086_2.fastq.gz	fasp.sra.ebi.ac.uk:/vol1/fastq/SRR781/006/SRR7811086/SRR7811086_1.fastq.gz;fasp.sra.ebi.ac.uk:/vol1/fastq/SRR781/006/SRR7811086/SRR7811086_2.fastq.gz	ftp.sra.ebi.ac.uk/vol1/fastq/SRR781/006/SRR7811086/SRR7811086_1.fastq.gz;ftp.sra.ebi.ac.uk/vol1/fastq/SRR781/006/SRR7811086/SRR7811086_2.fastq.gz							F_NC_28		Metagenome or environmental sample from human gut metagenome		2018-09-09				GENERATED_FILE;GENERATED_FILE		
SRR7811097	PRJNA489760	SRP160417	SAMN09988829	SRS3757973	SRX4662731	SRA770179	408170	human gut metagenome	ILLUMINA	Illumina MiSeq	F_NC_29		PAIRED	AMPLICON	METATRANSCRIPTOMIC	PCR	38996	23475592	SUB4499500	2018-09-09	2018-09-09	Illumina MiSeq sequencing: DNA-Seq of environmental metagenomes :feces metagenome	Fecal and blood microbiota of AD, MCI and normal controls	PRJNA489760	F_NC_29	HY79_R2.fastq	5240326;6990585	b3ec2be3916d68fb610be67b4d5da97d;5fca394dac5dbcdf17e294435f5dc8ef	ftp.sra.ebi.ac.uk/vol1/fastq/SRR781/007/SRR7811097/SRR7811097_1.fastq.gz;ftp.sra.ebi.ac.uk/vol1/fastq/SRR781/007/SRR7811097/SRR7811097_2.fastq.gz	fasp.sra.ebi.ac.uk:/vol1/fastq/SRR781/007/SRR7811097/SRR7811097_1.fastq.gz;fasp.sra.ebi.ac.uk:/vol1/fastq/SRR781/007/SRR7811097/SRR7811097_2.fastq.gz	ftp.sra.ebi.ac.uk/vol1/fastq/SRR781/007/SRR7811097/SRR7811097_1.fastq.gz;ftp.sra.ebi.ac.uk/vol1/fastq/SRR781/007/SRR7811097/SRR7811097_2.fastq.gz							F_NC_29		Metagenome or environmental sample from human gut metagenome		2018-09-09				GENERATED_FILE;GENERATED_FILE		
SRR7811059	PRJNA489760	SRP160417	SAMN09988744	SRS3758012	SRX4662769	SRA770179	408170	human gut metagenome	ILLUMINA	Illumina MiSeq	F_MCI_4		PAIRED	AMPLICON	METATRANSCRIPTOMIC	PCR	49890	29934000	SUB4499500	2018-09-09	2018-09-09	Illumina MiSeq sequencing: DNA-Seq of environmental metagenomes :feces metagenome	Fecal and blood microbiota of AD, MCI and normal controls	PRJNA489760	F_MCI_4	851_4_R2.fastq	4921790;7065743	08a1ed44cecf45ad49675dc10e5cdd2d;d57c552aefd22178b4e8c6e5e78ed588	ftp.sra.ebi.ac.uk/vol1/fastq/SRR781/009/SRR7811059/SRR7811059_1.fastq.gz;ftp.sra.ebi.ac.uk/vol1/fastq/SRR781/009/SRR7811059/SRR7811059_2.fastq.gz	fasp.sra.ebi.ac.uk:/vol1/fastq/SRR781/009/SRR7811059/SRR7811059_1.fastq.gz;fasp.sra.ebi.ac.uk:/vol1/fastq/SRR781/009/SRR7811059/SRR7811059_2.fastq.gz	ftp.sra.ebi.ac.uk/vol1/fastq/SRR781/009/SRR7811059/SRR7811059_1.fastq.gz;ftp.sra.ebi.ac.uk/vol1/fastq/SRR781/009/SRR7811059/SRR7811059_2.fastq.gz							F_MCI_4		Metagenome or environmental sample from human gut metagenome		2018-09-09				GENERATED_FILE;GENERATED_FILE		
SRR7811088	PRJNA489760	SRP160417	SAMN09988891	SRS3757982	SRX4662740	SRA770179	1504969	human blood metagenome	ILLUMINA	Illumina MiSeq	B_NC_1		PAIRED	AMPLICON	METATRANSCRIPTOMIC	PCR	43200	26006400	SUB4499500	2018-09-09	2018-09-09	Illumina MiSeq sequencing: DNA-Seq of environmental metagenomes :blood metagenome	Fecal and blood microbiota of AD, MCI and normal controls	PRJNA489760	B_NC_1	HY123_R1.fastq	5132009;7702577	35180df54cdc47ebf99e79af5a0bf05c;538af700a34e71f2d3e62949d256991b	ftp.sra.ebi.ac.uk/vol1/fastq/SRR781/008/SRR7811088/SRR7811088_1.fastq.gz;ftp.sra.ebi.ac.uk/vol1/fastq/SRR781/008/SRR7811088/SRR7811088_2.fastq.gz	fasp.sra.ebi.ac.uk:/vol1/fastq/SRR781/008/SRR7811088/SRR7811088_1.fastq.gz;fasp.sra.ebi.ac.uk:/vol1/fastq/SRR781/008/SRR7811088/SRR7811088_2.fastq.gz	ftp.sra.ebi.ac.uk/vol1/fastq/SRR781/008/SRR7811088/SRR7811088_1.fastq.gz;ftp.sra.ebi.ac.uk/vol1/fastq/SRR781/008/SRR7811088/SRR7811088_2.fastq.gz							B_NC_1		Metagenome or environmental sample from human blood metagenome		2018-09-09				GENERATED_FILE;GENERATED_FILE		
SRR7811104	PRJNA489760	SRP160417	SAMN09988861	SRS3757966	SRX4662724	SRA770179	1504969	human blood metagenome	ILLUMINA	Illumina MiSeq	B_AD_1		PAIRED	AMPLICON	METATRANSCRIPTOMIC	PCR	35324	21194400	SUB4499500	2018-09-09	2018-09-09	Illumina MiSeq sequencing: DNA-Seq of environmental metagenomes :blood metagenome	Fecal and blood microbiota of AD, MCI and normal controls	PRJNA489760	B_AD_1	851_91_R2.fastq	3361213;5065111	594c3fe950982f6e2b14318fc3f65efb;9576fbecf6ad2c866ecf52e0e4031a11	ftp.sra.ebi.ac.uk/vol1/fastq/SRR781/004/SRR7811104/SRR7811104_1.fastq.gz;ftp.sra.ebi.ac.uk/vol1/fastq/SRR781/004/SRR7811104/SRR7811104_2.fastq.gz	fasp.sra.ebi.ac.uk:/vol1/fastq/SRR781/004/SRR7811104/SRR7811104_1.fastq.gz;fasp.sra.ebi.ac.uk:/vol1/fastq/SRR781/004/SRR7811104/SRR7811104_2.fastq.gz	ftp.sra.ebi.ac.uk/vol1/fastq/SRR781/004/SRR7811104/SRR7811104_1.fastq.gz;ftp.sra.ebi.ac.uk/vol1/fastq/SRR781/004/SRR7811104/SRR7811104_2.fastq.gz							B_AD_1		Metagenome or environmental sample from human blood metagenome		2018-09-09				GENERATED_FILE;GENERATED_FILE		
SRR7811090	PRJNA489760	SRP160417	SAMN09988893	SRS3757980	SRX4662738	SRA770179	1504969	human blood metagenome	ILLUMINA	Illumina MiSeq	B_NC_3		PAIRED	AMPLICON	METATRANSCRIPTOMIC	PCR	43124	25960648	SUB4499500	2018-09-09	2018-09-09	Illumina MiSeq sequencing: DNA-Seq of environmental metagenomes :blood metagenome	Fecal and blood microbiota of AD, MCI and normal controls	PRJNA489760	B_NC_3	HY126_R1.fastq	5207556;7728361	343b0eeb2f76b555c6f20fdbe1a426c7;bc952bc4c2db98a823548641057b642b	ftp.sra.ebi.ac.uk/vol1/fastq/SRR781/000/SRR7811090/SRR7811090_1.fastq.gz;ftp.sra.ebi.ac.uk/vol1/fastq/SRR781/000/SRR7811090/SRR7811090_2.fastq.gz	fasp.sra.ebi.ac.uk:/vol1/fastq/SRR781/000/SRR7811090/SRR7811090_1.fastq.gz;fasp.sra.ebi.ac.uk:/vol1/fastq/SRR781/000/SRR7811090/SRR7811090_2.fastq.gz	ftp.sra.ebi.ac.uk/vol1/fastq/SRR781/000/SRR7811090/SRR7811090_1.fastq.gz;ftp.sra.ebi.ac.uk/vol1/fastq/SRR781/000/SRR7811090/SRR7811090_2.fastq.gz							B_NC_3		Metagenome or environmental sample from human blood metagenome		2018-09-09				GENERATED_FILE;GENERATED_FILE		
SRR7811061	PRJNA489760	SRP160417	SAMN09988803	SRS3758010	SRX4662767	SRA770179	408170	human gut metagenome	ILLUMINA	Illumina MiSeq	F_NC_3		PAIRED	AMPLICON	METATRANSCRIPTOMIC	PCR	51909	31249218	SUB4499500	2018-09-09	2018-09-09	Illumina MiSeq sequencing: DNA-Seq of environmental metagenomes :feces metagenome	Fecal and blood microbiota of AD, MCI and normal controls	PRJNA489760	F_NC_3	HY46_R2.fastq	6390072;8753977	64cb84ecf358fd7354dc620dae166dc2;b0d37546ab80b283a2b2fe56684c7aa8	ftp.sra.ebi.ac.uk/vol1/fastq/SRR781/001/SRR7811061/SRR7811061_1.fastq.gz;ftp.sra.ebi.ac.uk/vol1/fastq/SRR781/001/SRR7811061/SRR7811061_2.fastq.gz	fasp.sra.ebi.ac.uk:/vol1/fastq/SRR781/001/SRR7811061/SRR7811061_1.fastq.gz;fasp.sra.ebi.ac.uk:/vol1/fastq/SRR781/001/SRR7811061/SRR7811061_2.fastq.gz	ftp.sra.ebi.ac.uk/vol1/fastq/SRR781/001/SRR7811061/SRR7811061_1.fastq.gz;ftp.sra.ebi.ac.uk/vol1/fastq/SRR781/001/SRR7811061/SRR7811061_2.fastq.gz							F_NC_3		Metagenome or environmental sample from human gut metagenome		2018-09-09				GENERATED_FILE;GENERATED_FILE		
SRR7811107	PRJNA489760	SRP160417	SAMN09988864	SRS3757963	SRX4662721	SRA770179	1504969	human blood metagenome	ILLUMINA	Illumina MiSeq	B_AD_4		PAIRED	AMPLICON	METATRANSCRIPTOMIC	PCR	31238	18742800	SUB4499500	2018-09-09	2018-09-09	Illumina MiSeq sequencing: DNA-Seq of environmental metagenomes :blood metagenome	Fecal and blood microbiota of AD, MCI and normal controls	PRJNA489760	B_AD_4	851_94_R1.fastq	2957221;4247218	ecff5f53df7de423b329b0a0934848f2;cad13b9d2c7a8dba9efa2d69ceb85e84	ftp.sra.ebi.ac.uk/vol1/fastq/SRR781/007/SRR7811107/SRR7811107_1.fastq.gz;ftp.sra.ebi.ac.uk/vol1/fastq/SRR781/007/SRR7811107/SRR7811107_2.fastq.gz	fasp.sra.ebi.ac.uk:/vol1/fastq/SRR781/007/SRR7811107/SRR7811107_1.fastq.gz;fasp.sra.ebi.ac.uk:/vol1/fastq/SRR781/007/SRR7811107/SRR7811107_2.fastq.gz	ftp.sra.ebi.ac.uk/vol1/fastq/SRR781/007/SRR7811107/SRR7811107_1.fastq.gz;ftp.sra.ebi.ac.uk/vol1/fastq/SRR781/007/SRR7811107/SRR7811107_2.fastq.gz							B_AD_4		Metagenome or environmental sample from human blood metagenome		2018-09-09				GENERATED_FILE;GENERATED_FILE		
SRR7811095	PRJNA489760	SRP160417	SAMN09988900	SRS3757975	SRX4662733	SRA770179	1504969	human blood metagenome	ILLUMINA	Illumina MiSeq	B_NC_10		PAIRED	AMPLICON	METATRANSCRIPTOMIC	PCR	42344	25491088	SUB4499500	2018-09-09	2018-09-09	Illumina MiSeq sequencing: DNA-Seq of environmental metagenomes :blood metagenome	Fecal and blood microbiota of AD, MCI and normal controls	PRJNA489760	B_NC_10	HY135_R1.fastq	5060807;7553107	d6c7f174edd61e92e66315b27ec6c2e8;88d47a52f36de84e2882d5ff077b2005	ftp.sra.ebi.ac.uk/vol1/fastq/SRR781/005/SRR7811095/SRR7811095_1.fastq.gz;ftp.sra.ebi.ac.uk/vol1/fastq/SRR781/005/SRR7811095/SRR7811095_2.fastq.gz	fasp.sra.ebi.ac.uk:/vol1/fastq/SRR781/005/SRR7811095/SRR7811095_1.fastq.gz;fasp.sra.ebi.ac.uk:/vol1/fastq/SRR781/005/SRR7811095/SRR7811095_2.fastq.gz	ftp.sra.ebi.ac.uk/vol1/fastq/SRR781/005/SRR7811095/SRR7811095_1.fastq.gz;ftp.sra.ebi.ac.uk/vol1/fastq/SRR781/005/SRR7811095/SRR7811095_2.fastq.gz							B_NC_10		Metagenome or environmental sample from human blood metagenome		2018-09-09				GENERATED_FILE;GENERATED_FILE		
SRR7811063	PRJNA489760	SRP160417	SAMN09988801	SRS3758006	SRX4662765	SRA770179	408170	human gut metagenome	ILLUMINA	Illumina MiSeq	F_NC_1		PAIRED	AMPLICON	METATRANSCRIPTOMIC	PCR	48024	28910448	SUB4499500	2018-09-09	2018-09-09	Illumina MiSeq sequencing: DNA-Seq of environmental metagenomes :feces metagenome	Fecal and blood microbiota of AD, MCI and normal controls	PRJNA489760	F_NC_1	HY43_R2.fastq	6317605;8413387	567a752db2a79b6d40dbc459fdbb111a;7f3ba6af42749acdbeaa20e46f6d3e1f	ftp.sra.ebi.ac.uk/vol1/fastq/SRR781/003/SRR7811063/SRR7811063_1.fastq.gz;ftp.sra.ebi.ac.uk/vol1/fastq/SRR781/003/SRR7811063/SRR7811063_2.fastq.gz	fasp.sra.ebi.ac.uk:/vol1/fastq/SRR781/003/SRR7811063/SRR7811063_1.fastq.gz;fasp.sra.ebi.ac.uk:/vol1/fastq/SRR781/003/SRR7811063/SRR7811063_2.fastq.gz	ftp.sra.ebi.ac.uk/vol1/fastq/SRR781/003/SRR7811063/SRR7811063_1.fastq.gz;ftp.sra.ebi.ac.uk/vol1/fastq/SRR781/003/SRR7811063/SRR7811063_2.fastq.gz							F_NC_1		Metagenome or environmental sample from human gut metagenome		2018-09-09				GENERATED_FILE;GENERATED_FILE		
SRR7811110	PRJNA489760	SRP160417	SAMN09988870	SRS3757958	SRX4662718	SRA770179	1504969	human blood metagenome	ILLUMINA	Illumina MiSeq	B_AD_10		PAIRED	AMPLICON	METATRANSCRIPTOMIC	PCR	25739	15443400	SUB4499500	2018-09-09	2018-09-09	Illumina MiSeq sequencing: DNA-Seq of environmental metagenomes :blood metagenome	Fecal and blood microbiota of AD, MCI and normal controls	PRJNA489760	B_AD_10	851_100_R1.fastq	2393895;3654584	6b8809170b4ebe1eb3fdb66c3a6084ed;b9601d77218fc8c98c109a5e87ac7546	ftp.sra.ebi.ac.uk/vol1/fastq/SRR781/000/SRR7811110/SRR7811110_1.fastq.gz;ftp.sra.ebi.ac.uk/vol1/fastq/SRR781/000/SRR7811110/SRR7811110_2.fastq.gz	fasp.sra.ebi.ac.uk:/vol1/fastq/SRR781/000/SRR7811110/SRR7811110_1.fastq.gz;fasp.sra.ebi.ac.uk:/vol1/fastq/SRR781/000/SRR7811110/SRR7811110_2.fastq.gz	ftp.sra.ebi.ac.uk/vol1/fastq/SRR781/000/SRR7811110/SRR7811110_1.fastq.gz;ftp.sra.ebi.ac.uk/vol1/fastq/SRR781/000/SRR7811110/SRR7811110_2.fastq.gz							B_AD_10		Metagenome or environmental sample from human blood metagenome		2018-09-09				GENERATED_FILE;GENERATED_FILE		
SRR7811098	PRJNA489760	SRP160417	SAMN09988746	SRS3757972	SRX4662730	SRA770179	408170	human gut metagenome	ILLUMINA	Illumina MiSeq	F_MCI_6		PAIRED	AMPLICON	METATRANSCRIPTOMIC	PCR	48006	28803600	SUB4499500	2018-09-09	2018-09-09	Illumina MiSeq sequencing: DNA-Seq of environmental metagenomes :feces metagenome	Fecal and blood microbiota of AD, MCI and normal controls	PRJNA489760	F_MCI_6	851_6_R2.fastq	4732902;6988725	4e699f5bfff824e50afaa4d8151395bb;fa5583f952ec04a506ae1b817ae0c2a1	ftp.sra.ebi.ac.uk/vol1/fastq/SRR781/008/SRR7811098/SRR7811098_1.fastq.gz;ftp.sra.ebi.ac.uk/vol1/fastq/SRR781/008/SRR7811098/SRR7811098_2.fastq.gz	fasp.sra.ebi.ac.uk:/vol1/fastq/SRR781/008/SRR7811098/SRR7811098_1.fastq.gz;fasp.sra.ebi.ac.uk:/vol1/fastq/SRR781/008/SRR7811098/SRR7811098_2.fastq.gz	ftp.sra.ebi.ac.uk/vol1/fastq/SRR781/008/SRR7811098/SRR7811098_1.fastq.gz;ftp.sra.ebi.ac.uk/vol1/fastq/SRR781/008/SRR7811098/SRR7811098_2.fastq.gz							F_MCI_6		Metagenome or environmental sample from human gut metagenome		2018-09-09				GENERATED_FILE;GENERATED_FILE		
SRR7811112	PRJNA489760	SRP160417	SAMN09988779	SRS3757962	SRX4662716	SRA770179	408170	human gut metagenome	ILLUMINA	Illumina MiSeq	F_AD_9		PAIRED	AMPLICON	METATRANSCRIPTOMIC	PCR	46101	27660600	SUB4499500	2018-09-09	2018-09-09	Illumina MiSeq sequencing: DNA-Seq of environmental metagenomes :feces metagenome	Fecal and blood microbiota of AD, MCI and normal controls	PRJNA489760	F_AD_9	851_39_R2.fastq	4438076;6539400	9ed114821a579475125b51bc228d8f46;c7c0198dbd919d7e7e18925e92cd628d	ftp.sra.ebi.ac.uk/vol1/fastq/SRR781/002/SRR7811112/SRR7811112_1.fastq.gz;ftp.sra.ebi.ac.uk/vol1/fastq/SRR781/002/SRR7811112/SRR7811112_2.fastq.gz	fasp.sra.ebi.ac.uk:/vol1/fastq/SRR781/002/SRR7811112/SRR7811112_1.fastq.gz;fasp.sra.ebi.ac.uk:/vol1/fastq/SRR781/002/SRR7811112/SRR7811112_2.fastq.gz	ftp.sra.ebi.ac.uk/vol1/fastq/SRR781/002/SRR7811112/SRR7811112_1.fastq.gz;ftp.sra.ebi.ac.uk/vol1/fastq/SRR781/002/SRR7811112/SRR7811112_2.fastq.gz							F_AD_9		Metagenome or environmental sample from human gut metagenome		2018-09-09				GENERATED_FILE;GENERATED_FILE		
SRR7811065	PRJNA489760	SRP160417	SAMN09988807	SRS3758004	SRX4662763	SRA770179	408170	human gut metagenome	ILLUMINA	Illumina MiSeq	F_NC_7		PAIRED	AMPLICON	METATRANSCRIPTOMIC	PCR	51021	30714642	SUB4499500	2018-09-09	2018-09-09	Illumina MiSeq sequencing: DNA-Seq of environmental metagenomes :feces metagenome	Fecal and blood microbiota of AD, MCI and normal controls	PRJNA489760	F_NC_7	HY51_R2.fastq	6860185;9186216	e758f184974d8e390fe9c226ee327084;7bfabecb32c15566c285ad0a8ba97bec	ftp.sra.ebi.ac.uk/vol1/fastq/SRR781/005/SRR7811065/SRR7811065_1.fastq.gz;ftp.sra.ebi.ac.uk/vol1/fastq/SRR781/005/SRR7811065/SRR7811065_2.fastq.gz	fasp.sra.ebi.ac.uk:/vol1/fastq/SRR781/005/SRR7811065/SRR7811065_1.fastq.gz;fasp.sra.ebi.ac.uk:/vol1/fastq/SRR781/005/SRR7811065/SRR7811065_2.fastq.gz	ftp.sra.ebi.ac.uk/vol1/fastq/SRR781/005/SRR7811065/SRR7811065_1.fastq.gz;ftp.sra.ebi.ac.uk/vol1/fastq/SRR781/005/SRR7811065/SRR7811065_2.fastq.gz							F_NC_7		Metagenome or environmental sample from human gut metagenome		2018-09-09				GENERATED_FILE;GENERATED_FILE		
SRR7811100	PRJNA489760	SRP160417	SAMN09988865	SRS3757970	SRX4662728	SRA770179	1504969	human blood metagenome	ILLUMINA	Illumina MiSeq	B_AD_5		PAIRED	AMPLICON	METATRANSCRIPTOMIC	PCR	43911	26346600	SUB4499500	2018-09-09	2018-09-09	Illumina MiSeq sequencing: DNA-Seq of environmental metagenomes :blood metagenome	Fecal and blood microbiota of AD, MCI and normal controls	PRJNA489760	B_AD_5	851_95_R1.fastq	4190837;6147055	9ea1a56fed5878b0dbe8ab065b85f60a;bc64de368fc0cd39ea939d07cd078174	ftp.sra.ebi.ac.uk/vol1/fastq/SRR781/000/SRR7811100/SRR7811100_1.fastq.gz;ftp.sra.ebi.ac.uk/vol1/fastq/SRR781/000/SRR7811100/SRR7811100_2.fastq.gz	fasp.sra.ebi.ac.uk:/vol1/fastq/SRR781/000/SRR7811100/SRR7811100_1.fastq.gz;fasp.sra.ebi.ac.uk:/vol1/fastq/SRR781/000/SRR7811100/SRR7811100_2.fastq.gz	ftp.sra.ebi.ac.uk/vol1/fastq/SRR781/000/SRR7811100/SRR7811100_1.fastq.gz;ftp.sra.ebi.ac.uk/vol1/fastq/SRR781/000/SRR7811100/SRR7811100_2.fastq.gz							B_AD_5		Metagenome or environmental sample from human blood metagenome		2018-09-09				GENERATED_FILE;GENERATED_FILE		
SRR7811113	PRJNA489760	SRP160417	SAMN09988776	SRS3757957	SRX4662715	SRA770179	408170	human gut metagenome	ILLUMINA	Illumina MiSeq	F_AD_6		PAIRED	AMPLICON	METATRANSCRIPTOMIC	PCR	45501	27300600	SUB4499500	2018-09-09	2018-09-09	Illumina MiSeq sequencing: DNA-Seq of environmental metagenomes :feces metagenome	Fecal and blood microbiota of AD, MCI and normal controls	PRJNA489760	F_AD_6	851_36_R1.fastq	4070665;6155804	96ac9091fc3bc63005b4c562c3b468ee;e3981020ca2bc217f307ab63911181c9	ftp.sra.ebi.ac.uk/vol1/fastq/SRR781/003/SRR7811113/SRR7811113_1.fastq.gz;ftp.sra.ebi.ac.uk/vol1/fastq/SRR781/003/SRR7811113/SRR7811113_2.fastq.gz	fasp.sra.ebi.ac.uk:/vol1/fastq/SRR781/003/SRR7811113/SRR7811113_1.fastq.gz;fasp.sra.ebi.ac.uk:/vol1/fastq/SRR781/003/SRR7811113/SRR7811113_2.fastq.gz	ftp.sra.ebi.ac.uk/vol1/fastq/SRR781/003/SRR7811113/SRR7811113_1.fastq.gz;ftp.sra.ebi.ac.uk/vol1/fastq/SRR781/003/SRR7811113/SRR7811113_2.fastq.gz							F_AD_6		Metagenome or environmental sample from human gut metagenome		2018-09-09				GENERATED_FILE;GENERATED_FILE		
SRR7811101	PRJNA489760	SRP160417	SAMN09988866	SRS3757969	SRX4662727	SRA770179	1504969	human blood metagenome	ILLUMINA	Illumina MiSeq	B_AD_6		PAIRED	AMPLICON	METATRANSCRIPTOMIC	PCR	30911	18546600	SUB4499500	2018-09-09	2018-09-09	Illumina MiSeq sequencing: DNA-Seq of environmental metagenomes :blood metagenome	Fecal and blood microbiota of AD, MCI and normal controls	PRJNA489760	B_AD_6	851_96_R2.fastq	2924641;4168672	0cc1b3b6b106c14910c2264fe2603aa3;7198390d49bbfae47c7777b1df892b42	ftp.sra.ebi.ac.uk/vol1/fastq/SRR781/001/SRR7811101/SRR7811101_1.fastq.gz;ftp.sra.ebi.ac.uk/vol1/fastq/SRR781/001/SRR7811101/SRR7811101_2.fastq.gz	fasp.sra.ebi.ac.uk:/vol1/fastq/SRR781/001/SRR7811101/SRR7811101_1.fastq.gz;fasp.sra.ebi.ac.uk:/vol1/fastq/SRR781/001/SRR7811101/SRR7811101_2.fastq.gz	ftp.sra.ebi.ac.uk/vol1/fastq/SRR781/001/SRR7811101/SRR7811101_1.fastq.gz;ftp.sra.ebi.ac.uk/vol1/fastq/SRR781/001/SRR7811101/SRR7811101_2.fastq.gz							B_AD_6		Metagenome or environmental sample from human blood metagenome		2018-09-09				GENERATED_FILE;GENERATED_FILE		
SRR7811115	PRJNA489760	SRP160417	SAMN09988778	SRS3757955	SRX4662713	SRA770179	408170	human gut metagenome	ILLUMINA	Illumina MiSeq	F_AD_8		PAIRED	AMPLICON	METATRANSCRIPTOMIC	PCR	49279	29567400	SUB4499500	2018-09-09	2018-09-09	Illumina MiSeq sequencing: DNA-Seq of environmental metagenomes :feces metagenome	Fecal and blood microbiota of AD, MCI and normal controls	PRJNA489760	F_AD_8	851_38_R1.fastq	4754434;6968478	fa9ec3078e2d9fd64282eb8ad9056233;efe9d5cf73d7348a211c1cde2b89932f	ftp.sra.ebi.ac.uk/vol1/fastq/SRR781/005/SRR7811115/SRR7811115_1.fastq.gz;ftp.sra.ebi.ac.uk/vol1/fastq/SRR781/005/SRR7811115/SRR7811115_2.fastq.gz	fasp.sra.ebi.ac.uk:/vol1/fastq/SRR781/005/SRR7811115/SRR7811115_1.fastq.gz;fasp.sra.ebi.ac.uk:/vol1/fastq/SRR781/005/SRR7811115/SRR7811115_2.fastq.gz	ftp.sra.ebi.ac.uk/vol1/fastq/SRR781/005/SRR7811115/SRR7811115_1.fastq.gz;ftp.sra.ebi.ac.uk/vol1/fastq/SRR781/005/SRR7811115/SRR7811115_2.fastq.gz							F_AD_8		Metagenome or environmental sample from human gut metagenome		2018-09-09				GENERATED_FILE;GENERATED_FILE		
SRR7811074	PRJNA489760	SRP160417	SAMN09988882	SRS3757996	SRX4662754	SRA770179	1504969	human blood metagenome	ILLUMINA	Illumina MiSeq	B_AD_22		PAIRED	AMPLICON	METATRANSCRIPTOMIC	PCR	27881	16728600	SUB4499500	2018-09-09	2018-09-09	Illumina MiSeq sequencing: DNA-Seq of environmental metagenomes :blood metagenome	Fecal and blood microbiota of AD, MCI and normal controls	PRJNA489760	B_AD_22	851_112_R2.fastq	2461371;3755166	442e8bc9d685134b33680e77cff1d573;7f3ef13f6b75be5dbe08205baf1c23fb	ftp.sra.ebi.ac.uk/vol1/fastq/SRR781/004/SRR7811074/SRR7811074_1.fastq.gz;ftp.sra.ebi.ac.uk/vol1/fastq/SRR781/004/SRR7811074/SRR7811074_2.fastq.gz	fasp.sra.ebi.ac.uk:/vol1/fastq/SRR781/004/SRR7811074/SRR7811074_1.fastq.gz;fasp.sra.ebi.ac.uk:/vol1/fastq/SRR781/004/SRR7811074/SRR7811074_2.fastq.gz	ftp.sra.ebi.ac.uk/vol1/fastq/SRR781/004/SRR7811074/SRR7811074_1.fastq.gz;ftp.sra.ebi.ac.uk/vol1/fastq/SRR781/004/SRR7811074/SRR7811074_2.fastq.gz							B_AD_22		Metagenome or environmental sample from human blood metagenome		2018-09-09				GENERATED_FILE;GENERATED_FILE		
SRR7811128	PRJNA489760	SRP160417	SAMN09988876	SRS3757942	SRX4662700	SRA770179	1504969	human blood metagenome	ILLUMINA	Illumina MiSeq	B_AD_16		PAIRED	AMPLICON	METATRANSCRIPTOMIC	PCR	38393	23035800	SUB4499500	2018-09-09	2018-09-09	Illumina MiSeq sequencing: DNA-Seq of environmental metagenomes :blood metagenome	Fecal and blood microbiota of AD, MCI and normal controls	PRJNA489760	B_AD_16	851_106_R1.fastq	3477680;5248086	4aa3afc8f370e5d043d7f2b67e1d60a5;ab6ad516559527c8bd169fc45a63cc7b	ftp.sra.ebi.ac.uk/vol1/fastq/SRR781/008/SRR7811128/SRR7811128_1.fastq.gz;ftp.sra.ebi.ac.uk/vol1/fastq/SRR781/008/SRR7811128/SRR7811128_2.fastq.gz	fasp.sra.ebi.ac.uk:/vol1/fastq/SRR781/008/SRR7811128/SRR7811128_1.fastq.gz;fasp.sra.ebi.ac.uk:/vol1/fastq/SRR781/008/SRR7811128/SRR7811128_2.fastq.gz	ftp.sra.ebi.ac.uk/vol1/fastq/SRR781/008/SRR7811128/SRR7811128_1.fastq.gz;ftp.sra.ebi.ac.uk/vol1/fastq/SRR781/008/SRR7811128/SRR7811128_2.fastq.gz							B_AD_16		Metagenome or environmental sample from human blood metagenome		2018-09-09				GENERATED_FILE;GENERATED_FILE		
SRR7811077	PRJNA489760	SRP160417	SAMN09988885	SRS3757993	SRX4662751	SRA770179	1504969	human blood metagenome	ILLUMINA	Illumina MiSeq	B_AD_25		PAIRED	AMPLICON	METATRANSCRIPTOMIC	PCR	41413	24847800	SUB4499500	2018-09-09	2018-09-09	Illumina MiSeq sequencing: DNA-Seq of environmental metagenomes :blood metagenome	Fecal and blood microbiota of AD, MCI and normal controls	PRJNA489760	B_AD_25	851_115_R1.fastq	3902113;5625614	981a913847255d2fa6522e53cd19cac2;f9ef925e6835567792a4c9c1ff2a3954	ftp.sra.ebi.ac.uk/vol1/fastq/SRR781/007/SRR7811077/SRR7811077_1.fastq.gz;ftp.sra.ebi.ac.uk/vol1/fastq/SRR781/007/SRR7811077/SRR7811077_2.fastq.gz	fasp.sra.ebi.ac.uk:/vol1/fastq/SRR781/007/SRR7811077/SRR7811077_1.fastq.gz;fasp.sra.ebi.ac.uk:/vol1/fastq/SRR781/007/SRR7811077/SRR7811077_2.fastq.gz	ftp.sra.ebi.ac.uk/vol1/fastq/SRR781/007/SRR7811077/SRR7811077_1.fastq.gz;ftp.sra.ebi.ac.uk/vol1/fastq/SRR781/007/SRR7811077/SRR7811077_2.fastq.gz							B_AD_25		Metagenome or environmental sample from human blood metagenome		2018-09-09				GENERATED_FILE;GENERATED_FILE		
SRR7811105	PRJNA489760	SRP160417	SAMN09988862	SRS3757965	SRX4662723	SRA770179	1504969	human blood metagenome	ILLUMINA	Illumina MiSeq	B_AD_2		PAIRED	AMPLICON	METATRANSCRIPTOMIC	PCR	23928	14356800	SUB4499500	2018-09-09	2018-09-09	Illumina MiSeq sequencing: DNA-Seq of environmental metagenomes :blood metagenome	Fecal and blood microbiota of AD, MCI and normal controls	PRJNA489760	B_AD_2	851_92_R1.fastq	2195298;3367866	f0717e603745089de86581a292d073db;1bd144723b479659cbc9fa900843d280	ftp.sra.ebi.ac.uk/vol1/fastq/SRR781/005/SRR7811105/SRR7811105_1.fastq.gz;ftp.sra.ebi.ac.uk/vol1/fastq/SRR781/005/SRR7811105/SRR7811105_2.fastq.gz	fasp.sra.ebi.ac.uk:/vol1/fastq/SRR781/005/SRR7811105/SRR7811105_1.fastq.gz;fasp.sra.ebi.ac.uk:/vol1/fastq/SRR781/005/SRR7811105/SRR7811105_2.fastq.gz	ftp.sra.ebi.ac.uk/vol1/fastq/SRR781/005/SRR7811105/SRR7811105_1.fastq.gz;ftp.sra.ebi.ac.uk/vol1/fastq/SRR781/005/SRR7811105/SRR7811105_2.fastq.gz							B_AD_2		Metagenome or environmental sample from human blood metagenome		2018-09-09				GENERATED_FILE;GENERATED_FILE		
SRR7811133	PRJNA489760	SRP160417	SAMN09988747	SRS3757937	SRX4662695	SRA770179	408170	human gut metagenome	ILLUMINA	Illumina MiSeq	F_MCI_7		PAIRED	AMPLICON	METATRANSCRIPTOMIC	PCR	47113	28267800	SUB4499500	2018-09-09	2018-09-09	Illumina MiSeq sequencing: DNA-Seq of environmental metagenomes :feces metagenome	Fecal and blood microbiota of AD, MCI and normal controls	PRJNA489760	F_MCI_7	851_7_R2.fastq	4489006;6502726	eacee8e8781d1a86b858866716c7b468;12e1fedd052d8423beec012c068d5b57	ftp.sra.ebi.ac.uk/vol1/fastq/SRR781/003/SRR7811133/SRR7811133_1.fastq.gz;ftp.sra.ebi.ac.uk/vol1/fastq/SRR781/003/SRR7811133/SRR7811133_2.fastq.gz	fasp.sra.ebi.ac.uk:/vol1/fastq/SRR781/003/SRR7811133/SRR7811133_1.fastq.gz;fasp.sra.ebi.ac.uk:/vol1/fastq/SRR781/003/SRR7811133/SRR7811133_2.fastq.gz	ftp.sra.ebi.ac.uk/vol1/fastq/SRR781/003/SRR7811133/SRR7811133_1.fastq.gz;ftp.sra.ebi.ac.uk/vol1/fastq/SRR781/003/SRR7811133/SRR7811133_2.fastq.gz							F_MCI_7		Metagenome or environmental sample from human gut metagenome		2018-09-09				GENERATED_FILE;GENERATED_FILE		
SRR7811078	PRJNA489760	SRP160417	SAMN09988886	SRS3757994	SRX4662750	SRA770179	1504969	human blood metagenome	ILLUMINA	Illumina MiSeq	B_AD_26		PAIRED	AMPLICON	METATRANSCRIPTOMIC	PCR	30736	18441600	SUB4499500	2018-09-09	2018-09-09	Illumina MiSeq sequencing: DNA-Seq of environmental metagenomes :blood metagenome	Fecal and blood microbiota of AD, MCI and normal controls	PRJNA489760	B_AD_26	851_116_R1.fastq	2821955;4215499	5aa3b8c3969474873d3a37522d8085c8;b1bf6cfe8578295f9db278166e222217	ftp.sra.ebi.ac.uk/vol1/fastq/SRR781/008/SRR7811078/SRR7811078_1.fastq.gz;ftp.sra.ebi.ac.uk/vol1/fastq/SRR781/008/SRR7811078/SRR7811078_2.fastq.gz	fasp.sra.ebi.ac.uk:/vol1/fastq/SRR781/008/SRR7811078/SRR7811078_1.fastq.gz;fasp.sra.ebi.ac.uk:/vol1/fastq/SRR781/008/SRR7811078/SRR7811078_2.fastq.gz	ftp.sra.ebi.ac.uk/vol1/fastq/SRR781/008/SRR7811078/SRR7811078_1.fastq.gz;ftp.sra.ebi.ac.uk/vol1/fastq/SRR781/008/SRR7811078/SRR7811078_2.fastq.gz							B_AD_26		Metagenome or environmental sample from human blood metagenome		2018-09-09				GENERATED_FILE;GENERATED_FILE		
SRR7811106	PRJNA489760	SRP160417	SAMN09988863	SRS3757964	SRX4662722	SRA770179	1504969	human blood metagenome	ILLUMINA	Illumina MiSeq	B_AD_3		PAIRED	AMPLICON	METATRANSCRIPTOMIC	PCR	25667	15400200	SUB4499500	2018-09-09	2018-09-09	Illumina MiSeq sequencing: DNA-Seq of environmental metagenomes :blood metagenome	Fecal and blood microbiota of AD, MCI and normal controls	PRJNA489760	B_AD_3	851_93_R2.fastq	2415419;3515956	49912050be48e99e2f57e641ecd28fb8;779556f1ba37aaccea8115d8d83a494f	ftp.sra.ebi.ac.uk/vol1/fastq/SRR781/006/SRR7811106/SRR7811106_1.fastq.gz;ftp.sra.ebi.ac.uk/vol1/fastq/SRR781/006/SRR7811106/SRR7811106_2.fastq.gz	fasp.sra.ebi.ac.uk:/vol1/fastq/SRR781/006/SRR7811106/SRR7811106_1.fastq.gz;fasp.sra.ebi.ac.uk:/vol1/fastq/SRR781/006/SRR7811106/SRR7811106_2.fastq.gz	ftp.sra.ebi.ac.uk/vol1/fastq/SRR781/006/SRR7811106/SRR7811106_1.fastq.gz;ftp.sra.ebi.ac.uk/vol1/fastq/SRR781/006/SRR7811106/SRR7811106_2.fastq.gz							B_AD_3		Metagenome or environmental sample from human blood metagenome		2018-09-09				GENERATED_FILE;GENERATED_FILE		
SRR7811134	PRJNA489760	SRP160417	SAMN09988769	SRS3757938	SRX4662694	SRA770179	408170	human gut metagenome	ILLUMINA	Illumina MiSeq	F_MCI_29		PAIRED	AMPLICON	METATRANSCRIPTOMIC	PCR	40828	24496800	SUB4499500	2018-09-09	2018-09-09	Illumina MiSeq sequencing: DNA-Seq of environmental metagenomes :feces metagenome	Fecal and blood microbiota of AD, MCI and normal controls	PRJNA489760	F_MCI_29	851_29_R2.fastq	3888568;5771033	6cd03b1d6c01d460683f6bd0ca7beb14;7072cc9920a2aa758a8abc2e979b4ebf	ftp.sra.ebi.ac.uk/vol1/fastq/SRR781/004/SRR7811134/SRR7811134_1.fastq.gz;ftp.sra.ebi.ac.uk/vol1/fastq/SRR781/004/SRR7811134/SRR7811134_2.fastq.gz	fasp.sra.ebi.ac.uk:/vol1/fastq/SRR781/004/SRR7811134/SRR7811134_1.fastq.gz;fasp.sra.ebi.ac.uk:/vol1/fastq/SRR781/004/SRR7811134/SRR7811134_2.fastq.gz	ftp.sra.ebi.ac.uk/vol1/fastq/SRR781/004/SRR7811134/SRR7811134_1.fastq.gz;ftp.sra.ebi.ac.uk/vol1/fastq/SRR781/004/SRR7811134/SRR7811134_2.fastq.gz							F_MCI_29		Metagenome or environmental sample from human gut metagenome		2018-09-09				GENERATED_FILE;GENERATED_FILE		
SRR7811085	PRJNA489760	SRP160417	SAMN09988827	SRS3757988	SRX4662743	SRA770179	408170	human gut metagenome	ILLUMINA	Illumina MiSeq	F_NC_27		PAIRED	AMPLICON	METATRANSCRIPTOMIC	PCR	27401	16495402	SUB4499500	2018-09-09	2018-09-09	Illumina MiSeq sequencing: DNA-Seq of environmental metagenomes :feces metagenome	Fecal and blood microbiota of AD, MCI and normal controls	PRJNA489760	F_NC_27	HY77_R2.fastq	3451767;4761685	7b2aa90f861a83b9154d843a2bb88ef9;242c1d53d976b587a90ed26bd28829a8	ftp.sra.ebi.ac.uk/vol1/fastq/SRR781/005/SRR7811085/SRR7811085_1.fastq.gz;ftp.sra.ebi.ac.uk/vol1/fastq/SRR781/005/SRR7811085/SRR7811085_2.fastq.gz	fasp.sra.ebi.ac.uk:/vol1/fastq/SRR781/005/SRR7811085/SRR7811085_1.fastq.gz;fasp.sra.ebi.ac.uk:/vol1/fastq/SRR781/005/SRR7811085/SRR7811085_2.fastq.gz	ftp.sra.ebi.ac.uk/vol1/fastq/SRR781/005/SRR7811085/SRR7811085_1.fastq.gz;ftp.sra.ebi.ac.uk/vol1/fastq/SRR781/005/SRR7811085/SRR7811085_2.fastq.gz							F_NC_27		Metagenome or environmental sample from human gut metagenome		2018-09-09				GENERATED_FILE;GENERATED_FILE		
SRR7811109	PRJNA489760	SRP160417	SAMN09988869	SRS3757959	SRX4662719	SRA770179	1504969	human blood metagenome	ILLUMINA	Illumina MiSeq	B_AD_9		PAIRED	AMPLICON	METATRANSCRIPTOMIC	PCR	26026	15615600	SUB4499500	2018-09-09	2018-09-09	Illumina MiSeq sequencing: DNA-Seq of environmental metagenomes :blood metagenome	Fecal and blood microbiota of AD, MCI and normal controls	PRJNA489760	B_AD_9	851_99_R2.fastq	2330299;3254233	24956a9050d2c4ae1d358a3b21ac894d;6fbb5849e502f44fad14f016f14cf4da	ftp.sra.ebi.ac.uk/vol1/fastq/SRR781/009/SRR7811109/SRR7811109_1.fastq.gz;ftp.sra.ebi.ac.uk/vol1/fastq/SRR781/009/SRR7811109/SRR7811109_2.fastq.gz	fasp.sra.ebi.ac.uk:/vol1/fastq/SRR781/009/SRR7811109/SRR7811109_1.fastq.gz;fasp.sra.ebi.ac.uk:/vol1/fastq/SRR781/009/SRR7811109/SRR7811109_2.fastq.gz	ftp.sra.ebi.ac.uk/vol1/fastq/SRR781/009/SRR7811109/SRR7811109_1.fastq.gz;ftp.sra.ebi.ac.uk/vol1/fastq/SRR781/009/SRR7811109/SRR7811109_2.fastq.gz							B_AD_9		Metagenome or environmental sample from human blood metagenome		2018-09-09				GENERATED_FILE;GENERATED_FILE		
SRR7811137	PRJNA489760	SRP160417	SAMN09988768	SRS3757934	SRX4662691	SRA770179	408170	human gut metagenome	ILLUMINA	Illumina MiSeq	F_MCI_28		PAIRED	AMPLICON	METATRANSCRIPTOMIC	PCR	45422	27253200	SUB4499500	2018-09-09	2018-09-09	Illumina MiSeq sequencing: DNA-Seq of environmental metagenomes :feces metagenome	Fecal and blood microbiota of AD, MCI and normal controls	PRJNA489760	F_MCI_28	851_28_R2.fastq	4703714;6882451	37e9402699b8af92f6525c3253e88dd7;b416dc873356514159a48e0b9d3678fb	ftp.sra.ebi.ac.uk/vol1/fastq/SRR781/007/SRR7811137/SRR7811137_1.fastq.gz;ftp.sra.ebi.ac.uk/vol1/fastq/SRR781/007/SRR7811137/SRR7811137_2.fastq.gz	fasp.sra.ebi.ac.uk:/vol1/fastq/SRR781/007/SRR7811137/SRR7811137_1.fastq.gz;fasp.sra.ebi.ac.uk:/vol1/fastq/SRR781/007/SRR7811137/SRR7811137_2.fastq.gz	ftp.sra.ebi.ac.uk/vol1/fastq/SRR781/007/SRR7811137/SRR7811137_1.fastq.gz;ftp.sra.ebi.ac.uk/vol1/fastq/SRR781/007/SRR7811137/SRR7811137_2.fastq.gz							F_MCI_28		Metagenome or environmental sample from human gut metagenome		2018-09-09				GENERATED_FILE;GENERATED_FILE		
SRR7811089	PRJNA489760	SRP160417	SAMN09988894	SRS3757981	SRX4662739	SRA770179	1504969	human blood metagenome	ILLUMINA	Illumina MiSeq	B_NC_4		PAIRED	AMPLICON	METATRANSCRIPTOMIC	PCR	42262	25441724	SUB4499500	2018-09-09	2018-09-09	Illumina MiSeq sequencing: DNA-Seq of environmental metagenomes :blood metagenome	Fecal and blood microbiota of AD, MCI and normal controls	PRJNA489760	B_NC_4	HY128_R2.fastq	5011701;7401728	c6119fa6ca7c2dcba5e55ddfbad5c32a;cf0f8a4b10a184dceb83c648a21990bf	ftp.sra.ebi.ac.uk/vol1/fastq/SRR781/009/SRR7811089/SRR7811089_1.fastq.gz;ftp.sra.ebi.ac.uk/vol1/fastq/SRR781/009/SRR7811089/SRR7811089_2.fastq.gz	fasp.sra.ebi.ac.uk:/vol1/fastq/SRR781/009/SRR7811089/SRR7811089_1.fastq.gz;fasp.sra.ebi.ac.uk:/vol1/fastq/SRR781/009/SRR7811089/SRR7811089_2.fastq.gz	ftp.sra.ebi.ac.uk/vol1/fastq/SRR781/009/SRR7811089/SRR7811089_1.fastq.gz;ftp.sra.ebi.ac.uk/vol1/fastq/SRR781/009/SRR7811089/SRR7811089_2.fastq.gz							B_NC_4		Metagenome or environmental sample from human blood metagenome		2018-09-09				GENERATED_FILE;GENERATED_FILE		
SRR7811138	PRJNA489760	SRP160417	SAMN09988765	SRS3757933	SRX4662690	SRA770179	408170	human gut metagenome	ILLUMINA	Illumina MiSeq	F_MCI_25		PAIRED	AMPLICON	METATRANSCRIPTOMIC	PCR	48643	29185800	SUB4499500	2018-09-09	2018-09-09	Illumina MiSeq sequencing: DNA-Seq of environmental metagenomes :feces metagenome	Fecal and blood microbiota of AD, MCI and normal controls	PRJNA489760	F_MCI_25	851_25_R1.fastq	4775641;6655500	9e32771f859762b8823f2c694cf2dd3d;d5444af4709e85baca9e0ea6ddb1808e	ftp.sra.ebi.ac.uk/vol1/fastq/SRR781/008/SRR7811138/SRR7811138_1.fastq.gz;ftp.sra.ebi.ac.uk/vol1/fastq/SRR781/008/SRR7811138/SRR7811138_2.fastq.gz	fasp.sra.ebi.ac.uk:/vol1/fastq/SRR781/008/SRR7811138/SRR7811138_1.fastq.gz;fasp.sra.ebi.ac.uk:/vol1/fastq/SRR781/008/SRR7811138/SRR7811138_2.fastq.gz	ftp.sra.ebi.ac.uk/vol1/fastq/SRR781/008/SRR7811138/SRR7811138_1.fastq.gz;ftp.sra.ebi.ac.uk/vol1/fastq/SRR781/008/SRR7811138/SRR7811138_2.fastq.gz							F_MCI_25		Metagenome or environmental sample from human gut metagenome		2018-09-09				GENERATED_FILE;GENERATED_FILE		
SRR7811091	PRJNA489760	SRP160417	SAMN09988896	SRS3757978	SRX4662737	SRA770179	1504969	human blood metagenome	ILLUMINA	Illumina MiSeq	B_NC_6		PAIRED	AMPLICON	METATRANSCRIPTOMIC	PCR	42480	25572960	SUB4499500	2018-09-09	2018-09-09	Illumina MiSeq sequencing: DNA-Seq of environmental metagenomes :blood metagenome	Fecal and blood microbiota of AD, MCI and normal controls	PRJNA489760	B_NC_6	HY130_R1.fastq	5143493;7572242	750e8de50ef38fc1af01eb353c6a074b;b0bd7d0efad3ad1050d411db4360f2b2	ftp.sra.ebi.ac.uk/vol1/fastq/SRR781/001/SRR7811091/SRR7811091_1.fastq.gz;ftp.sra.ebi.ac.uk/vol1/fastq/SRR781/001/SRR7811091/SRR7811091_2.fastq.gz	fasp.sra.ebi.ac.uk:/vol1/fastq/SRR781/001/SRR7811091/SRR7811091_1.fastq.gz;fasp.sra.ebi.ac.uk:/vol1/fastq/SRR781/001/SRR7811091/SRR7811091_2.fastq.gz	ftp.sra.ebi.ac.uk/vol1/fastq/SRR781/001/SRR7811091/SRR7811091_1.fastq.gz;ftp.sra.ebi.ac.uk/vol1/fastq/SRR781/001/SRR7811091/SRR7811091_2.fastq.gz							B_NC_6		Metagenome or environmental sample from human blood metagenome		2018-09-09				GENERATED_FILE;GENERATED_FILE		
SRR7811139	PRJNA489760	SRP160417	SAMN09988766	SRS3757932	SRX4662689	SRA770179	408170	human gut metagenome	ILLUMINA	Illumina MiSeq	F_MCI_26		PAIRED	AMPLICON	METATRANSCRIPTOMIC	PCR	49156	29493600	SUB4499500	2018-09-09	2018-09-09	Illumina MiSeq sequencing: DNA-Seq of environmental metagenomes :feces metagenome	Fecal and blood microbiota of AD, MCI and normal controls	PRJNA489760	F_MCI_26	851_26_R1.fastq	4794129;6940867	d24501957c85f1168afef260b6ca4d23;63c5e41221f4efe05f63205cf5d1af55	ftp.sra.ebi.ac.uk/vol1/fastq/SRR781/009/SRR7811139/SRR7811139_1.fastq.gz;ftp.sra.ebi.ac.uk/vol1/fastq/SRR781/009/SRR7811139/SRR7811139_2.fastq.gz	fasp.sra.ebi.ac.uk:/vol1/fastq/SRR781/009/SRR7811139/SRR7811139_1.fastq.gz;fasp.sra.ebi.ac.uk:/vol1/fastq/SRR781/009/SRR7811139/SRR7811139_2.fastq.gz	ftp.sra.ebi.ac.uk/vol1/fastq/SRR781/009/SRR7811139/SRR7811139_1.fastq.gz;ftp.sra.ebi.ac.uk/vol1/fastq/SRR781/009/SRR7811139/SRR7811139_2.fastq.gz							F_MCI_26		Metagenome or environmental sample from human gut metagenome		2018-09-09				GENERATED_FILE;GENERATED_FILE		
SRR7811114	PRJNA489760	SRP160417	SAMN09988775	SRS3757956	SRX4662714	SRA770179	408170	human gut metagenome	ILLUMINA	Illumina MiSeq	F_AD_5		PAIRED	AMPLICON	METATRANSCRIPTOMIC	PCR	49957	29974200	SUB4499500	2018-09-09	2018-09-09	Illumina MiSeq sequencing: DNA-Seq of environmental metagenomes :feces metagenome	Fecal and blood microbiota of AD, MCI and normal controls	PRJNA489760	F_AD_5	851_35_R1.fastq	4788426;7436561	a4a74db81dcf43c79b15f0611d9286b7;54b2bde9c9b113c30d435c9415898644	ftp.sra.ebi.ac.uk/vol1/fastq/SRR781/004/SRR7811114/SRR7811114_1.fastq.gz;ftp.sra.ebi.ac.uk/vol1/fastq/SRR781/004/SRR7811114/SRR7811114_2.fastq.gz	fasp.sra.ebi.ac.uk:/vol1/fastq/SRR781/004/SRR7811114/SRR7811114_1.fastq.gz;fasp.sra.ebi.ac.uk:/vol1/fastq/SRR781/004/SRR7811114/SRR7811114_2.fastq.gz	ftp.sra.ebi.ac.uk/vol1/fastq/SRR781/004/SRR7811114/SRR7811114_1.fastq.gz;ftp.sra.ebi.ac.uk/vol1/fastq/SRR781/004/SRR7811114/SRR7811114_2.fastq.gz							F_AD_5		Metagenome or environmental sample from human gut metagenome		2018-09-09				GENERATED_FILE;GENERATED_FILE		
SRR7811092	PRJNA489760	SRP160417	SAMN09988895	SRS3757979	SRX4662736	SRA770179	1504969	human blood metagenome	ILLUMINA	Illumina MiSeq	B_NC_5		PAIRED	AMPLICON	METATRANSCRIPTOMIC	PCR	43314	26075028	SUB4499500	2018-09-09	2018-09-09	Illumina MiSeq sequencing: DNA-Seq of environmental metagenomes :blood metagenome	Fecal and blood microbiota of AD, MCI and normal controls	PRJNA489760	B_NC_5	HY129_R2.fastq	5225238;7842635	5db4d3dfed0bddd7e2ad8b833d4d29ae;01747fb98389400cfc73c67f64b56bb0	ftp.sra.ebi.ac.uk/vol1/fastq/SRR781/002/SRR7811092/SRR7811092_1.fastq.gz;ftp.sra.ebi.ac.uk/vol1/fastq/SRR781/002/SRR7811092/SRR7811092_2.fastq.gz	fasp.sra.ebi.ac.uk:/vol1/fastq/SRR781/002/SRR7811092/SRR7811092_1.fastq.gz;fasp.sra.ebi.ac.uk:/vol1/fastq/SRR781/002/SRR7811092/SRR7811092_2.fastq.gz	ftp.sra.ebi.ac.uk/vol1/fastq/SRR781/002/SRR7811092/SRR7811092_1.fastq.gz;ftp.sra.ebi.ac.uk/vol1/fastq/SRR781/002/SRR7811092/SRR7811092_2.fastq.gz							B_NC_5		Metagenome or environmental sample from human blood metagenome		2018-09-09				GENERATED_FILE;GENERATED_FILE		
SRR7811140	PRJNA489760	SRP160417	SAMN09988763	SRS3757931	SRX4662688	SRA770179	408170	human gut metagenome	ILLUMINA	Illumina MiSeq	F_MCI_23		PAIRED	AMPLICON	METATRANSCRIPTOMIC	PCR	42192	25315200	SUB4499500	2018-09-09	2018-09-09	Illumina MiSeq sequencing: DNA-Seq of environmental metagenomes :feces metagenome	Fecal and blood microbiota of AD, MCI and normal controls	PRJNA489760	F_MCI_23	851_23_R1.fastq	3900849;5905588	b1d60d542e50d95c437b0acb62d0183c;65d5347ebb4e80804ec384891833646e	ftp.sra.ebi.ac.uk/vol1/fastq/SRR781/000/SRR7811140/SRR7811140_1.fastq.gz;ftp.sra.ebi.ac.uk/vol1/fastq/SRR781/000/SRR7811140/SRR7811140_2.fastq.gz	fasp.sra.ebi.ac.uk:/vol1/fastq/SRR781/000/SRR7811140/SRR7811140_1.fastq.gz;fasp.sra.ebi.ac.uk:/vol1/fastq/SRR781/000/SRR7811140/SRR7811140_2.fastq.gz	ftp.sra.ebi.ac.uk/vol1/fastq/SRR781/000/SRR7811140/SRR7811140_1.fastq.gz;ftp.sra.ebi.ac.uk/vol1/fastq/SRR781/000/SRR7811140/SRR7811140_2.fastq.gz							F_MCI_23		Metagenome or environmental sample from human gut metagenome		2018-09-09				GENERATED_FILE;GENERATED_FILE		
SRR7811096	PRJNA489760	SRP160417	SAMN09988899	SRS3757974	SRX4662732	SRA770179	1504969	human blood metagenome	ILLUMINA	Illumina MiSeq	B_NC_9		PAIRED	AMPLICON	METATRANSCRIPTOMIC	PCR	46106	27755812	SUB4499500	2018-09-09	2018-09-09	Illumina MiSeq sequencing: DNA-Seq of environmental metagenomes :blood metagenome	Fecal and blood microbiota of AD, MCI and normal controls	PRJNA489760	B_NC_9	HY134_R2.fastq	5499017;8249033	c03d977fd97e031f6db8e4fd47010b91;730de893a184e4303c8656332de957f7	ftp.sra.ebi.ac.uk/vol1/fastq/SRR781/006/SRR7811096/SRR7811096_1.fastq.gz;ftp.sra.ebi.ac.uk/vol1/fastq/SRR781/006/SRR7811096/SRR7811096_2.fastq.gz	fasp.sra.ebi.ac.uk:/vol1/fastq/SRR781/006/SRR7811096/SRR7811096_1.fastq.gz;fasp.sra.ebi.ac.uk:/vol1/fastq/SRR781/006/SRR7811096/SRR7811096_2.fastq.gz	ftp.sra.ebi.ac.uk/vol1/fastq/SRR781/006/SRR7811096/SRR7811096_1.fastq.gz;ftp.sra.ebi.ac.uk/vol1/fastq/SRR781/006/SRR7811096/SRR7811096_2.fastq.gz							B_NC_9		Metagenome or environmental sample from human blood metagenome		2018-09-09				GENERATED_FILE;GENERATED_FILE		
SRR7811117	PRJNA489760	SRP160417	SAMN09988772	SRS3757953	SRX4662711	SRA770179	408170	human gut metagenome	ILLUMINA	Illumina MiSeq	F_AD_2		PAIRED	AMPLICON	METATRANSCRIPTOMIC	PCR	33143	19885800	SUB4499500	2018-09-09	2018-09-09	Illumina MiSeq sequencing: DNA-Seq of environmental metagenomes :feces metagenome	Fecal and blood microbiota of AD, MCI and normal controls	PRJNA489760	F_AD_2	851_32_R2.fastq	3211435;4483881	f42404f7b1d35345a5889f522e16ed9a;4b8da8fa52ed99ec5b7445080e9c20e3	ftp.sra.ebi.ac.uk/vol1/fastq/SRR781/007/SRR7811117/SRR7811117_1.fastq.gz;ftp.sra.ebi.ac.uk/vol1/fastq/SRR781/007/SRR7811117/SRR7811117_2.fastq.gz	fasp.sra.ebi.ac.uk:/vol1/fastq/SRR781/007/SRR7811117/SRR7811117_1.fastq.gz;fasp.sra.ebi.ac.uk:/vol1/fastq/SRR781/007/SRR7811117/SRR7811117_2.fastq.gz	ftp.sra.ebi.ac.uk/vol1/fastq/SRR781/007/SRR7811117/SRR7811117_1.fastq.gz;ftp.sra.ebi.ac.uk/vol1/fastq/SRR781/007/SRR7811117/SRR7811117_2.fastq.gz							F_AD_2		Metagenome or environmental sample from human gut metagenome		2018-09-09				GENERATED_FILE;GENERATED_FILE		
SRR7811143	PRJNA489760	SRP160417	SAMN09988762	SRS3757926	SRX4662685	SRA770179	408170	human gut metagenome	ILLUMINA	Illumina MiSeq	F_MCI_22		PAIRED	AMPLICON	METATRANSCRIPTOMIC	PCR	47310	28386000	SUB4499500	2018-09-09	2018-09-09	Illumina MiSeq sequencing: DNA-Seq of environmental metagenomes :feces metagenome	Fecal and blood microbiota of AD, MCI and normal controls	PRJNA489760	F_MCI_22	851_22_R2.fastq	4893694;6833701	81cd3e814ca0f4a6831a5496c573afab;77ca277222f1aae2f91a3a24447212ed	ftp.sra.ebi.ac.uk/vol1/fastq/SRR781/003/SRR7811143/SRR7811143_1.fastq.gz;ftp.sra.ebi.ac.uk/vol1/fastq/SRR781/003/SRR7811143/SRR7811143_2.fastq.gz	fasp.sra.ebi.ac.uk:/vol1/fastq/SRR781/003/SRR7811143/SRR7811143_1.fastq.gz;fasp.sra.ebi.ac.uk:/vol1/fastq/SRR781/003/SRR7811143/SRR7811143_2.fastq.gz	ftp.sra.ebi.ac.uk/vol1/fastq/SRR781/003/SRR7811143/SRR7811143_1.fastq.gz;ftp.sra.ebi.ac.uk/vol1/fastq/SRR781/003/SRR7811143/SRR7811143_2.fastq.gz							F_MCI_22		Metagenome or environmental sample from human gut metagenome		2018-09-09				GENERATED_FILE;GENERATED_FILE		
SRR7811099	PRJNA489760	SRP160417	SAMN09988832	SRS3757971	SRX4662729	SRA770179	1504969	human blood metagenome	ILLUMINA	Illumina MiSeq	B_MCI_2		PAIRED	AMPLICON	METATRANSCRIPTOMIC	PCR	45081	27048600	SUB4499500	2018-09-09	2018-09-09	Illumina MiSeq sequencing: DNA-Seq of environmental metagenomes :blood metagenome	Fecal and blood microbiota of AD, MCI and normal controls	PRJNA489760	B_MCI_2	851_62_R1.fastq	4073473;6018745	5356a2c1b8363a079205073ca69c9a38;fd39180075c5a57cd6393254bb2fb5af	ftp.sra.ebi.ac.uk/vol1/fastq/SRR781/009/SRR7811099/SRR7811099_1.fastq.gz;ftp.sra.ebi.ac.uk/vol1/fastq/SRR781/009/SRR7811099/SRR7811099_2.fastq.gz	fasp.sra.ebi.ac.uk:/vol1/fastq/SRR781/009/SRR7811099/SRR7811099_1.fastq.gz;fasp.sra.ebi.ac.uk:/vol1/fastq/SRR781/009/SRR7811099/SRR7811099_2.fastq.gz	ftp.sra.ebi.ac.uk/vol1/fastq/SRR781/009/SRR7811099/SRR7811099_1.fastq.gz;ftp.sra.ebi.ac.uk/vol1/fastq/SRR781/009/SRR7811099/SRR7811099_2.fastq.gz							B_MCI_2		Metagenome or environmental sample from human blood metagenome		2018-09-09				GENERATED_FILE;GENERATED_FILE		
SRR7811118	PRJNA489760	SRP160417	SAMN09988771	SRS3757954	SRX4662710	SRA770179	408170	human gut metagenome	ILLUMINA	Illumina MiSeq	F_AD_1		PAIRED	AMPLICON	METATRANSCRIPTOMIC	PCR	46072	27643200	SUB4499500	2018-09-09	2018-09-09	Illumina MiSeq sequencing: DNA-Seq of environmental metagenomes :feces metagenome	Fecal and blood microbiota of AD, MCI and normal controls	PRJNA489760	F_AD_1	851_31_R2.fastq	4325725;6404136	8c57703b4eb7df2f40f0b38f939bebfd;4d09a64829aef1f4d7f3ab3ca90950bd	ftp.sra.ebi.ac.uk/vol1/fastq/SRR781/008/SRR7811118/SRR7811118_1.fastq.gz;ftp.sra.ebi.ac.uk/vol1/fastq/SRR781/008/SRR7811118/SRR7811118_2.fastq.gz	fasp.sra.ebi.ac.uk:/vol1/fastq/SRR781/008/SRR7811118/SRR7811118_1.fastq.gz;fasp.sra.ebi.ac.uk:/vol1/fastq/SRR781/008/SRR7811118/SRR7811118_2.fastq.gz	ftp.sra.ebi.ac.uk/vol1/fastq/SRR781/008/SRR7811118/SRR7811118_1.fastq.gz;ftp.sra.ebi.ac.uk/vol1/fastq/SRR781/008/SRR7811118/SRR7811118_2.fastq.gz							F_AD_1		Metagenome or environmental sample from human gut metagenome		2018-09-09				GENERATED_FILE;GENERATED_FILE		
SRR7811145	PRJNA489760	SRP160417	SAMN09988850	SRS3757928	SRX4662683	SRA770179	1504969	human blood metagenome	ILLUMINA	Illumina MiSeq	B_MCI_20		PAIRED	AMPLICON	METATRANSCRIPTOMIC	PCR	32512	19507200	SUB4499500	2018-09-09	2018-09-09	Illumina MiSeq sequencing: DNA-Seq of environmental metagenomes :blood metagenome	Fecal and blood microbiota of AD, MCI and normal controls	PRJNA489760	B_MCI_20	851_80_R1.fastq	2913325;4573476	7f541be8ec945ccf37b8fa39a3eaea48;34fbcc2239bae1fee9f156e28c000a84	ftp.sra.ebi.ac.uk/vol1/fastq/SRR781/005/SRR7811145/SRR7811145_1.fastq.gz;ftp.sra.ebi.ac.uk/vol1/fastq/SRR781/005/SRR7811145/SRR7811145_2.fastq.gz	fasp.sra.ebi.ac.uk:/vol1/fastq/SRR781/005/SRR7811145/SRR7811145_1.fastq.gz;fasp.sra.ebi.ac.uk:/vol1/fastq/SRR781/005/SRR7811145/SRR7811145_2.fastq.gz	ftp.sra.ebi.ac.uk/vol1/fastq/SRR781/005/SRR7811145/SRR7811145_1.fastq.gz;ftp.sra.ebi.ac.uk/vol1/fastq/SRR781/005/SRR7811145/SRR7811145_2.fastq.gz							B_MCI_20		Metagenome or environmental sample from human blood metagenome		2018-09-09				GENERATED_FILE;GENERATED_FILE		
SRR7811102	PRJNA489760	SRP160417	SAMN09988867	SRS3757968	SRX4662726	SRA770179	1504969	human blood metagenome	ILLUMINA	Illumina MiSeq	B_AD_7		PAIRED	AMPLICON	METATRANSCRIPTOMIC	PCR	35730	21438000	SUB4499500	2018-09-09	2018-09-09	Illumina MiSeq sequencing: DNA-Seq of environmental metagenomes :blood metagenome	Fecal and blood microbiota of AD, MCI and normal controls	PRJNA489760	B_AD_7	851_97_R1.fastq	3303589;4708193	b9232b5f867088db71f63ad863fc5de3;22a5fa208e9aab8adfbdaf25397e8a0f	ftp.sra.ebi.ac.uk/vol1/fastq/SRR781/002/SRR7811102/SRR7811102_1.fastq.gz;ftp.sra.ebi.ac.uk/vol1/fastq/SRR781/002/SRR7811102/SRR7811102_2.fastq.gz	fasp.sra.ebi.ac.uk:/vol1/fastq/SRR781/002/SRR7811102/SRR7811102_1.fastq.gz;fasp.sra.ebi.ac.uk:/vol1/fastq/SRR781/002/SRR7811102/SRR7811102_2.fastq.gz	ftp.sra.ebi.ac.uk/vol1/fastq/SRR781/002/SRR7811102/SRR7811102_1.fastq.gz;ftp.sra.ebi.ac.uk/vol1/fastq/SRR781/002/SRR7811102/SRR7811102_2.fastq.gz							B_AD_7		Metagenome or environmental sample from human blood metagenome		2018-09-09				GENERATED_FILE;GENERATED_FILE		
SRR7811119	PRJNA489760	SRP160417	SAMN09988774	SRS3757952	SRX4662709	SRA770179	408170	human gut metagenome	ILLUMINA	Illumina MiSeq	F_AD_4		PAIRED	AMPLICON	METATRANSCRIPTOMIC	PCR	36409	21845400	SUB4499500	2018-09-09	2018-09-09	Illumina MiSeq sequencing: DNA-Seq of environmental metagenomes :feces metagenome	Fecal and blood microbiota of AD, MCI and normal controls	PRJNA489760	F_AD_4	851_34_R2.fastq	3856626;5321313	dc1a4cb435524a3107922ab90a49fb00;21a007beac0cc3595937967b1e11bef8	ftp.sra.ebi.ac.uk/vol1/fastq/SRR781/009/SRR7811119/SRR7811119_1.fastq.gz;ftp.sra.ebi.ac.uk/vol1/fastq/SRR781/009/SRR7811119/SRR7811119_2.fastq.gz	fasp.sra.ebi.ac.uk:/vol1/fastq/SRR781/009/SRR7811119/SRR7811119_1.fastq.gz;fasp.sra.ebi.ac.uk:/vol1/fastq/SRR781/009/SRR7811119/SRR7811119_2.fastq.gz	ftp.sra.ebi.ac.uk/vol1/fastq/SRR781/009/SRR7811119/SRR7811119_1.fastq.gz;ftp.sra.ebi.ac.uk/vol1/fastq/SRR781/009/SRR7811119/SRR7811119_2.fastq.gz							F_AD_4		Metagenome or environmental sample from human gut metagenome		2018-09-09				GENERATED_FILE;GENERATED_FILE		
SRR7811151	PRJNA489760	SRP160417	SAMN09988844	SRS3757921	SRX4662677	SRA770179	1504969	human blood metagenome	ILLUMINA	Illumina MiSeq	B_MCI_14		PAIRED	AMPLICON	METATRANSCRIPTOMIC	PCR	43930	26358000	SUB4499500	2018-09-09	2018-09-09	Illumina MiSeq sequencing: DNA-Seq of environmental metagenomes :blood metagenome	Fecal and blood microbiota of AD, MCI and normal controls	PRJNA489760	B_MCI_14	851_74_R1.fastq	3833123;5460161	90cb0351ce7dd19e510d3a45a6e91df6;ee842fdbaa696b540b12763c82f7e1a2	ftp.sra.ebi.ac.uk/vol1/fastq/SRR781/001/SRR7811151/SRR7811151_1.fastq.gz;ftp.sra.ebi.ac.uk/vol1/fastq/SRR781/001/SRR7811151/SRR7811151_2.fastq.gz	fasp.sra.ebi.ac.uk:/vol1/fastq/SRR781/001/SRR7811151/SRR7811151_1.fastq.gz;fasp.sra.ebi.ac.uk:/vol1/fastq/SRR781/001/SRR7811151/SRR7811151_2.fastq.gz	ftp.sra.ebi.ac.uk/vol1/fastq/SRR781/001/SRR7811151/SRR7811151_1.fastq.gz;ftp.sra.ebi.ac.uk/vol1/fastq/SRR781/001/SRR7811151/SRR7811151_2.fastq.gz							B_MCI_14		Metagenome or environmental sample from human blood metagenome		2018-09-09				GENERATED_FILE;GENERATED_FILE		
SRR7811120	PRJNA489760	SRP160417	SAMN09988773	SRS3757951	SRX4662708	SRA770179	408170	human gut metagenome	ILLUMINA	Illumina MiSeq	F_AD_3		PAIRED	AMPLICON	METATRANSCRIPTOMIC	PCR	48786	29271600	SUB4499500	2018-09-09	2018-09-09	Illumina MiSeq sequencing: DNA-Seq of environmental metagenomes :feces metagenome	Fecal and blood microbiota of AD, MCI and normal controls	PRJNA489760	F_AD_3	851_33_R2.fastq	4723552;6946121	ccd622ff418a5ce8093a249eb0c5fac4;961775f1d7f1b73e17133adb78a07e2f	ftp.sra.ebi.ac.uk/vol1/fastq/SRR781/000/SRR7811120/SRR7811120_1.fastq.gz;ftp.sra.ebi.ac.uk/vol1/fastq/SRR781/000/SRR7811120/SRR7811120_2.fastq.gz	fasp.sra.ebi.ac.uk:/vol1/fastq/SRR781/000/SRR7811120/SRR7811120_1.fastq.gz;fasp.sra.ebi.ac.uk:/vol1/fastq/SRR781/000/SRR7811120/SRR7811120_2.fastq.gz	ftp.sra.ebi.ac.uk/vol1/fastq/SRR781/000/SRR7811120/SRR7811120_1.fastq.gz;ftp.sra.ebi.ac.uk/vol1/fastq/SRR781/000/SRR7811120/SRR7811120_2.fastq.gz							F_AD_3		Metagenome or environmental sample from human gut metagenome		2018-09-09				GENERATED_FILE;GENERATED_FILE		
SRR7811153	PRJNA489760	SRP160417	SAMN09988842	SRS3757918	SRX4662675	SRA770179	1504969	human blood metagenome	ILLUMINA	Illumina MiSeq	B_MCI_12		PAIRED	AMPLICON	METATRANSCRIPTOMIC	PCR	38581	23148600	SUB4499500	2018-09-09	2018-09-09	Illumina MiSeq sequencing: DNA-Seq of environmental metagenomes :blood metagenome	Fecal and blood microbiota of AD, MCI and normal controls	PRJNA489760	B_MCI_12	851_72_R1.fastq	3622900;5394503	d9fcfda6dfcb6d1ef3f92ea3fe35e004;bf43ea2ecd664a856d17f8c4abb1ff66	ftp.sra.ebi.ac.uk/vol1/fastq/SRR781/003/SRR7811153/SRR7811153_1.fastq.gz;ftp.sra.ebi.ac.uk/vol1/fastq/SRR781/003/SRR7811153/SRR7811153_2.fastq.gz	fasp.sra.ebi.ac.uk:/vol1/fastq/SRR781/003/SRR7811153/SRR7811153_1.fastq.gz;fasp.sra.ebi.ac.uk:/vol1/fastq/SRR781/003/SRR7811153/SRR7811153_2.fastq.gz	ftp.sra.ebi.ac.uk/vol1/fastq/SRR781/003/SRR7811153/SRR7811153_1.fastq.gz;ftp.sra.ebi.ac.uk/vol1/fastq/SRR781/003/SRR7811153/SRR7811153_2.fastq.gz							B_MCI_12		Metagenome or environmental sample from human blood metagenome		2018-09-09				GENERATED_FILE;GENERATED_FILE		
SRR7811103	PRJNA489760	SRP160417	SAMN09988868	SRS3757967	SRX4662725	SRA770179	1504969	human blood metagenome	ILLUMINA	Illumina MiSeq	B_AD_8		PAIRED	AMPLICON	METATRANSCRIPTOMIC	PCR	21235	12741000	SUB4499500	2018-09-09	2018-09-09	Illumina MiSeq sequencing: DNA-Seq of environmental metagenomes :blood metagenome	Fecal and blood microbiota of AD, MCI and normal controls	PRJNA489760	B_AD_8	851_98_R2.fastq	1792044;3133488	b14f498fc657e1381a6f7c1fe68c95ee;7d9184993b615ffa5e5474b0b3a842b5	ftp.sra.ebi.ac.uk/vol1/fastq/SRR781/003/SRR7811103/SRR7811103_1.fastq.gz;ftp.sra.ebi.ac.uk/vol1/fastq/SRR781/003/SRR7811103/SRR7811103_2.fastq.gz	fasp.sra.ebi.ac.uk:/vol1/fastq/SRR781/003/SRR7811103/SRR7811103_1.fastq.gz;fasp.sra.ebi.ac.uk:/vol1/fastq/SRR781/003/SRR7811103/SRR7811103_2.fastq.gz	ftp.sra.ebi.ac.uk/vol1/fastq/SRR781/003/SRR7811103/SRR7811103_1.fastq.gz;ftp.sra.ebi.ac.uk/vol1/fastq/SRR781/003/SRR7811103/SRR7811103_2.fastq.gz							B_AD_8		Metagenome or environmental sample from human blood metagenome		2018-09-09				GENERATED_FILE;GENERATED_FILE		
SRR7811156	PRJNA489760	SRP160417	SAMN09988800	SRS3757914	SRX4662672	SRA770179	408170	human gut metagenome	ILLUMINA	Illumina MiSeq	F_AD_30		PAIRED	AMPLICON	METATRANSCRIPTOMIC	PCR	29896	17937600	SUB4499500	2018-09-09	2018-09-09	Illumina MiSeq sequencing: DNA-Seq of environmental metagenomes :feces metagenome	Fecal and blood microbiota of AD, MCI and normal controls	PRJNA489760	F_AD_30	851_60_R1.fastq	2872042;4139540	4b7b61fbb08a868244dfa92c6adb1c11;b5418815eee552a7831f4d3946f09627	ftp.sra.ebi.ac.uk/vol1/fastq/SRR781/006/SRR7811156/SRR7811156_1.fastq.gz;ftp.sra.ebi.ac.uk/vol1/fastq/SRR781/006/SRR7811156/SRR7811156_2.fastq.gz	fasp.sra.ebi.ac.uk:/vol1/fastq/SRR781/006/SRR7811156/SRR7811156_1.fastq.gz;fasp.sra.ebi.ac.uk:/vol1/fastq/SRR781/006/SRR7811156/SRR7811156_2.fastq.gz	ftp.sra.ebi.ac.uk/vol1/fastq/SRR781/006/SRR7811156/SRR7811156_1.fastq.gz;ftp.sra.ebi.ac.uk/vol1/fastq/SRR781/006/SRR7811156/SRR7811156_2.fastq.gz							F_AD_30		Metagenome or environmental sample from human gut metagenome		2018-09-09				GENERATED_FILE;GENERATED_FILE		
SRR7811108	PRJNA489760	SRP160417	SAMN09988830	SRS3757961	SRX4662720	SRA770179	408170	human gut metagenome	ILLUMINA	Illumina MiSeq	F_NC_30		PAIRED	AMPLICON	METATRANSCRIPTOMIC	PCR	36068	21712936	SUB4499500	2018-09-09	2018-09-09	Illumina MiSeq sequencing: DNA-Seq of environmental metagenomes :feces metagenome	Fecal and blood microbiota of AD, MCI and normal controls	PRJNA489760	F_NC_30	HY80_R1.fastq	4534853;6273210	ebebfb6b15d3df155e2075d99365fb2e;19383b923028d90d2924c589f3039c08	ftp.sra.ebi.ac.uk/vol1/fastq/SRR781/008/SRR7811108/SRR7811108_1.fastq.gz;ftp.sra.ebi.ac.uk/vol1/fastq/SRR781/008/SRR7811108/SRR7811108_2.fastq.gz	fasp.sra.ebi.ac.uk:/vol1/fastq/SRR781/008/SRR7811108/SRR7811108_1.fastq.gz;fasp.sra.ebi.ac.uk:/vol1/fastq/SRR781/008/SRR7811108/SRR7811108_2.fastq.gz	ftp.sra.ebi.ac.uk/vol1/fastq/SRR781/008/SRR7811108/SRR7811108_1.fastq.gz;ftp.sra.ebi.ac.uk/vol1/fastq/SRR781/008/SRR7811108/SRR7811108_2.fastq.gz							F_NC_30		Metagenome or environmental sample from human gut metagenome		2018-09-09				GENERATED_FILE;GENERATED_FILE		
SRR7811159	PRJNA489760	SRP160417	SAMN09988793	SRS3757912	SRX4662669	SRA770179	408170	human gut metagenome	ILLUMINA	Illumina MiSeq	F_AD_23		PAIRED	AMPLICON	METATRANSCRIPTOMIC	PCR	46386	27831600	SUB4499500	2018-09-09	2018-09-09	Illumina MiSeq sequencing: DNA-Seq of environmental metagenomes :feces metagenome	Fecal and blood microbiota of AD, MCI and normal controls	PRJNA489760	F_AD_23	851_53_R1.fastq	4749405;6765427	ca6036062d8363709cf067998fd84ed1;3b6dbc6dd7fd4c69e8a1bef10a1c3901	ftp.sra.ebi.ac.uk/vol1/fastq/SRR781/009/SRR7811159/SRR7811159_1.fastq.gz;ftp.sra.ebi.ac.uk/vol1/fastq/SRR781/009/SRR7811159/SRR7811159_2.fastq.gz	fasp.sra.ebi.ac.uk:/vol1/fastq/SRR781/009/SRR7811159/SRR7811159_1.fastq.gz;fasp.sra.ebi.ac.uk:/vol1/fastq/SRR781/009/SRR7811159/SRR7811159_2.fastq.gz	ftp.sra.ebi.ac.uk/vol1/fastq/SRR781/009/SRR7811159/SRR7811159_1.fastq.gz;ftp.sra.ebi.ac.uk/vol1/fastq/SRR781/009/SRR7811159/SRR7811159_2.fastq.gz							F_AD_23		Metagenome or environmental sample from human gut metagenome		2018-09-09				GENERATED_FILE;GENERATED_FILE		
SRR7811122	PRJNA489760	SRP160417	SAMN09988874	SRS3757949	SRX4662706	SRA770179	1504969	human blood metagenome	ILLUMINA	Illumina MiSeq	B_AD_14		PAIRED	AMPLICON	METATRANSCRIPTOMIC	PCR	30664	18398400	SUB4499500	2018-09-09	2018-09-09	Illumina MiSeq sequencing: DNA-Seq of environmental metagenomes :blood metagenome	Fecal and blood microbiota of AD, MCI and normal controls	PRJNA489760	B_AD_14	851_104_R2.fastq	2934284;4477168	758053257e3099f9154ef03a383fb8cb;92de628e3cb752c584233277d04b8c32	ftp.sra.ebi.ac.uk/vol1/fastq/SRR781/002/SRR7811122/SRR7811122_1.fastq.gz;ftp.sra.ebi.ac.uk/vol1/fastq/SRR781/002/SRR7811122/SRR7811122_2.fastq.gz	fasp.sra.ebi.ac.uk:/vol1/fastq/SRR781/002/SRR7811122/SRR7811122_1.fastq.gz;fasp.sra.ebi.ac.uk:/vol1/fastq/SRR781/002/SRR7811122/SRR7811122_2.fastq.gz	ftp.sra.ebi.ac.uk/vol1/fastq/SRR781/002/SRR7811122/SRR7811122_1.fastq.gz;ftp.sra.ebi.ac.uk/vol1/fastq/SRR781/002/SRR7811122/SRR7811122_2.fastq.gz							B_AD_14		Metagenome or environmental sample from human blood metagenome		2018-09-09				GENERATED_FILE;GENERATED_FILE		
SRR7811111	PRJNA489760	SRP160417	SAMN09988780	SRS3757960	SRX4662717	SRA770179	408170	human gut metagenome	ILLUMINA	Illumina MiSeq	F_AD_10		PAIRED	AMPLICON	METATRANSCRIPTOMIC	PCR	32759	19655400	SUB4499500	2018-09-09	2018-09-09	Illumina MiSeq sequencing: DNA-Seq of environmental metagenomes :feces metagenome	Fecal and blood microbiota of AD, MCI and normal controls	PRJNA489760	F_AD_10	851_40_R2.fastq	3372553;4856073	464bbf57ff2836d616724ee41a766932;25a057103761e12c85509a2c81c09b14	ftp.sra.ebi.ac.uk/vol1/fastq/SRR781/001/SRR7811111/SRR7811111_1.fastq.gz;ftp.sra.ebi.ac.uk/vol1/fastq/SRR781/001/SRR7811111/SRR7811111_2.fastq.gz	fasp.sra.ebi.ac.uk:/vol1/fastq/SRR781/001/SRR7811111/SRR7811111_1.fastq.gz;fasp.sra.ebi.ac.uk:/vol1/fastq/SRR781/001/SRR7811111/SRR7811111_2.fastq.gz	ftp.sra.ebi.ac.uk/vol1/fastq/SRR781/001/SRR7811111/SRR7811111_1.fastq.gz;ftp.sra.ebi.ac.uk/vol1/fastq/SRR781/001/SRR7811111/SRR7811111_2.fastq.gz							F_AD_10		Metagenome or environmental sample from human gut metagenome		2018-09-09				GENERATED_FILE;GENERATED_FILE		
SRR7811161	PRJNA489760	SRP160417	SAMN09988791	SRS3757910	SRX4662667	SRA770179	408170	human gut metagenome	ILLUMINA	Illumina MiSeq	F_AD_21		PAIRED	AMPLICON	METATRANSCRIPTOMIC	PCR	46620	27972000	SUB4499500	2018-09-09	2018-09-09	Illumina MiSeq sequencing: DNA-Seq of environmental metagenomes :feces metagenome	Fecal and blood microbiota of AD, MCI and normal controls	PRJNA489760	F_AD_21	851_51_R1.fastq	4522092;6508231	50d9e0b7918622d32ed41ae8e71f6ac7;f8ffd15163356861fe7c2833a451b25a	ftp.sra.ebi.ac.uk/vol1/fastq/SRR781/001/SRR7811161/SRR7811161_1.fastq.gz;ftp.sra.ebi.ac.uk/vol1/fastq/SRR781/001/SRR7811161/SRR7811161_2.fastq.gz	fasp.sra.ebi.ac.uk:/vol1/fastq/SRR781/001/SRR7811161/SRR7811161_1.fastq.gz;fasp.sra.ebi.ac.uk:/vol1/fastq/SRR781/001/SRR7811161/SRR7811161_2.fastq.gz	ftp.sra.ebi.ac.uk/vol1/fastq/SRR781/001/SRR7811161/SRR7811161_1.fastq.gz;ftp.sra.ebi.ac.uk/vol1/fastq/SRR781/001/SRR7811161/SRR7811161_2.fastq.gz							F_AD_21		Metagenome or environmental sample from human gut metagenome		2018-09-09				GENERATED_FILE;GENERATED_FILE		
SRR7811124	PRJNA489760	SRP160417	SAMN09988872	SRS3757946	SRX4662704	SRA770179	1504969	human blood metagenome	ILLUMINA	Illumina MiSeq	B_AD_12		PAIRED	AMPLICON	METATRANSCRIPTOMIC	PCR	41894	25136400	SUB4499500	2018-09-09	2018-09-09	Illumina MiSeq sequencing: DNA-Seq of environmental metagenomes :blood metagenome	Fecal and blood microbiota of AD, MCI and normal controls	PRJNA489760	B_AD_12	851_102_R2.fastq	3796857;6065848	df717c37549e68842f6d73e50e440f9d;11d1fbc38fc91112e2007b3a65e58d63	ftp.sra.ebi.ac.uk/vol1/fastq/SRR781/004/SRR7811124/SRR7811124_1.fastq.gz;ftp.sra.ebi.ac.uk/vol1/fastq/SRR781/004/SRR7811124/SRR7811124_2.fastq.gz	fasp.sra.ebi.ac.uk:/vol1/fastq/SRR781/004/SRR7811124/SRR7811124_1.fastq.gz;fasp.sra.ebi.ac.uk:/vol1/fastq/SRR781/004/SRR7811124/SRR7811124_2.fastq.gz	ftp.sra.ebi.ac.uk/vol1/fastq/SRR781/004/SRR7811124/SRR7811124_1.fastq.gz;ftp.sra.ebi.ac.uk/vol1/fastq/SRR781/004/SRR7811124/SRR7811124_2.fastq.gz							B_AD_12		Metagenome or environmental sample from human blood metagenome		2018-09-09				GENERATED_FILE;GENERATED_FILE		
SRR7811163	PRJNA489760	SRP160417	SAMN09988797	SRS3757908	SRX4662665	SRA770179	408170	human gut metagenome	ILLUMINA	Illumina MiSeq	F_AD_27		PAIRED	AMPLICON	METATRANSCRIPTOMIC	PCR	43146	25887600	SUB4499500	2018-09-09	2018-09-09	Illumina MiSeq sequencing: DNA-Seq of environmental metagenomes :feces metagenome	Fecal and blood microbiota of AD, MCI and normal controls	PRJNA489760	F_AD_27	851_57_R2.fastq	4165940;6067691	3c06cad99c8e9917d53c39103f87eb74;1a0ac62beb3f946cc09fff3f12f60b87	ftp.sra.ebi.ac.uk/vol1/fastq/SRR781/003/SRR7811163/SRR7811163_1.fastq.gz;ftp.sra.ebi.ac.uk/vol1/fastq/SRR781/003/SRR7811163/SRR7811163_2.fastq.gz	fasp.sra.ebi.ac.uk:/vol1/fastq/SRR781/003/SRR7811163/SRR7811163_1.fastq.gz;fasp.sra.ebi.ac.uk:/vol1/fastq/SRR781/003/SRR7811163/SRR7811163_2.fastq.gz	ftp.sra.ebi.ac.uk/vol1/fastq/SRR781/003/SRR7811163/SRR7811163_1.fastq.gz;ftp.sra.ebi.ac.uk/vol1/fastq/SRR781/003/SRR7811163/SRR7811163_2.fastq.gz							F_AD_27		Metagenome or environmental sample from human gut metagenome		2018-09-09				GENERATED_FILE;GENERATED_FILE		
SRR7811116	PRJNA489760	SRP160417	SAMN09988777	SRS3758064	SRX4662712	SRA770179	408170	human gut metagenome	ILLUMINA	Illumina MiSeq	F_AD_7		PAIRED	AMPLICON	METATRANSCRIPTOMIC	PCR	46489	27893400	SUB4499500	2018-09-09	2018-09-09	Illumina MiSeq sequencing: DNA-Seq of environmental metagenomes :feces metagenome	Fecal and blood microbiota of AD, MCI and normal controls	PRJNA489760	F_AD_7	851_37_R1.fastq	4518146;6418736	a47d667b5ea15d2e8d9e6bc67730a6f1;e5e836aa8c1412755e5ad6c04113c9d8	ftp.sra.ebi.ac.uk/vol1/fastq/SRR781/006/SRR7811116/SRR7811116_1.fastq.gz;ftp.sra.ebi.ac.uk/vol1/fastq/SRR781/006/SRR7811116/SRR7811116_2.fastq.gz	fasp.sra.ebi.ac.uk:/vol1/fastq/SRR781/006/SRR7811116/SRR7811116_1.fastq.gz;fasp.sra.ebi.ac.uk:/vol1/fastq/SRR781/006/SRR7811116/SRR7811116_2.fastq.gz	ftp.sra.ebi.ac.uk/vol1/fastq/SRR781/006/SRR7811116/SRR7811116_1.fastq.gz;ftp.sra.ebi.ac.uk/vol1/fastq/SRR781/006/SRR7811116/SRR7811116_2.fastq.gz							F_AD_7		Metagenome or environmental sample from human gut metagenome		2018-09-09				GENERATED_FILE;GENERATED_FILE		
SRR7811125	PRJNA489760	SRP160417	SAMN09988871	SRS3757947	SRX4662703	SRA770179	1504969	human blood metagenome	ILLUMINA	Illumina MiSeq	B_AD_11		PAIRED	AMPLICON	METATRANSCRIPTOMIC	PCR	25425	15255000	SUB4499500	2018-09-09	2018-09-09	Illumina MiSeq sequencing: DNA-Seq of environmental metagenomes :blood metagenome	Fecal and blood microbiota of AD, MCI and normal controls	PRJNA489760	B_AD_11	851_101_R2.fastq	2376346;3652741	3657ce1516f0869a7d839657169c4521;c5a38b0c47633f136538cea9d02d11e7	ftp.sra.ebi.ac.uk/vol1/fastq/SRR781/005/SRR7811125/SRR7811125_1.fastq.gz;ftp.sra.ebi.ac.uk/vol1/fastq/SRR781/005/SRR7811125/SRR7811125_2.fastq.gz	fasp.sra.ebi.ac.uk:/vol1/fastq/SRR781/005/SRR7811125/SRR7811125_1.fastq.gz;fasp.sra.ebi.ac.uk:/vol1/fastq/SRR781/005/SRR7811125/SRR7811125_2.fastq.gz	ftp.sra.ebi.ac.uk/vol1/fastq/SRR781/005/SRR7811125/SRR7811125_1.fastq.gz;ftp.sra.ebi.ac.uk/vol1/fastq/SRR781/005/SRR7811125/SRR7811125_2.fastq.gz							B_AD_11		Metagenome or environmental sample from human blood metagenome		2018-09-09				GENERATED_FILE;GENERATED_FILE		
SRR7811164	PRJNA489760	SRP160417	SAMN09988796	SRS3757907	SRX4662664	SRA770179	408170	human gut metagenome	ILLUMINA	Illumina MiSeq	F_AD_26		PAIRED	AMPLICON	METATRANSCRIPTOMIC	PCR	44654	26792400	SUB4499500	2018-09-09	2018-09-09	Illumina MiSeq sequencing: DNA-Seq of environmental metagenomes :feces metagenome	Fecal and blood microbiota of AD, MCI and normal controls	PRJNA489760	F_AD_26	851_56_R1.fastq	4605435;6545828	e5f38d67725dc723a29d599df8571fbe;55a6bf0f009c72c03de56fe3ba6bd8a1	ftp.sra.ebi.ac.uk/vol1/fastq/SRR781/004/SRR7811164/SRR7811164_1.fastq.gz;ftp.sra.ebi.ac.uk/vol1/fastq/SRR781/004/SRR7811164/SRR7811164_2.fastq.gz	fasp.sra.ebi.ac.uk:/vol1/fastq/SRR781/004/SRR7811164/SRR7811164_1.fastq.gz;fasp.sra.ebi.ac.uk:/vol1/fastq/SRR781/004/SRR7811164/SRR7811164_2.fastq.gz	ftp.sra.ebi.ac.uk/vol1/fastq/SRR781/004/SRR7811164/SRR7811164_1.fastq.gz;ftp.sra.ebi.ac.uk/vol1/fastq/SRR781/004/SRR7811164/SRR7811164_2.fastq.gz							F_AD_26		Metagenome or environmental sample from human gut metagenome		2018-09-09				GENERATED_FILE;GENERATED_FILE		
SRR7811121	PRJNA489760	SRP160417	SAMN09988748	SRS3757950	SRX4662707	SRA770179	408170	human gut metagenome	ILLUMINA	Illumina MiSeq	F_MCI_8		PAIRED	AMPLICON	METATRANSCRIPTOMIC	PCR	49641	29784600	SUB4499500	2018-09-09	2018-09-09	Illumina MiSeq sequencing: DNA-Seq of environmental metagenomes :feces metagenome	Fecal and blood microbiota of AD, MCI and normal controls	PRJNA489760	F_MCI_8	851_8_R1.fastq	4793840;6949240	cbad04f1667c1f97b4259fc8e8c3f41a;70eb1c15b9b0c948208e4132a0f7b259	ftp.sra.ebi.ac.uk/vol1/fastq/SRR781/001/SRR7811121/SRR7811121_1.fastq.gz;ftp.sra.ebi.ac.uk/vol1/fastq/SRR781/001/SRR7811121/SRR7811121_2.fastq.gz	fasp.sra.ebi.ac.uk:/vol1/fastq/SRR781/001/SRR7811121/SRR7811121_1.fastq.gz;fasp.sra.ebi.ac.uk:/vol1/fastq/SRR781/001/SRR7811121/SRR7811121_2.fastq.gz	ftp.sra.ebi.ac.uk/vol1/fastq/SRR781/001/SRR7811121/SRR7811121_1.fastq.gz;ftp.sra.ebi.ac.uk/vol1/fastq/SRR781/001/SRR7811121/SRR7811121_2.fastq.gz							F_MCI_8		Metagenome or environmental sample from human gut metagenome		2018-09-09				GENERATED_FILE;GENERATED_FILE		
SRR7811126	PRJNA489760	SRP160417	SAMN09988742	SRS3757944	SRX4662702	SRA770179	408170	human gut metagenome	ILLUMINA	Illumina MiSeq	F_MCI_2		PAIRED	AMPLICON	METATRANSCRIPTOMIC	PCR	48239	28943400	SUB4499500	2018-09-09	2018-09-09	Illumina MiSeq sequencing: DNA-Seq of environmental metagenomes :feces metagenome	Fecal and blood microbiota of AD, MCI and normal controls	PRJNA489760	F_MCI_2	851_2_R1.fastq	4565458;6980012	07dbd3a973667b363ff3a746667e7caa;625033643fe370168aabc5c894e3aa49	ftp.sra.ebi.ac.uk/vol1/fastq/SRR781/006/SRR7811126/SRR7811126_1.fastq.gz;ftp.sra.ebi.ac.uk/vol1/fastq/SRR781/006/SRR7811126/SRR7811126_2.fastq.gz	fasp.sra.ebi.ac.uk:/vol1/fastq/SRR781/006/SRR7811126/SRR7811126_1.fastq.gz;fasp.sra.ebi.ac.uk:/vol1/fastq/SRR781/006/SRR7811126/SRR7811126_2.fastq.gz	ftp.sra.ebi.ac.uk/vol1/fastq/SRR781/006/SRR7811126/SRR7811126_1.fastq.gz;ftp.sra.ebi.ac.uk/vol1/fastq/SRR781/006/SRR7811126/SRR7811126_2.fastq.gz							F_MCI_2		Metagenome or environmental sample from human gut metagenome		2018-09-09				GENERATED_FILE;GENERATED_FILE		
SRR7811168	PRJNA489760	SRP160417	SAMN09988856	SRS3757905	SRX4662660	SRA770179	1504969	human blood metagenome	ILLUMINA	Illumina MiSeq	B_MCI_26		PAIRED	AMPLICON	METATRANSCRIPTOMIC	PCR	31170	18702000	SUB4499500	2018-09-09	2018-09-09	Illumina MiSeq sequencing: DNA-Seq of environmental metagenomes :blood metagenome	Fecal and blood microbiota of AD, MCI and normal controls	PRJNA489760	B_MCI_26	851_86_R2.fastq	2841685;4201660	d1a91abb2040167e01c73ef1bc58c256;c7fbad30ae77941fb5c4f50f4bc81308	ftp.sra.ebi.ac.uk/vol1/fastq/SRR781/008/SRR7811168/SRR7811168_1.fastq.gz;ftp.sra.ebi.ac.uk/vol1/fastq/SRR781/008/SRR7811168/SRR7811168_2.fastq.gz	fasp.sra.ebi.ac.uk:/vol1/fastq/SRR781/008/SRR7811168/SRR7811168_1.fastq.gz;fasp.sra.ebi.ac.uk:/vol1/fastq/SRR781/008/SRR7811168/SRR7811168_2.fastq.gz	ftp.sra.ebi.ac.uk/vol1/fastq/SRR781/008/SRR7811168/SRR7811168_1.fastq.gz;ftp.sra.ebi.ac.uk/vol1/fastq/SRR781/008/SRR7811168/SRR7811168_2.fastq.gz							B_MCI_26		Metagenome or environmental sample from human blood metagenome		2018-09-09				GENERATED_FILE;GENERATED_FILE		
SRR7811123	PRJNA489760	SRP160417	SAMN09988873	SRS3757948	SRX4662705	SRA770179	1504969	human blood metagenome	ILLUMINA	Illumina MiSeq	B_AD_13		PAIRED	AMPLICON	METATRANSCRIPTOMIC	PCR	31810	19086000	SUB4499500	2018-09-09	2018-09-09	Illumina MiSeq sequencing: DNA-Seq of environmental metagenomes :blood metagenome	Fecal and blood microbiota of AD, MCI and normal controls	PRJNA489760	B_AD_13	851_103_R2.fastq	2918790;4490517	09c6f9826432df938044b8a47ed0ce99;d227445ca6136349eba1d29b9a5852d2	ftp.sra.ebi.ac.uk/vol1/fastq/SRR781/003/SRR7811123/SRR7811123_1.fastq.gz;ftp.sra.ebi.ac.uk/vol1/fastq/SRR781/003/SRR7811123/SRR7811123_2.fastq.gz	fasp.sra.ebi.ac.uk:/vol1/fastq/SRR781/003/SRR7811123/SRR7811123_1.fastq.gz;fasp.sra.ebi.ac.uk:/vol1/fastq/SRR781/003/SRR7811123/SRR7811123_2.fastq.gz	ftp.sra.ebi.ac.uk/vol1/fastq/SRR781/003/SRR7811123/SRR7811123_1.fastq.gz;ftp.sra.ebi.ac.uk/vol1/fastq/SRR781/003/SRR7811123/SRR7811123_2.fastq.gz							B_AD_13		Metagenome or environmental sample from human blood metagenome		2018-09-09				GENERATED_FILE;GENERATED_FILE		
SRR7811130	PRJNA489760	SRP160417	SAMN09988880	SRS3757940	SRX4662698	SRA770179	1504969	human blood metagenome	ILLUMINA	Illumina MiSeq	B_AD_20		PAIRED	AMPLICON	METATRANSCRIPTOMIC	PCR	30477	18286200	SUB4499500	2018-09-09	2018-09-09	Illumina MiSeq sequencing: DNA-Seq of environmental metagenomes :blood metagenome	Fecal and blood microbiota of AD, MCI and normal controls	PRJNA489760	B_AD_20	851_110_R2.fastq	2658516;4228277	eb69d27c06f8522f39b4873a1cbe0abb;bb665901187d8387b245103da71d1e46	ftp.sra.ebi.ac.uk/vol1/fastq/SRR781/000/SRR7811130/SRR7811130_1.fastq.gz;ftp.sra.ebi.ac.uk/vol1/fastq/SRR781/000/SRR7811130/SRR7811130_2.fastq.gz	fasp.sra.ebi.ac.uk:/vol1/fastq/SRR781/000/SRR7811130/SRR7811130_1.fastq.gz;fasp.sra.ebi.ac.uk:/vol1/fastq/SRR781/000/SRR7811130/SRR7811130_2.fastq.gz	ftp.sra.ebi.ac.uk/vol1/fastq/SRR781/000/SRR7811130/SRR7811130_1.fastq.gz;ftp.sra.ebi.ac.uk/vol1/fastq/SRR781/000/SRR7811130/SRR7811130_2.fastq.gz							B_AD_20		Metagenome or environmental sample from human blood metagenome		2018-09-09				GENERATED_FILE;GENERATED_FILE		
SRR7811172	PRJNA489760	SRP160417	SAMN09988852	SRS3757899	SRX4662656	SRA770179	1504969	human blood metagenome	ILLUMINA	Illumina MiSeq	B_MCI_22		PAIRED	AMPLICON	METATRANSCRIPTOMIC	PCR	35679	21407400	SUB4499500	2018-09-09	2018-09-09	Illumina MiSeq sequencing: DNA-Seq of environmental metagenomes :blood metagenome	Fecal and blood microbiota of AD, MCI and normal controls	PRJNA489760	B_MCI_22	851_82_R1.fastq	3221945;4802712	928c63d5c9112e38baae64faac2f9b18;3f78c499deb2d80871d90a80e18eff4a	ftp.sra.ebi.ac.uk/vol1/fastq/SRR781/002/SRR7811172/SRR7811172_1.fastq.gz;ftp.sra.ebi.ac.uk/vol1/fastq/SRR781/002/SRR7811172/SRR7811172_2.fastq.gz	fasp.sra.ebi.ac.uk:/vol1/fastq/SRR781/002/SRR7811172/SRR7811172_1.fastq.gz;fasp.sra.ebi.ac.uk:/vol1/fastq/SRR781/002/SRR7811172/SRR7811172_2.fastq.gz	ftp.sra.ebi.ac.uk/vol1/fastq/SRR781/002/SRR7811172/SRR7811172_1.fastq.gz;ftp.sra.ebi.ac.uk/vol1/fastq/SRR781/002/SRR7811172/SRR7811172_2.fastq.gz							B_MCI_22		Metagenome or environmental sample from human blood metagenome		2018-09-09				GENERATED_FILE;GENERATED_FILE		
SRR7811127	PRJNA489760	SRP160417	SAMN09988877	SRS3757945	SRX4662701	SRA770179	1504969	human blood metagenome	ILLUMINA	Illumina MiSeq	B_AD_17		PAIRED	AMPLICON	METATRANSCRIPTOMIC	PCR	30166	18099600	SUB4499500	2018-09-09	2018-09-09	Illumina MiSeq sequencing: DNA-Seq of environmental metagenomes :blood metagenome	Fecal and blood microbiota of AD, MCI and normal controls	PRJNA489760	B_AD_17	851_107_R1.fastq	2712787;4077937	f0f658a887ae486c5ca45e01784799e3;7a4f80f26f22917303911a215838504e	ftp.sra.ebi.ac.uk/vol1/fastq/SRR781/007/SRR7811127/SRR7811127_1.fastq.gz;ftp.sra.ebi.ac.uk/vol1/fastq/SRR781/007/SRR7811127/SRR7811127_2.fastq.gz	fasp.sra.ebi.ac.uk:/vol1/fastq/SRR781/007/SRR7811127/SRR7811127_1.fastq.gz;fasp.sra.ebi.ac.uk:/vol1/fastq/SRR781/007/SRR7811127/SRR7811127_2.fastq.gz	ftp.sra.ebi.ac.uk/vol1/fastq/SRR781/007/SRR7811127/SRR7811127_1.fastq.gz;ftp.sra.ebi.ac.uk/vol1/fastq/SRR781/007/SRR7811127/SRR7811127_2.fastq.gz							B_AD_17		Metagenome or environmental sample from human blood metagenome		2018-09-09				GENERATED_FILE;GENERATED_FILE		
SRR7811129	PRJNA489760	SRP160417	SAMN09988875	SRS3757943	SRX4662699	SRA770179	1504969	human blood metagenome	ILLUMINA	Illumina MiSeq	B_AD_15		PAIRED	AMPLICON	METATRANSCRIPTOMIC	PCR	32538	19522800	SUB4499500	2018-09-09	2018-09-09	Illumina MiSeq sequencing: DNA-Seq of environmental metagenomes :blood metagenome	Fecal and blood microbiota of AD, MCI and normal controls	PRJNA489760	B_AD_15	851_105_R1.fastq	2948373;4611254	e9163a08d76914c9d353a65ff3e06561;75be5864ccce62d2c72e20930749b7eb	ftp.sra.ebi.ac.uk/vol1/fastq/SRR781/009/SRR7811129/SRR7811129_1.fastq.gz;ftp.sra.ebi.ac.uk/vol1/fastq/SRR781/009/SRR7811129/SRR7811129_2.fastq.gz	fasp.sra.ebi.ac.uk:/vol1/fastq/SRR781/009/SRR7811129/SRR7811129_1.fastq.gz;fasp.sra.ebi.ac.uk:/vol1/fastq/SRR781/009/SRR7811129/SRR7811129_2.fastq.gz	ftp.sra.ebi.ac.uk/vol1/fastq/SRR781/009/SRR7811129/SRR7811129_1.fastq.gz;ftp.sra.ebi.ac.uk/vol1/fastq/SRR781/009/SRR7811129/SRR7811129_2.fastq.gz							B_AD_15		Metagenome or environmental sample from human blood metagenome		2018-09-09				GENERATED_FILE;GENERATED_FILE		
SRR7811174	PRJNA489760	SRP160417	SAMN09988854	SRS3757897	SRX4662654	SRA770179	1504969	human blood metagenome	ILLUMINA	Illumina MiSeq	B_MCI_24		PAIRED	AMPLICON	METATRANSCRIPTOMIC	PCR	33923	20353800	SUB4499500	2018-09-09	2018-09-09	Illumina MiSeq sequencing: DNA-Seq of environmental metagenomes :blood metagenome	Fecal and blood microbiota of AD, MCI and normal controls	PRJNA489760	B_MCI_24	851_84_R2.fastq	3143922;4694092	e5f1c1dc83a9ba6f1b1858f94736d223;b4cdfc8fae0cefa57f6cc371e817fe05	ftp.sra.ebi.ac.uk/vol1/fastq/SRR781/004/SRR7811174/SRR7811174_1.fastq.gz;ftp.sra.ebi.ac.uk/vol1/fastq/SRR781/004/SRR7811174/SRR7811174_2.fastq.gz	fasp.sra.ebi.ac.uk:/vol1/fastq/SRR781/004/SRR7811174/SRR7811174_1.fastq.gz;fasp.sra.ebi.ac.uk:/vol1/fastq/SRR781/004/SRR7811174/SRR7811174_2.fastq.gz	ftp.sra.ebi.ac.uk/vol1/fastq/SRR781/004/SRR7811174/SRR7811174_1.fastq.gz;ftp.sra.ebi.ac.uk/vol1/fastq/SRR781/004/SRR7811174/SRR7811174_2.fastq.gz							B_MCI_24		Metagenome or environmental sample from human blood metagenome		2018-09-09				GENERATED_FILE;GENERATED_FILE		
SRR7811131	PRJNA489760	SRP160417	SAMN09988879	SRS3757939	SRX4662697	SRA770179	1504969	human blood metagenome	ILLUMINA	Illumina MiSeq	B_AD_19		PAIRED	AMPLICON	METATRANSCRIPTOMIC	PCR	25647	15388200	SUB4499500	2018-09-09	2018-09-09	Illumina MiSeq sequencing: DNA-Seq of environmental metagenomes :blood metagenome	Fecal and blood microbiota of AD, MCI and normal controls	PRJNA489760	B_AD_19	851_109_R2.fastq	2612575;3708901	a4d6ef2b675390a485e23313fce08bee;69834b8c436a9e44ce5afaf841061cfc	ftp.sra.ebi.ac.uk/vol1/fastq/SRR781/001/SRR7811131/SRR7811131_1.fastq.gz;ftp.sra.ebi.ac.uk/vol1/fastq/SRR781/001/SRR7811131/SRR7811131_2.fastq.gz	fasp.sra.ebi.ac.uk:/vol1/fastq/SRR781/001/SRR7811131/SRR7811131_1.fastq.gz;fasp.sra.ebi.ac.uk:/vol1/fastq/SRR781/001/SRR7811131/SRR7811131_2.fastq.gz	ftp.sra.ebi.ac.uk/vol1/fastq/SRR781/001/SRR7811131/SRR7811131_1.fastq.gz;ftp.sra.ebi.ac.uk/vol1/fastq/SRR781/001/SRR7811131/SRR7811131_2.fastq.gz							B_AD_19		Metagenome or environmental sample from human blood metagenome		2018-09-09				GENERATED_FILE;GENERATED_FILE		
SRR7811136	PRJNA489760	SRP160417	SAMN09988767	SRS3757936	SRX4662692	SRA770179	408170	human gut metagenome	ILLUMINA	Illumina MiSeq	F_MCI_27		PAIRED	AMPLICON	METATRANSCRIPTOMIC	PCR	47048	28228800	SUB4499500	2018-09-09	2018-09-09	Illumina MiSeq sequencing: DNA-Seq of environmental metagenomes :feces metagenome	Fecal and blood microbiota of AD, MCI and normal controls	PRJNA489760	F_MCI_27	851_27_R2.fastq	4552019;6346497	14cdd32e0ac04638f176ca91c7c83d51;bc5f64be852b0e11c88a658e3e384c11	ftp.sra.ebi.ac.uk/vol1/fastq/SRR781/006/SRR7811136/SRR7811136_1.fastq.gz;ftp.sra.ebi.ac.uk/vol1/fastq/SRR781/006/SRR7811136/SRR7811136_2.fastq.gz	fasp.sra.ebi.ac.uk:/vol1/fastq/SRR781/006/SRR7811136/SRR7811136_1.fastq.gz;fasp.sra.ebi.ac.uk:/vol1/fastq/SRR781/006/SRR7811136/SRR7811136_2.fastq.gz	ftp.sra.ebi.ac.uk/vol1/fastq/SRR781/006/SRR7811136/SRR7811136_1.fastq.gz;ftp.sra.ebi.ac.uk/vol1/fastq/SRR781/006/SRR7811136/SRR7811136_2.fastq.gz							F_MCI_27		Metagenome or environmental sample from human gut metagenome		2018-09-09				GENERATED_FILE;GENERATED_FILE		
SRR7811177	PRJNA489760	SRP160417	SAMN09988785	SRS3757893	SRX4662651	SRA770179	408170	human gut metagenome	ILLUMINA	Illumina MiSeq	F_AD_15		PAIRED	AMPLICON	METATRANSCRIPTOMIC	PCR	49639	29783400	SUB4499500	2018-09-09	2018-09-09	Illumina MiSeq sequencing: DNA-Seq of environmental metagenomes :feces metagenome	Fecal and blood microbiota of AD, MCI and normal controls	PRJNA489760	F_AD_15	851_45_R2.fastq	4862855;7211329	9917469413a0415414a027216dc618c9;708866c1ab892e6ef911da31c498c1c3	ftp.sra.ebi.ac.uk/vol1/fastq/SRR781/007/SRR7811177/SRR7811177_1.fastq.gz;ftp.sra.ebi.ac.uk/vol1/fastq/SRR781/007/SRR7811177/SRR7811177_2.fastq.gz	fasp.sra.ebi.ac.uk:/vol1/fastq/SRR781/007/SRR7811177/SRR7811177_1.fastq.gz;fasp.sra.ebi.ac.uk:/vol1/fastq/SRR781/007/SRR7811177/SRR7811177_2.fastq.gz	ftp.sra.ebi.ac.uk/vol1/fastq/SRR781/007/SRR7811177/SRR7811177_1.fastq.gz;ftp.sra.ebi.ac.uk/vol1/fastq/SRR781/007/SRR7811177/SRR7811177_2.fastq.gz							F_AD_15		Metagenome or environmental sample from human gut metagenome		2018-09-09				GENERATED_FILE;GENERATED_FILE		
SRR7811132	PRJNA489760	SRP160417	SAMN09988750	SRS3757941	SRX4662696	SRA770179	408170	human gut metagenome	ILLUMINA	Illumina MiSeq	F_MCI_10		PAIRED	AMPLICON	METATRANSCRIPTOMIC	PCR	46240	27744000	SUB4499500	2018-09-09	2018-09-09	Illumina MiSeq sequencing: DNA-Seq of environmental metagenomes :feces metagenome	Fecal and blood microbiota of AD, MCI and normal controls	PRJNA489760	F_MCI_10	851_10_R2.fastq	4501068;6422077	d9ccea5f53909a69f59bef313fa31cd8;2dcd85fff7fc10d5d8c1ced6541d7827	ftp.sra.ebi.ac.uk/vol1/fastq/SRR781/002/SRR7811132/SRR7811132_1.fastq.gz;ftp.sra.ebi.ac.uk/vol1/fastq/SRR781/002/SRR7811132/SRR7811132_2.fastq.gz	fasp.sra.ebi.ac.uk:/vol1/fastq/SRR781/002/SRR7811132/SRR7811132_1.fastq.gz;fasp.sra.ebi.ac.uk:/vol1/fastq/SRR781/002/SRR7811132/SRR7811132_2.fastq.gz	ftp.sra.ebi.ac.uk/vol1/fastq/SRR781/002/SRR7811132/SRR7811132_1.fastq.gz;ftp.sra.ebi.ac.uk/vol1/fastq/SRR781/002/SRR7811132/SRR7811132_2.fastq.gz							F_MCI_10		Metagenome or environmental sample from human gut metagenome		2018-09-09				GENERATED_FILE;GENERATED_FILE		
SRR7811141	PRJNA489760	SRP160417	SAMN09988764	SRS3757930	SRX4662687	SRA770179	408170	human gut metagenome	ILLUMINA	Illumina MiSeq	F_MCI_24		PAIRED	AMPLICON	METATRANSCRIPTOMIC	PCR	47437	28462200	SUB4499500	2018-09-09	2018-09-09	Illumina MiSeq sequencing: DNA-Seq of environmental metagenomes :feces metagenome	Fecal and blood microbiota of AD, MCI and normal controls	PRJNA489760	F_MCI_24	851_24_R1.fastq	4719694;6760059	9e5d1437f869f38a9d468c924fb2efe8;81b3c1549bcf60cf1d5da438a765887c	ftp.sra.ebi.ac.uk/vol1/fastq/SRR781/001/SRR7811141/SRR7811141_1.fastq.gz;ftp.sra.ebi.ac.uk/vol1/fastq/SRR781/001/SRR7811141/SRR7811141_2.fastq.gz	fasp.sra.ebi.ac.uk:/vol1/fastq/SRR781/001/SRR7811141/SRR7811141_1.fastq.gz;fasp.sra.ebi.ac.uk:/vol1/fastq/SRR781/001/SRR7811141/SRR7811141_2.fastq.gz	ftp.sra.ebi.ac.uk/vol1/fastq/SRR781/001/SRR7811141/SRR7811141_1.fastq.gz;ftp.sra.ebi.ac.uk/vol1/fastq/SRR781/001/SRR7811141/SRR7811141_2.fastq.gz							F_MCI_24		Metagenome or environmental sample from human gut metagenome		2018-09-09				GENERATED_FILE;GENERATED_FILE		
SRR7811179	PRJNA489760	SRP160417	SAMN09988787	SRS3757892	SRX4662649	SRA770179	408170	human gut metagenome	ILLUMINA	Illumina MiSeq	F_AD_17		PAIRED	AMPLICON	METATRANSCRIPTOMIC	PCR	39719	23831400	SUB4499500	2018-09-09	2018-09-09	Illumina MiSeq sequencing: DNA-Seq of environmental metagenomes :feces metagenome	Fecal and blood microbiota of AD, MCI and normal controls	PRJNA489760	F_AD_17	851_47_R1.fastq	3708537;5824577	c2e9677b322ec480b25bdb7ba9926522;01efb61419267b1b6e0afa6afef26f8b	ftp.sra.ebi.ac.uk/vol1/fastq/SRR781/009/SRR7811179/SRR7811179_1.fastq.gz;ftp.sra.ebi.ac.uk/vol1/fastq/SRR781/009/SRR7811179/SRR7811179_2.fastq.gz	fasp.sra.ebi.ac.uk:/vol1/fastq/SRR781/009/SRR7811179/SRR7811179_1.fastq.gz;fasp.sra.ebi.ac.uk:/vol1/fastq/SRR781/009/SRR7811179/SRR7811179_2.fastq.gz	ftp.sra.ebi.ac.uk/vol1/fastq/SRR781/009/SRR7811179/SRR7811179_1.fastq.gz;ftp.sra.ebi.ac.uk/vol1/fastq/SRR781/009/SRR7811179/SRR7811179_2.fastq.gz							F_AD_17		Metagenome or environmental sample from human gut metagenome		2018-09-09				GENERATED_FILE;GENERATED_FILE		
SRR7811135	PRJNA489760	SRP160417	SAMN09988770	SRS3757935	SRX4662693	SRA770179	408170	human gut metagenome	ILLUMINA	Illumina MiSeq	F_MCI_30		PAIRED	AMPLICON	METATRANSCRIPTOMIC	PCR	40960	24576000	SUB4499500	2018-09-09	2018-09-09	Illumina MiSeq sequencing: DNA-Seq of environmental metagenomes :feces metagenome	Fecal and blood microbiota of AD, MCI and normal controls	PRJNA489760	F_MCI_30	851_30_R1.fastq	3903546;5785552	25991e3c76c14b47cbb769be31920e98;cf4833807749b83dd1d18d5ad2a7acae	ftp.sra.ebi.ac.uk/vol1/fastq/SRR781/005/SRR7811135/SRR7811135_1.fastq.gz;ftp.sra.ebi.ac.uk/vol1/fastq/SRR781/005/SRR7811135/SRR7811135_2.fastq.gz	fasp.sra.ebi.ac.uk:/vol1/fastq/SRR781/005/SRR7811135/SRR7811135_1.fastq.gz;fasp.sra.ebi.ac.uk:/vol1/fastq/SRR781/005/SRR7811135/SRR7811135_2.fastq.gz	ftp.sra.ebi.ac.uk/vol1/fastq/SRR781/005/SRR7811135/SRR7811135_1.fastq.gz;ftp.sra.ebi.ac.uk/vol1/fastq/SRR781/005/SRR7811135/SRR7811135_2.fastq.gz							F_MCI_30		Metagenome or environmental sample from human gut metagenome		2018-09-09				GENERATED_FILE;GENERATED_FILE		
SRR7811142	PRJNA489760	SRP160417	SAMN09988761	SRS3757929	SRX4662686	SRA770179	408170	human gut metagenome	ILLUMINA	Illumina MiSeq	F_MCI_21		PAIRED	AMPLICON	METATRANSCRIPTOMIC	PCR	33237	19942200	SUB4499500	2018-09-09	2018-09-09	Illumina MiSeq sequencing: DNA-Seq of environmental metagenomes :feces metagenome	Fecal and blood microbiota of AD, MCI and normal controls	PRJNA489760	F_MCI_21	851_21_R2.fastq	3339083;4757742	0ce5cfe3e30c55fbae71c67d891080d1;53436169dc1d3d105e9e80e344720537	ftp.sra.ebi.ac.uk/vol1/fastq/SRR781/002/SRR7811142/SRR7811142_1.fastq.gz;ftp.sra.ebi.ac.uk/vol1/fastq/SRR781/002/SRR7811142/SRR7811142_2.fastq.gz	fasp.sra.ebi.ac.uk:/vol1/fastq/SRR781/002/SRR7811142/SRR7811142_1.fastq.gz;fasp.sra.ebi.ac.uk:/vol1/fastq/SRR781/002/SRR7811142/SRR7811142_2.fastq.gz	ftp.sra.ebi.ac.uk/vol1/fastq/SRR781/002/SRR7811142/SRR7811142_1.fastq.gz;ftp.sra.ebi.ac.uk/vol1/fastq/SRR781/002/SRR7811142/SRR7811142_2.fastq.gz							F_MCI_21		Metagenome or environmental sample from human gut metagenome		2018-09-09				GENERATED_FILE;GENERATED_FILE		
SRR7811181	PRJNA489760	SRP160417	SAMN09988781	SRS3757891	SRX4662647	SRA770179	408170	human gut metagenome	ILLUMINA	Illumina MiSeq	F_AD_11		PAIRED	AMPLICON	METATRANSCRIPTOMIC	PCR	37727	22636200	SUB4499500	2018-09-09	2018-09-09	Illumina MiSeq sequencing: DNA-Seq of environmental metagenomes :feces metagenome	Fecal and blood microbiota of AD, MCI and normal controls	PRJNA489760	F_AD_11	851_41_R1.fastq	3581252;5290961	81a55cfa0737b4f54c2f1b5ebb8b50e5;e7d846818ebb734e458a7417abf29dfd	ftp.sra.ebi.ac.uk/vol1/fastq/SRR781/001/SRR7811181/SRR7811181_1.fastq.gz;ftp.sra.ebi.ac.uk/vol1/fastq/SRR781/001/SRR7811181/SRR7811181_2.fastq.gz	fasp.sra.ebi.ac.uk:/vol1/fastq/SRR781/001/SRR7811181/SRR7811181_1.fastq.gz;fasp.sra.ebi.ac.uk:/vol1/fastq/SRR781/001/SRR7811181/SRR7811181_2.fastq.gz	ftp.sra.ebi.ac.uk/vol1/fastq/SRR781/001/SRR7811181/SRR7811181_1.fastq.gz;ftp.sra.ebi.ac.uk/vol1/fastq/SRR781/001/SRR7811181/SRR7811181_2.fastq.gz							F_AD_11		Metagenome or environmental sample from human gut metagenome		2018-09-09				GENERATED_FILE;GENERATED_FILE		
SRR7811147	PRJNA489760	SRP160417	SAMN09988848	SRS3757924	SRX4662681	SRA770179	1504969	human blood metagenome	ILLUMINA	Illumina MiSeq	B_MCI_18		PAIRED	AMPLICON	METATRANSCRIPTOMIC	PCR	35574	21344400	SUB4499500	2018-09-09	2018-09-09	Illumina MiSeq sequencing: DNA-Seq of environmental metagenomes :blood metagenome	Fecal and blood microbiota of AD, MCI and normal controls	PRJNA489760	B_MCI_18	851_78_R2.fastq	3435070;5323363	396c554787ee2e5f90dd5da04521f0df;e2ceb3c18d8c4da42f9818f58c9e73f8	ftp.sra.ebi.ac.uk/vol1/fastq/SRR781/007/SRR7811147/SRR7811147_1.fastq.gz;ftp.sra.ebi.ac.uk/vol1/fastq/SRR781/007/SRR7811147/SRR7811147_2.fastq.gz	fasp.sra.ebi.ac.uk:/vol1/fastq/SRR781/007/SRR7811147/SRR7811147_1.fastq.gz;fasp.sra.ebi.ac.uk:/vol1/fastq/SRR781/007/SRR7811147/SRR7811147_2.fastq.gz	ftp.sra.ebi.ac.uk/vol1/fastq/SRR781/007/SRR7811147/SRR7811147_1.fastq.gz;ftp.sra.ebi.ac.uk/vol1/fastq/SRR781/007/SRR7811147/SRR7811147_2.fastq.gz							B_MCI_18		Metagenome or environmental sample from human blood metagenome		2018-09-09				GENERATED_FILE;GENERATED_FILE		
SRR7811144	PRJNA489760	SRP160417	SAMN09988849	SRS3757927	SRX4662684	SRA770179	1504969	human blood metagenome	ILLUMINA	Illumina MiSeq	B_MCI_19		PAIRED	AMPLICON	METATRANSCRIPTOMIC	PCR	30402	18241200	SUB4499500	2018-09-09	2018-09-09	Illumina MiSeq sequencing: DNA-Seq of environmental metagenomes :blood metagenome	Fecal and blood microbiota of AD, MCI and normal controls	PRJNA489760	B_MCI_19	851_79_R1.fastq	2734735;4273506	159bb02430d27d7d8080202a9afb1503;1ceedece48374ce7f753e601c9b82010	ftp.sra.ebi.ac.uk/vol1/fastq/SRR781/004/SRR7811144/SRR7811144_1.fastq.gz;ftp.sra.ebi.ac.uk/vol1/fastq/SRR781/004/SRR7811144/SRR7811144_2.fastq.gz	fasp.sra.ebi.ac.uk:/vol1/fastq/SRR781/004/SRR7811144/SRR7811144_1.fastq.gz;fasp.sra.ebi.ac.uk:/vol1/fastq/SRR781/004/SRR7811144/SRR7811144_2.fastq.gz	ftp.sra.ebi.ac.uk/vol1/fastq/SRR781/004/SRR7811144/SRR7811144_1.fastq.gz;ftp.sra.ebi.ac.uk/vol1/fastq/SRR781/004/SRR7811144/SRR7811144_2.fastq.gz							B_MCI_19		Metagenome or environmental sample from human blood metagenome		2018-09-09				GENERATED_FILE;GENERATED_FILE		
SRR7811182	PRJNA489760	SRP160417	SAMN09988782	SRS3757887	SRX4662646	SRA770179	408170	human gut metagenome	ILLUMINA	Illumina MiSeq	F_AD_12		PAIRED	AMPLICON	METATRANSCRIPTOMIC	PCR	29646	17787600	SUB4499500	2018-09-09	2018-09-09	Illumina MiSeq sequencing: DNA-Seq of environmental metagenomes :feces metagenome	Fecal and blood microbiota of AD, MCI and normal controls	PRJNA489760	F_AD_12	851_42_R2.fastq	2864278;4243666	3ddcb31ec61d1b5545f7c8b2f8ed96c4;302014a39f0ede661ceff6e64df5d768	ftp.sra.ebi.ac.uk/vol1/fastq/SRR781/002/SRR7811182/SRR7811182_1.fastq.gz;ftp.sra.ebi.ac.uk/vol1/fastq/SRR781/002/SRR7811182/SRR7811182_2.fastq.gz	fasp.sra.ebi.ac.uk:/vol1/fastq/SRR781/002/SRR7811182/SRR7811182_1.fastq.gz;fasp.sra.ebi.ac.uk:/vol1/fastq/SRR781/002/SRR7811182/SRR7811182_2.fastq.gz	ftp.sra.ebi.ac.uk/vol1/fastq/SRR781/002/SRR7811182/SRR7811182_1.fastq.gz;ftp.sra.ebi.ac.uk/vol1/fastq/SRR781/002/SRR7811182/SRR7811182_2.fastq.gz							F_AD_12		Metagenome or environmental sample from human gut metagenome		2018-09-09				GENERATED_FILE;GENERATED_FILE		
SRR7811148	PRJNA489760	SRP160417	SAMN09988845	SRS3757923	SRX4662680	SRA770179	1504969	human blood metagenome	ILLUMINA	Illumina MiSeq	B_MCI_15		PAIRED	AMPLICON	METATRANSCRIPTOMIC	PCR	36180	21708000	SUB4499500	2018-09-09	2018-09-09	Illumina MiSeq sequencing: DNA-Seq of environmental metagenomes :blood metagenome	Fecal and blood microbiota of AD, MCI and normal controls	PRJNA489760	B_MCI_15	851_75_R2.fastq	3525894;5183904	82cb99369306b1697ba7d4a5fee889ac;323cdddb7cc512df747a426d546d12de	ftp.sra.ebi.ac.uk/vol1/fastq/SRR781/008/SRR7811148/SRR7811148_1.fastq.gz;ftp.sra.ebi.ac.uk/vol1/fastq/SRR781/008/SRR7811148/SRR7811148_2.fastq.gz	fasp.sra.ebi.ac.uk:/vol1/fastq/SRR781/008/SRR7811148/SRR7811148_1.fastq.gz;fasp.sra.ebi.ac.uk:/vol1/fastq/SRR781/008/SRR7811148/SRR7811148_2.fastq.gz	ftp.sra.ebi.ac.uk/vol1/fastq/SRR781/008/SRR7811148/SRR7811148_1.fastq.gz;ftp.sra.ebi.ac.uk/vol1/fastq/SRR781/008/SRR7811148/SRR7811148_2.fastq.gz							B_MCI_15		Metagenome or environmental sample from human blood metagenome		2018-09-09				GENERATED_FILE;GENERATED_FILE		
SRR7811146	PRJNA489760	SRP160417	SAMN09988847	SRS3757925	SRX4662682	SRA770179	1504969	human blood metagenome	ILLUMINA	Illumina MiSeq	B_MCI_17		PAIRED	AMPLICON	METATRANSCRIPTOMIC	PCR	33521	20112600	SUB4499500	2018-09-09	2018-09-09	Illumina MiSeq sequencing: DNA-Seq of environmental metagenomes :blood metagenome	Fecal and blood microbiota of AD, MCI and normal controls	PRJNA489760	B_MCI_17	851_77_R2.fastq	3207640;4822883	837a1d80680e46f0c55d90b8f768c93d;7be4c254260009599e6269c9386f3397	ftp.sra.ebi.ac.uk/vol1/fastq/SRR781/006/SRR7811146/SRR7811146_1.fastq.gz;ftp.sra.ebi.ac.uk/vol1/fastq/SRR781/006/SRR7811146/SRR7811146_2.fastq.gz	fasp.sra.ebi.ac.uk:/vol1/fastq/SRR781/006/SRR7811146/SRR7811146_1.fastq.gz;fasp.sra.ebi.ac.uk:/vol1/fastq/SRR781/006/SRR7811146/SRR7811146_2.fastq.gz	ftp.sra.ebi.ac.uk/vol1/fastq/SRR781/006/SRR7811146/SRR7811146_1.fastq.gz;ftp.sra.ebi.ac.uk/vol1/fastq/SRR781/006/SRR7811146/SRR7811146_2.fastq.gz							B_MCI_17		Metagenome or environmental sample from human blood metagenome		2018-09-09				GENERATED_FILE;GENERATED_FILE		
SRR7811184	PRJNA489760	SRP160417	SAMN09988784	SRS3757888	SRX4662644	SRA770179	408170	human gut metagenome	ILLUMINA	Illumina MiSeq	F_AD_14		PAIRED	AMPLICON	METATRANSCRIPTOMIC	PCR	49385	29631000	SUB4499500	2018-09-09	2018-09-09	Illumina MiSeq sequencing: DNA-Seq of environmental metagenomes :feces metagenome	Fecal and blood microbiota of AD, MCI and normal controls	PRJNA489760	F_AD_14	851_44_R1.fastq	4796666;6846260	1b7e60cd7709e57aab46185557163e02;c5d07fa063f1700a94e1205e2997fd16	ftp.sra.ebi.ac.uk/vol1/fastq/SRR781/004/SRR7811184/SRR7811184_1.fastq.gz;ftp.sra.ebi.ac.uk/vol1/fastq/SRR781/004/SRR7811184/SRR7811184_2.fastq.gz	fasp.sra.ebi.ac.uk:/vol1/fastq/SRR781/004/SRR7811184/SRR7811184_1.fastq.gz;fasp.sra.ebi.ac.uk:/vol1/fastq/SRR781/004/SRR7811184/SRR7811184_2.fastq.gz	ftp.sra.ebi.ac.uk/vol1/fastq/SRR781/004/SRR7811184/SRR7811184_1.fastq.gz;ftp.sra.ebi.ac.uk/vol1/fastq/SRR781/004/SRR7811184/SRR7811184_2.fastq.gz							F_AD_14		Metagenome or environmental sample from human gut metagenome		2018-09-09				GENERATED_FILE;GENERATED_FILE		
SRR7811149	PRJNA489760	SRP160417	SAMN09988846	SRS3757922	SRX4662679	SRA770179	1504969	human blood metagenome	ILLUMINA	Illumina MiSeq	B_MCI_16		PAIRED	AMPLICON	METATRANSCRIPTOMIC	PCR	47862	28717200	SUB4499500	2018-09-09	2018-09-09	Illumina MiSeq sequencing: DNA-Seq of environmental metagenomes :blood metagenome	Fecal and blood microbiota of AD, MCI and normal controls	PRJNA489760	B_MCI_16	851_76_R2.fastq	4393764;6763084	4c660dbe1375979dac8d184bb6087fb8;64ce9d7e56b4563cfc424cc388f79648	ftp.sra.ebi.ac.uk/vol1/fastq/SRR781/009/SRR7811149/SRR7811149_1.fastq.gz;ftp.sra.ebi.ac.uk/vol1/fastq/SRR781/009/SRR7811149/SRR7811149_2.fastq.gz	fasp.sra.ebi.ac.uk:/vol1/fastq/SRR781/009/SRR7811149/SRR7811149_1.fastq.gz;fasp.sra.ebi.ac.uk:/vol1/fastq/SRR781/009/SRR7811149/SRR7811149_2.fastq.gz	ftp.sra.ebi.ac.uk/vol1/fastq/SRR781/009/SRR7811149/SRR7811149_1.fastq.gz;ftp.sra.ebi.ac.uk/vol1/fastq/SRR781/009/SRR7811149/SRR7811149_2.fastq.gz							B_MCI_16		Metagenome or environmental sample from human blood metagenome		2018-09-09				GENERATED_FILE;GENERATED_FILE		
SRR7811152	PRJNA489760	SRP160417	SAMN09988841	SRS3757919	SRX4662676	SRA770179	1504969	human blood metagenome	ILLUMINA	Illumina MiSeq	B_MCI_11		PAIRED	AMPLICON	METATRANSCRIPTOMIC	PCR	37938	22762800	SUB4499500	2018-09-09	2018-09-09	Illumina MiSeq sequencing: DNA-Seq of environmental metagenomes :blood metagenome	Fecal and blood microbiota of AD, MCI and normal controls	PRJNA489760	B_MCI_11	851_71_R1.fastq	3489730;5073452	f28290bffe186fb987d9a5e03f14a0df;94c790a547259eb1bec76d43db674a4f	ftp.sra.ebi.ac.uk/vol1/fastq/SRR781/002/SRR7811152/SRR7811152_1.fastq.gz;ftp.sra.ebi.ac.uk/vol1/fastq/SRR781/002/SRR7811152/SRR7811152_2.fastq.gz	fasp.sra.ebi.ac.uk:/vol1/fastq/SRR781/002/SRR7811152/SRR7811152_1.fastq.gz;fasp.sra.ebi.ac.uk:/vol1/fastq/SRR781/002/SRR7811152/SRR7811152_2.fastq.gz	ftp.sra.ebi.ac.uk/vol1/fastq/SRR781/002/SRR7811152/SRR7811152_1.fastq.gz;ftp.sra.ebi.ac.uk/vol1/fastq/SRR781/002/SRR7811152/SRR7811152_2.fastq.gz							B_MCI_11		Metagenome or environmental sample from human blood metagenome		2018-09-09				GENERATED_FILE;GENERATED_FILE		
SRR7811154	PRJNA489760	SRP160417	SAMN09988823	SRS3757917	SRX4662674	SRA770179	408170	human gut metagenome	ILLUMINA	Illumina MiSeq	F_NC_23		PAIRED	AMPLICON	METATRANSCRIPTOMIC	PCR	43088	25938976	SUB4499500	2018-09-09	2018-09-09	Illumina MiSeq sequencing: DNA-Seq of environmental metagenomes :feces metagenome	Fecal and blood microbiota of AD, MCI and normal controls	PRJNA489760	F_NC_23	HY70_R2.fastq	5686421;7638047	7b012ad9991fb11cf859ddb32b975d6b;d797876acd8f3ddad50dcd331ec77700	ftp.sra.ebi.ac.uk/vol1/fastq/SRR781/004/SRR7811154/SRR7811154_1.fastq.gz;ftp.sra.ebi.ac.uk/vol1/fastq/SRR781/004/SRR7811154/SRR7811154_2.fastq.gz	fasp.sra.ebi.ac.uk:/vol1/fastq/SRR781/004/SRR7811154/SRR7811154_1.fastq.gz;fasp.sra.ebi.ac.uk:/vol1/fastq/SRR781/004/SRR7811154/SRR7811154_2.fastq.gz	ftp.sra.ebi.ac.uk/vol1/fastq/SRR781/004/SRR7811154/SRR7811154_1.fastq.gz;ftp.sra.ebi.ac.uk/vol1/fastq/SRR781/004/SRR7811154/SRR7811154_2.fastq.gz							F_NC_23		Metagenome or environmental sample from human gut metagenome		2018-09-09				GENERATED_FILE;GENERATED_FILE		
SRR7811150	PRJNA489760	SRP160417	SAMN09988843	SRS3757920	SRX4662678	SRA770179	1504969	human blood metagenome	ILLUMINA	Illumina MiSeq	B_MCI_13		PAIRED	AMPLICON	METATRANSCRIPTOMIC	PCR	47690	28614000	SUB4499500	2018-09-09	2018-09-09	Illumina MiSeq sequencing: DNA-Seq of environmental metagenomes :blood metagenome	Fecal and blood microbiota of AD, MCI and normal controls	PRJNA489760	B_MCI_13	851_73_R1.fastq	4449489;6268359	2854be54a148596b7c28dae84461e24a;3d604cda2e23934b1393fb329dc2cdb4	ftp.sra.ebi.ac.uk/vol1/fastq/SRR781/000/SRR7811150/SRR7811150_1.fastq.gz;ftp.sra.ebi.ac.uk/vol1/fastq/SRR781/000/SRR7811150/SRR7811150_2.fastq.gz	fasp.sra.ebi.ac.uk:/vol1/fastq/SRR781/000/SRR7811150/SRR7811150_1.fastq.gz;fasp.sra.ebi.ac.uk:/vol1/fastq/SRR781/000/SRR7811150/SRR7811150_2.fastq.gz	ftp.sra.ebi.ac.uk/vol1/fastq/SRR781/000/SRR7811150/SRR7811150_1.fastq.gz;ftp.sra.ebi.ac.uk/vol1/fastq/SRR781/000/SRR7811150/SRR7811150_2.fastq.gz							B_MCI_13		Metagenome or environmental sample from human blood metagenome		2018-09-09				GENERATED_FILE;GENERATED_FILE		
SRR7811157	PRJNA489760	SRP160417	SAMN09988799	SRS3757915	SRX4662671	SRA770179	408170	human gut metagenome	ILLUMINA	Illumina MiSeq	F_AD_29		PAIRED	AMPLICON	METATRANSCRIPTOMIC	PCR	39290	23574000	SUB4499500	2018-09-09	2018-09-09	Illumina MiSeq sequencing: DNA-Seq of environmental metagenomes :feces metagenome	Fecal and blood microbiota of AD, MCI and normal controls	PRJNA489760	F_AD_29	851_59_R1.fastq	3749209;5647923	5fd970cf2aaa5c300a390cb736831bfe;d4ada33dcb48bd7f5b17391b9c626335	ftp.sra.ebi.ac.uk/vol1/fastq/SRR781/007/SRR7811157/SRR7811157_1.fastq.gz;ftp.sra.ebi.ac.uk/vol1/fastq/SRR781/007/SRR7811157/SRR7811157_2.fastq.gz	fasp.sra.ebi.ac.uk:/vol1/fastq/SRR781/007/SRR7811157/SRR7811157_1.fastq.gz;fasp.sra.ebi.ac.uk:/vol1/fastq/SRR781/007/SRR7811157/SRR7811157_2.fastq.gz	ftp.sra.ebi.ac.uk/vol1/fastq/SRR781/007/SRR7811157/SRR7811157_1.fastq.gz;ftp.sra.ebi.ac.uk/vol1/fastq/SRR781/007/SRR7811157/SRR7811157_2.fastq.gz							F_AD_29		Metagenome or environmental sample from human gut metagenome		2018-09-09				GENERATED_FILE;GENERATED_FILE		
SRR7811155	PRJNA489760	SRP160417	SAMN09988824	SRS3757916	SRX4662673	SRA770179	408170	human gut metagenome	ILLUMINA	Illumina MiSeq	F_NC_24		PAIRED	AMPLICON	METATRANSCRIPTOMIC	PCR	47926	28851452	SUB4499500	2018-09-09	2018-09-09	Illumina MiSeq sequencing: DNA-Seq of environmental metagenomes :feces metagenome	Fecal and blood microbiota of AD, MCI and normal controls	PRJNA489760	F_NC_24	HY71_R2.fastq	6474294;8658336	b8a0befbc317eae78c78d5fe59f1b66b;6e2109c7a4569248e186cf054ea89047	ftp.sra.ebi.ac.uk/vol1/fastq/SRR781/005/SRR7811155/SRR7811155_1.fastq.gz;ftp.sra.ebi.ac.uk/vol1/fastq/SRR781/005/SRR7811155/SRR7811155_2.fastq.gz	fasp.sra.ebi.ac.uk:/vol1/fastq/SRR781/005/SRR7811155/SRR7811155_1.fastq.gz;fasp.sra.ebi.ac.uk:/vol1/fastq/SRR781/005/SRR7811155/SRR7811155_2.fastq.gz	ftp.sra.ebi.ac.uk/vol1/fastq/SRR781/005/SRR7811155/SRR7811155_1.fastq.gz;ftp.sra.ebi.ac.uk/vol1/fastq/SRR781/005/SRR7811155/SRR7811155_2.fastq.gz							F_NC_24		Metagenome or environmental sample from human gut metagenome		2018-09-09				GENERATED_FILE;GENERATED_FILE		
SRR7811158	PRJNA489760	SRP160417	SAMN09988794	SRS3757913	SRX4662670	SRA770179	408170	human gut metagenome	ILLUMINA	Illumina MiSeq	F_AD_24		PAIRED	AMPLICON	METATRANSCRIPTOMIC	PCR	47008	28204800	SUB4499500	2018-09-09	2018-09-09	Illumina MiSeq sequencing: DNA-Seq of environmental metagenomes :feces metagenome	Fecal and blood microbiota of AD, MCI and normal controls	PRJNA489760	F_AD_24	851_54_R2.fastq	4275421;6651684	699b0470fb7ee85aa9f6b2b78c8d9116;46af388c2316adaa64d5d9b8637fa8b0	ftp.sra.ebi.ac.uk/vol1/fastq/SRR781/008/SRR7811158/SRR7811158_1.fastq.gz;ftp.sra.ebi.ac.uk/vol1/fastq/SRR781/008/SRR7811158/SRR7811158_2.fastq.gz	fasp.sra.ebi.ac.uk:/vol1/fastq/SRR781/008/SRR7811158/SRR7811158_1.fastq.gz;fasp.sra.ebi.ac.uk:/vol1/fastq/SRR781/008/SRR7811158/SRR7811158_2.fastq.gz	ftp.sra.ebi.ac.uk/vol1/fastq/SRR781/008/SRR7811158/SRR7811158_1.fastq.gz;ftp.sra.ebi.ac.uk/vol1/fastq/SRR781/008/SRR7811158/SRR7811158_2.fastq.gz							F_AD_24		Metagenome or environmental sample from human gut metagenome		2018-09-09				GENERATED_FILE;GENERATED_FILE		
SRR7811165	PRJNA489760	SRP160417	SAMN09988795	SRS3757904	SRX4662663	SRA770179	408170	human gut metagenome	ILLUMINA	Illumina MiSeq	F_AD_25		PAIRED	AMPLICON	METATRANSCRIPTOMIC	PCR	48483	29089800	SUB4499500	2018-09-09	2018-09-09	Illumina MiSeq sequencing: DNA-Seq of environmental metagenomes :feces metagenome	Fecal and blood microbiota of AD, MCI and normal controls	PRJNA489760	F_AD_25	851_55_R2.fastq	4465664;6645520	80e15b6016bb16c05b3399708c92f94e;0bd33dda3ccbd77ac206a60fcce54d4c	ftp.sra.ebi.ac.uk/vol1/fastq/SRR781/005/SRR7811165/SRR7811165_1.fastq.gz;ftp.sra.ebi.ac.uk/vol1/fastq/SRR781/005/SRR7811165/SRR7811165_2.fastq.gz	fasp.sra.ebi.ac.uk:/vol1/fastq/SRR781/005/SRR7811165/SRR7811165_1.fastq.gz;fasp.sra.ebi.ac.uk:/vol1/fastq/SRR781/005/SRR7811165/SRR7811165_2.fastq.gz	ftp.sra.ebi.ac.uk/vol1/fastq/SRR781/005/SRR7811165/SRR7811165_1.fastq.gz;ftp.sra.ebi.ac.uk/vol1/fastq/SRR781/005/SRR7811165/SRR7811165_2.fastq.gz							F_AD_25		Metagenome or environmental sample from human gut metagenome		2018-09-09				GENERATED_FILE;GENERATED_FILE		
SRR7811160	PRJNA489760	SRP160417	SAMN09988792	SRS3757911	SRX4662668	SRA770179	408170	human gut metagenome	ILLUMINA	Illumina MiSeq	F_AD_22		PAIRED	AMPLICON	METATRANSCRIPTOMIC	PCR	33010	19806000	SUB4499500	2018-09-09	2018-09-09	Illumina MiSeq sequencing: DNA-Seq of environmental metagenomes :feces metagenome	Fecal and blood microbiota of AD, MCI and normal controls	PRJNA489760	F_AD_22	851_52_R2.fastq	3262342;4700392	7f7225a783383b7cf416f9f1c15d62cf;ee2a61d2d61f7e034dad761f05f1cb1a	ftp.sra.ebi.ac.uk/vol1/fastq/SRR781/000/SRR7811160/SRR7811160_1.fastq.gz;ftp.sra.ebi.ac.uk/vol1/fastq/SRR781/000/SRR7811160/SRR7811160_2.fastq.gz	fasp.sra.ebi.ac.uk:/vol1/fastq/SRR781/000/SRR7811160/SRR7811160_1.fastq.gz;fasp.sra.ebi.ac.uk:/vol1/fastq/SRR781/000/SRR7811160/SRR7811160_2.fastq.gz	ftp.sra.ebi.ac.uk/vol1/fastq/SRR781/000/SRR7811160/SRR7811160_1.fastq.gz;ftp.sra.ebi.ac.uk/vol1/fastq/SRR781/000/SRR7811160/SRR7811160_2.fastq.gz							F_AD_22		Metagenome or environmental sample from human gut metagenome		2018-09-09				GENERATED_FILE;GENERATED_FILE		
SRR7811170	PRJNA489760	SRP160417	SAMN09988858	SRS3757901	SRX4662658	SRA770179	1504969	human blood metagenome	ILLUMINA	Illumina MiSeq	B_MCI_28		PAIRED	AMPLICON	METATRANSCRIPTOMIC	PCR	39005	23403000	SUB4499500	2018-09-09	2018-09-09	Illumina MiSeq sequencing: DNA-Seq of environmental metagenomes :blood metagenome	Fecal and blood microbiota of AD, MCI and normal controls	PRJNA489760	B_MCI_28	851_88_R1.fastq	3838372;5664650	ed9fa410397d4b0e91d6001d348c6fc5;cdde642615c4df7fc4d7e21d322420c3	ftp.sra.ebi.ac.uk/vol1/fastq/SRR781/000/SRR7811170/SRR7811170_1.fastq.gz;ftp.sra.ebi.ac.uk/vol1/fastq/SRR781/000/SRR7811170/SRR7811170_2.fastq.gz	fasp.sra.ebi.ac.uk:/vol1/fastq/SRR781/000/SRR7811170/SRR7811170_1.fastq.gz;fasp.sra.ebi.ac.uk:/vol1/fastq/SRR781/000/SRR7811170/SRR7811170_2.fastq.gz	ftp.sra.ebi.ac.uk/vol1/fastq/SRR781/000/SRR7811170/SRR7811170_1.fastq.gz;ftp.sra.ebi.ac.uk/vol1/fastq/SRR781/000/SRR7811170/SRR7811170_2.fastq.gz							B_MCI_28		Metagenome or environmental sample from human blood metagenome		2018-09-09				GENERATED_FILE;GENERATED_FILE		
SRR7811171	PRJNA489760	SRP160417	SAMN09988857	SRS3757900	SRX4662657	SRA770179	1504969	human blood metagenome	ILLUMINA	Illumina MiSeq	B_MCI_27		PAIRED	AMPLICON	METATRANSCRIPTOMIC	PCR	37264	22358400	SUB4499500	2018-09-09	2018-09-09	Illumina MiSeq sequencing: DNA-Seq of environmental metagenomes :blood metagenome	Fecal and blood microbiota of AD, MCI and normal controls	PRJNA489760	B_MCI_27	851_87_R2.fastq	3597603;5356173	101d5f4b55b82be4de22bb9ab2e0f86c;34611b8119b7db525d3d31a4e0be4dc0	ftp.sra.ebi.ac.uk/vol1/fastq/SRR781/001/SRR7811171/SRR7811171_1.fastq.gz;ftp.sra.ebi.ac.uk/vol1/fastq/SRR781/001/SRR7811171/SRR7811171_2.fastq.gz	fasp.sra.ebi.ac.uk:/vol1/fastq/SRR781/001/SRR7811171/SRR7811171_1.fastq.gz;fasp.sra.ebi.ac.uk:/vol1/fastq/SRR781/001/SRR7811171/SRR7811171_2.fastq.gz	ftp.sra.ebi.ac.uk/vol1/fastq/SRR781/001/SRR7811171/SRR7811171_1.fastq.gz;ftp.sra.ebi.ac.uk/vol1/fastq/SRR781/001/SRR7811171/SRR7811171_2.fastq.gz							B_MCI_27		Metagenome or environmental sample from human blood metagenome		2018-09-09				GENERATED_FILE;GENERATED_FILE		
SRR7811162	PRJNA489760	SRP160417	SAMN09988798	SRS3757909	SRX4662666	SRA770179	408170	human gut metagenome	ILLUMINA	Illumina MiSeq	F_AD_28		PAIRED	AMPLICON	METATRANSCRIPTOMIC	PCR	31853	19111800	SUB4499500	2018-09-09	2018-09-09	Illumina MiSeq sequencing: DNA-Seq of environmental metagenomes :feces metagenome	Fecal and blood microbiota of AD, MCI and normal controls	PRJNA489760	F_AD_28	851_58_R1.fastq	3096016;4683241	16c31d8a9e1b40fd763ae36b4c1ed4f2;671fe5bbaa7637aeee4539feb4a68e3a	ftp.sra.ebi.ac.uk/vol1/fastq/SRR781/002/SRR7811162/SRR7811162_1.fastq.gz;ftp.sra.ebi.ac.uk/vol1/fastq/SRR781/002/SRR7811162/SRR7811162_2.fastq.gz	fasp.sra.ebi.ac.uk:/vol1/fastq/SRR781/002/SRR7811162/SRR7811162_1.fastq.gz;fasp.sra.ebi.ac.uk:/vol1/fastq/SRR781/002/SRR7811162/SRR7811162_2.fastq.gz	ftp.sra.ebi.ac.uk/vol1/fastq/SRR781/002/SRR7811162/SRR7811162_1.fastq.gz;ftp.sra.ebi.ac.uk/vol1/fastq/SRR781/002/SRR7811162/SRR7811162_2.fastq.gz							F_AD_28		Metagenome or environmental sample from human gut metagenome		2018-09-09				GENERATED_FILE;GENERATED_FILE		
SRR7811166	PRJNA489760	SRP160417	SAMN09988860	SRS3757906	SRX4662662	SRA770179	1504969	human blood metagenome	ILLUMINA	Illumina MiSeq	B_MCI_30		PAIRED	AMPLICON	METATRANSCRIPTOMIC	PCR	33833	20299800	SUB4499500	2018-09-09	2018-09-09	Illumina MiSeq sequencing: DNA-Seq of environmental metagenomes :blood metagenome	Fecal and blood microbiota of AD, MCI and normal controls	PRJNA489760	B_MCI_30	851_90_R2.fastq	3052969;4557626	7e69655a7d97f8dcd715ab3e20c37db3;977e4de7accf7171d93e1ef79db49cc9	ftp.sra.ebi.ac.uk/vol1/fastq/SRR781/006/SRR7811166/SRR7811166_1.fastq.gz;ftp.sra.ebi.ac.uk/vol1/fastq/SRR781/006/SRR7811166/SRR7811166_2.fastq.gz	fasp.sra.ebi.ac.uk:/vol1/fastq/SRR781/006/SRR7811166/SRR7811166_1.fastq.gz;fasp.sra.ebi.ac.uk:/vol1/fastq/SRR781/006/SRR7811166/SRR7811166_2.fastq.gz	ftp.sra.ebi.ac.uk/vol1/fastq/SRR781/006/SRR7811166/SRR7811166_1.fastq.gz;ftp.sra.ebi.ac.uk/vol1/fastq/SRR781/006/SRR7811166/SRR7811166_2.fastq.gz							B_MCI_30		Metagenome or environmental sample from human blood metagenome		2018-09-09				GENERATED_FILE;GENERATED_FILE		
SRR7811176	PRJNA489760	SRP160417	SAMN09988822	SRS3757895	SRX4662652	SRA770179	408170	human gut metagenome	ILLUMINA	Illumina MiSeq	F_NC_22		PAIRED	AMPLICON	METATRANSCRIPTOMIC	PCR	51198	30821196	SUB4499500	2018-09-09	2018-09-09	Illumina MiSeq sequencing: DNA-Seq of environmental metagenomes :feces metagenome	Fecal and blood microbiota of AD, MCI and normal controls	PRJNA489760	F_NC_22	HY69_R2.fastq	6752799;9189625	03efe48676acfd19510d88396a523aef;779d5d4b42a69b004f06c6dfefa54789	ftp.sra.ebi.ac.uk/vol1/fastq/SRR781/006/SRR7811176/SRR7811176_1.fastq.gz;ftp.sra.ebi.ac.uk/vol1/fastq/SRR781/006/SRR7811176/SRR7811176_2.fastq.gz	fasp.sra.ebi.ac.uk:/vol1/fastq/SRR781/006/SRR7811176/SRR7811176_1.fastq.gz;fasp.sra.ebi.ac.uk:/vol1/fastq/SRR781/006/SRR7811176/SRR7811176_2.fastq.gz	ftp.sra.ebi.ac.uk/vol1/fastq/SRR781/006/SRR7811176/SRR7811176_1.fastq.gz;ftp.sra.ebi.ac.uk/vol1/fastq/SRR781/006/SRR7811176/SRR7811176_2.fastq.gz							F_NC_22		Metagenome or environmental sample from human gut metagenome		2018-09-09				GENERATED_FILE;GENERATED_FILE		
SRR7811167	PRJNA489760	SRP160417	SAMN09988859	SRS3757902	SRX4662661	SRA770179	1504969	human blood metagenome	ILLUMINA	Illumina MiSeq	B_MCI_29		PAIRED	AMPLICON	METATRANSCRIPTOMIC	PCR	32833	19699800	SUB4499500	2018-09-09	2018-09-09	Illumina MiSeq sequencing: DNA-Seq of environmental metagenomes :blood metagenome	Fecal and blood microbiota of AD, MCI and normal controls	PRJNA489760	B_MCI_29	851_89_R2.fastq	3045131;4540487	aef65e9e40c813069e74f2e9a7761f68;19c6c6b5e539089f7efb3dffdb9591f1	ftp.sra.ebi.ac.uk/vol1/fastq/SRR781/007/SRR7811167/SRR7811167_1.fastq.gz;ftp.sra.ebi.ac.uk/vol1/fastq/SRR781/007/SRR7811167/SRR7811167_2.fastq.gz	fasp.sra.ebi.ac.uk:/vol1/fastq/SRR781/007/SRR7811167/SRR7811167_1.fastq.gz;fasp.sra.ebi.ac.uk:/vol1/fastq/SRR781/007/SRR7811167/SRR7811167_2.fastq.gz	ftp.sra.ebi.ac.uk/vol1/fastq/SRR781/007/SRR7811167/SRR7811167_1.fastq.gz;ftp.sra.ebi.ac.uk/vol1/fastq/SRR781/007/SRR7811167/SRR7811167_2.fastq.gz							B_MCI_29		Metagenome or environmental sample from human blood metagenome		2018-09-09				GENERATED_FILE;GENERATED_FILE		
SRR7811178	PRJNA489760	SRP160417	SAMN09988786	SRS3757894	SRX4662650	SRA770179	408170	human gut metagenome	ILLUMINA	Illumina MiSeq	F_AD_16		PAIRED	AMPLICON	METATRANSCRIPTOMIC	PCR	37796	22677600	SUB4499500	2018-09-09	2018-09-09	Illumina MiSeq sequencing: DNA-Seq of environmental metagenomes :feces metagenome	Fecal and blood microbiota of AD, MCI and normal controls	PRJNA489760	F_AD_16	851_46_R1.fastq	4011047;5684174	db95afc76d41d8082d8c22976aa727a9;3a72d3e3cbc297bba3fdf65dd2088443	ftp.sra.ebi.ac.uk/vol1/fastq/SRR781/008/SRR7811178/SRR7811178_1.fastq.gz;ftp.sra.ebi.ac.uk/vol1/fastq/SRR781/008/SRR7811178/SRR7811178_2.fastq.gz	fasp.sra.ebi.ac.uk:/vol1/fastq/SRR781/008/SRR7811178/SRR7811178_1.fastq.gz;fasp.sra.ebi.ac.uk:/vol1/fastq/SRR781/008/SRR7811178/SRR7811178_2.fastq.gz	ftp.sra.ebi.ac.uk/vol1/fastq/SRR781/008/SRR7811178/SRR7811178_1.fastq.gz;ftp.sra.ebi.ac.uk/vol1/fastq/SRR781/008/SRR7811178/SRR7811178_2.fastq.gz							F_AD_16		Metagenome or environmental sample from human gut metagenome		2018-09-09				GENERATED_FILE;GENERATED_FILE		
SRR7811169	PRJNA489760	SRP160417	SAMN09988855	SRS3757903	SRX4662659	SRA770179	1504969	human blood metagenome	ILLUMINA	Illumina MiSeq	B_MCI_25		PAIRED	AMPLICON	METATRANSCRIPTOMIC	PCR	35666	21399600	SUB4499500	2018-09-09	2018-09-09	Illumina MiSeq sequencing: DNA-Seq of environmental metagenomes :blood metagenome	Fecal and blood microbiota of AD, MCI and normal controls	PRJNA489760	B_MCI_25	851_85_R1.fastq	3291953;4848034	c32ce8c4e9f7b1fff2da06bd1f6482e3;5af902e83fcacc5abd09bc5fa97a74ff	ftp.sra.ebi.ac.uk/vol1/fastq/SRR781/009/SRR7811169/SRR7811169_1.fastq.gz;ftp.sra.ebi.ac.uk/vol1/fastq/SRR781/009/SRR7811169/SRR7811169_2.fastq.gz	fasp.sra.ebi.ac.uk:/vol1/fastq/SRR781/009/SRR7811169/SRR7811169_1.fastq.gz;fasp.sra.ebi.ac.uk:/vol1/fastq/SRR781/009/SRR7811169/SRR7811169_2.fastq.gz	ftp.sra.ebi.ac.uk/vol1/fastq/SRR781/009/SRR7811169/SRR7811169_1.fastq.gz;ftp.sra.ebi.ac.uk/vol1/fastq/SRR781/009/SRR7811169/SRR7811169_2.fastq.gz							B_MCI_25		Metagenome or environmental sample from human blood metagenome		2018-09-09				GENERATED_FILE;GENERATED_FILE		
SRR7811183	PRJNA489760	SRP160417	SAMN09988783	SRS3757889	SRX4662645	SRA770179	408170	human gut metagenome	ILLUMINA	Illumina MiSeq	F_AD_13		PAIRED	AMPLICON	METATRANSCRIPTOMIC	PCR	46779	28067400	SUB4499500	2018-09-09	2018-09-09	Illumina MiSeq sequencing: DNA-Seq of environmental metagenomes :feces metagenome	Fecal and blood microbiota of AD, MCI and normal controls	PRJNA489760	F_AD_13	851_43_R2.fastq	4437003;6395527	f997348a077829fc20798ee48fb5bf33;23981a269ebb31525a12b5f7f0e1851d	ftp.sra.ebi.ac.uk/vol1/fastq/SRR781/003/SRR7811183/SRR7811183_1.fastq.gz;ftp.sra.ebi.ac.uk/vol1/fastq/SRR781/003/SRR7811183/SRR7811183_2.fastq.gz	fasp.sra.ebi.ac.uk:/vol1/fastq/SRR781/003/SRR7811183/SRR7811183_1.fastq.gz;fasp.sra.ebi.ac.uk:/vol1/fastq/SRR781/003/SRR7811183/SRR7811183_2.fastq.gz	ftp.sra.ebi.ac.uk/vol1/fastq/SRR781/003/SRR7811183/SRR7811183_1.fastq.gz;ftp.sra.ebi.ac.uk/vol1/fastq/SRR781/003/SRR7811183/SRR7811183_2.fastq.gz							F_AD_13		Metagenome or environmental sample from human gut metagenome		2018-09-09				GENERATED_FILE;GENERATED_FILE		
SRR7811173	PRJNA489760	SRP160417	SAMN09988851	SRS3757898	SRX4662655	SRA770179	1504969	human blood metagenome	ILLUMINA	Illumina MiSeq	B_MCI_21		PAIRED	AMPLICON	METATRANSCRIPTOMIC	PCR	44624	26774400	SUB4499500	2018-09-09	2018-09-09	Illumina MiSeq sequencing: DNA-Seq of environmental metagenomes :blood metagenome	Fecal and blood microbiota of AD, MCI and normal controls	PRJNA489760	B_MCI_21	851_81_R2.fastq	4268354;5914445	fce16f867aa70d68d1c57ba8d450a2a7;86fe3be061ccfd01a3bbe948d96a325c	ftp.sra.ebi.ac.uk/vol1/fastq/SRR781/003/SRR7811173/SRR7811173_1.fastq.gz;ftp.sra.ebi.ac.uk/vol1/fastq/SRR781/003/SRR7811173/SRR7811173_2.fastq.gz	fasp.sra.ebi.ac.uk:/vol1/fastq/SRR781/003/SRR7811173/SRR7811173_1.fastq.gz;fasp.sra.ebi.ac.uk:/vol1/fastq/SRR781/003/SRR7811173/SRR7811173_2.fastq.gz	ftp.sra.ebi.ac.uk/vol1/fastq/SRR781/003/SRR7811173/SRR7811173_1.fastq.gz;ftp.sra.ebi.ac.uk/vol1/fastq/SRR781/003/SRR7811173/SRR7811173_2.fastq.gz							B_MCI_21		Metagenome or environmental sample from human blood metagenome		2018-09-09				GENERATED_FILE;GENERATED_FILE		
SRR7811185	PRJNA489760	SRP160417	SAMN09988789	SRS3757885	SRX4662643	SRA770179	408170	human gut metagenome	ILLUMINA	Illumina MiSeq	F_AD_19		PAIRED	AMPLICON	METATRANSCRIPTOMIC	PCR	37973	22783800	SUB4499500	2018-09-09	2018-09-09	Illumina MiSeq sequencing: DNA-Seq of environmental metagenomes :feces metagenome	Fecal and blood microbiota of AD, MCI and normal controls	PRJNA489760	F_AD_19	851_49_R1.fastq	3909270;5739159	e8b3ed081173aa144ba8e34ef4dc6bf8;9c2d4c6e23164751b4fe9249a545c6ff	ftp.sra.ebi.ac.uk/vol1/fastq/SRR781/005/SRR7811185/SRR7811185_1.fastq.gz;ftp.sra.ebi.ac.uk/vol1/fastq/SRR781/005/SRR7811185/SRR7811185_2.fastq.gz	fasp.sra.ebi.ac.uk:/vol1/fastq/SRR781/005/SRR7811185/SRR7811185_1.fastq.gz;fasp.sra.ebi.ac.uk:/vol1/fastq/SRR781/005/SRR7811185/SRR7811185_2.fastq.gz	ftp.sra.ebi.ac.uk/vol1/fastq/SRR781/005/SRR7811185/SRR7811185_1.fastq.gz;ftp.sra.ebi.ac.uk/vol1/fastq/SRR781/005/SRR7811185/SRR7811185_2.fastq.gz							F_AD_19		Metagenome or environmental sample from human gut metagenome		2018-09-09				GENERATED_FILE;GENERATED_FILE		
SRR7811175	PRJNA489760	SRP160417	SAMN09988853	SRS3757896	SRX4662653	SRA770179	1504969	human blood metagenome	ILLUMINA	Illumina MiSeq	B_MCI_23		PAIRED	AMPLICON	METATRANSCRIPTOMIC	PCR	45298	27178800	SUB4499500	2018-09-09	2018-09-09	Illumina MiSeq sequencing: DNA-Seq of environmental metagenomes :blood metagenome	Fecal and blood microbiota of AD, MCI and normal controls	PRJNA489760	B_MCI_23	851_83_R1.fastq	4197689;6286536	9fab2f069f7cecc7dd7c947bcfdf68f7;8e90771a8daa01d2b4957c2de5a989ed	ftp.sra.ebi.ac.uk/vol1/fastq/SRR781/005/SRR7811175/SRR7811175_1.fastq.gz;ftp.sra.ebi.ac.uk/vol1/fastq/SRR781/005/SRR7811175/SRR7811175_2.fastq.gz	fasp.sra.ebi.ac.uk:/vol1/fastq/SRR781/005/SRR7811175/SRR7811175_1.fastq.gz;fasp.sra.ebi.ac.uk:/vol1/fastq/SRR781/005/SRR7811175/SRR7811175_2.fastq.gz	ftp.sra.ebi.ac.uk/vol1/fastq/SRR781/005/SRR7811175/SRR7811175_1.fastq.gz;ftp.sra.ebi.ac.uk/vol1/fastq/SRR781/005/SRR7811175/SRR7811175_2.fastq.gz							B_MCI_23		Metagenome or environmental sample from human blood metagenome		2018-09-09				GENERATED_FILE;GENERATED_FILE		
SRR7811180	PRJNA489760	SRP160417	SAMN09988788	SRS3757890	SRX4662648	SRA770179	408170	human gut metagenome	ILLUMINA	Illumina MiSeq	F_AD_18		PAIRED	AMPLICON	METATRANSCRIPTOMIC	PCR	30389	18233400	SUB4499500	2018-09-09	2018-09-09	Illumina MiSeq sequencing: DNA-Seq of environmental metagenomes :feces metagenome	Fecal and blood microbiota of AD, MCI and normal controls	PRJNA489760	F_AD_18	851_48_R2.fastq	2685542;4039937	3764844e5971499f9f5da5fe92f89d74;63b3b1a14347e42089feb34d7d05525d	ftp.sra.ebi.ac.uk/vol1/fastq/SRR781/000/SRR7811180/SRR7811180_1.fastq.gz;ftp.sra.ebi.ac.uk/vol1/fastq/SRR781/000/SRR7811180/SRR7811180_2.fastq.gz	fasp.sra.ebi.ac.uk:/vol1/fastq/SRR781/000/SRR7811180/SRR7811180_1.fastq.gz;fasp.sra.ebi.ac.uk:/vol1/fastq/SRR781/000/SRR7811180/SRR7811180_2.fastq.gz	ftp.sra.ebi.ac.uk/vol1/fastq/SRR781/000/SRR7811180/SRR7811180_1.fastq.gz;ftp.sra.ebi.ac.uk/vol1/fastq/SRR781/000/SRR7811180/SRR7811180_2.fastq.gz							F_AD_18		Metagenome or environmental sample from human gut metagenome		2018-09-09				GENERATED_FILE;GENERATED_FILE		
SRR7811186	PRJNA489760	SRP160417	SAMN09988790	SRS3757886	SRX4662642	SRA770179	408170	human gut metagenome	ILLUMINA	Illumina MiSeq	F_AD_20		PAIRED	AMPLICON	METATRANSCRIPTOMIC	PCR	34867	20920200	SUB4499500	2018-09-09	2018-09-09	Illumina MiSeq sequencing: DNA-Seq of environmental metagenomes :feces metagenome	Fecal and blood microbiota of AD, MCI and normal controls	PRJNA489760	F_AD_20	851_50_R1.fastq	3115759;4943242	8ebdd0bfea0486eba1f24ed39b03559a;322637c8dc5c985c9e7e09eab7f1d88c	ftp.sra.ebi.ac.uk/vol1/fastq/SRR781/006/SRR7811186/SRR7811186_1.fastq.gz;ftp.sra.ebi.ac.uk/vol1/fastq/SRR781/006/SRR7811186/SRR7811186_2.fastq.gz	fasp.sra.ebi.ac.uk:/vol1/fastq/SRR781/006/SRR7811186/SRR7811186_1.fastq.gz;fasp.sra.ebi.ac.uk:/vol1/fastq/SRR781/006/SRR7811186/SRR7811186_2.fastq.gz	ftp.sra.ebi.ac.uk/vol1/fastq/SRR781/006/SRR7811186/SRR7811186_1.fastq.gz;ftp.sra.ebi.ac.uk/vol1/fastq/SRR781/006/SRR7811186/SRR7811186_2.fastq.gz							F_AD_20		Metagenome or environmental sample from human gut metagenome		2018-09-09				GENERATED_FILE;GENERATED_FILE		
