run_accession	study_accession	secondary_study_accession	sample_accession	secondary_sample_accession	experiment_accession	submission_accession	tax_id	scientific_name	instrument_platform	instrument_model	library_name	nominal_length	library_layout	library_strategy	library_source	library_selection	read_count	base_count	center_name	first_public	last_updated	experiment_title	study_title	study_alias	experiment_alias	run_alias	fastq_bytes	fastq_md5	fastq_ftp	fastq_aspera	fastq_galaxy	submitted_bytes	submitted_md5	submitted_ftp	submitted_aspera	submitted_galaxy	submitted_format	sample_alias	broker_name	sample_title	nominal_sdev	first_created	bam_ftp	bam_bytes	bam_md5	fastq_file_role	submitted_file_role	bam_file_role
SRR20048334	PRJNA855571	SRP385559	SAMN29514553	SRS13753179	SRX16087088	SRA1451384	408170	human gut metagenome	ILLUMINA	Illumina MiSeq	F143		SINGLE	RNA-Seq	METAGENOMIC	PCR	105420	48949138	SUB11747641	2023-07-15	2023-07-24	Illumina MiSeq sequencing: 16S rRNA-Seq of gut microbiome	human metagenome Raw sequence reads	PRJNA855571	F143	F164.raw.fastq	3968272	5134b8765672828d710740b0316bbed0	ftp.sra.ebi.ac.uk/vol1/fastq/SRR200/034/SRR20048334/SRR20048334.fastq.gz	fasp.sra.ebi.ac.uk:/vol1/fastq/SRR200/034/SRR20048334/SRR20048334.fastq.gz	ftp.sra.ebi.ac.uk/vol1/fastq/SRR200/034/SRR20048334/SRR20048334.fastq.gz							F164		16S rRNA-Seq of gut microbiome		2023-07-15				GENERATED_FILE		
SRR20048336	PRJNA855571	SRP385559	SAMN29514551	SRS13753177	SRX16087086	SRA1451384	408170	human gut metagenome	ILLUMINA	Illumina MiSeq	F141		SINGLE	RNA-Seq	METAGENOMIC	PCR	77899	35591356	SUB11747641	2023-07-15	2023-07-27	Illumina MiSeq sequencing: 16S rRNA-Seq of gut microbiome	human metagenome Raw sequence reads	PRJNA855571	F141	F159.raw.fastq	4023354	2c9eefd3c791ac9bb6955a06728163b1	ftp.sra.ebi.ac.uk/vol1/fastq/SRR200/036/SRR20048336/SRR20048336.fastq.gz	fasp.sra.ebi.ac.uk:/vol1/fastq/SRR200/036/SRR20048336/SRR20048336.fastq.gz	ftp.sra.ebi.ac.uk/vol1/fastq/SRR200/036/SRR20048336/SRR20048336.fastq.gz							F159		16S rRNA-Seq of gut microbiome		2023-07-15				GENERATED_FILE		
SRR20048337	PRJNA855571	SRP385559	SAMN29514550	SRS13753176	SRX16087085	SRA1451384	408170	human gut metagenome	ILLUMINA	Illumina MiSeq	F140		SINGLE	RNA-Seq	METAGENOMIC	PCR	127374	58693233	SUB11747641	2023-07-15	2023-07-24	Illumina MiSeq sequencing: 16S rRNA-Seq of gut microbiome	human metagenome Raw sequence reads	PRJNA855571	F140	F158.raw.fastq	5167964	2121fe1a9876a87b474bb2289be05046	ftp.sra.ebi.ac.uk/vol1/fastq/SRR200/037/SRR20048337/SRR20048337.fastq.gz	fasp.sra.ebi.ac.uk:/vol1/fastq/SRR200/037/SRR20048337/SRR20048337.fastq.gz	ftp.sra.ebi.ac.uk/vol1/fastq/SRR200/037/SRR20048337/SRR20048337.fastq.gz							F158		16S rRNA-Seq of gut microbiome		2023-07-15				GENERATED_FILE		
SRR20048342	PRJNA855571	SRP385559	SAMN29514546	SRS13753171	SRX16087080	SRA1451384	408170	human gut metagenome	ILLUMINA	Illumina MiSeq	F136		SINGLE	RNA-Seq	METAGENOMIC	PCR	80648	36699795	SUB11747641	2023-07-15	2023-07-24	Illumina MiSeq sequencing: 16S rRNA-Seq of gut microbiome	human metagenome Raw sequence reads	PRJNA855571	F136	F151.raw.fastq	3620407	2d985a2bd5a59020f05cfd38060559fb	ftp.sra.ebi.ac.uk/vol1/fastq/SRR200/042/SRR20048342/SRR20048342.fastq.gz	fasp.sra.ebi.ac.uk:/vol1/fastq/SRR200/042/SRR20048342/SRR20048342.fastq.gz	ftp.sra.ebi.ac.uk/vol1/fastq/SRR200/042/SRR20048342/SRR20048342.fastq.gz							F151		16S rRNA-Seq of gut microbiome		2023-07-15				GENERATED_FILE		
SRR20048343	PRJNA855571	SRP385559	SAMN29514545	SRS13753170	SRX16087079	SRA1451384	408170	human gut metagenome	ILLUMINA	Illumina MiSeq	F135		SINGLE	RNA-Seq	METAGENOMIC	PCR	92123	42068967	SUB11747641	2023-07-15	2023-07-24	Illumina MiSeq sequencing: 16S rRNA-Seq of gut microbiome	human metagenome Raw sequence reads	PRJNA855571	F135	F150.raw.fastq	4594368	815c60be1699b98a1446d2f19d3c0be8	ftp.sra.ebi.ac.uk/vol1/fastq/SRR200/043/SRR20048343/SRR20048343.fastq.gz	fasp.sra.ebi.ac.uk:/vol1/fastq/SRR200/043/SRR20048343/SRR20048343.fastq.gz	ftp.sra.ebi.ac.uk/vol1/fastq/SRR200/043/SRR20048343/SRR20048343.fastq.gz							F150		16S rRNA-Seq of gut microbiome		2023-07-15				GENERATED_FILE		
SRR20048353	PRJNA855571	SRP385559	SAMN29514537	SRS13753160	SRX16087069	SRA1451384	408170	human gut metagenome	ILLUMINA	Illumina MiSeq	F127		SINGLE	RNA-Seq	METAGENOMIC	PCR	62548	28832522	SUB11747641	2023-07-15	2023-07-24	Illumina MiSeq sequencing: 16S rRNA-Seq of gut microbiome	human metagenome Raw sequence reads	PRJNA855571	F127	F135.raw.fastq	2664548	2cde07d3d0f39f2ce455fdcb6379ac60	ftp.sra.ebi.ac.uk/vol1/fastq/SRR200/053/SRR20048353/SRR20048353.fastq.gz	fasp.sra.ebi.ac.uk:/vol1/fastq/SRR200/053/SRR20048353/SRR20048353.fastq.gz	ftp.sra.ebi.ac.uk/vol1/fastq/SRR200/053/SRR20048353/SRR20048353.fastq.gz							F135		16S rRNA-Seq of gut microbiome		2023-07-15				GENERATED_FILE		
SRR20048363	PRJNA855571	SRP385559	SAMN29514528	SRS13753149	SRX16087059	SRA1451384	408170	human gut metagenome	ILLUMINA	Illumina MiSeq	F118		SINGLE	RNA-Seq	METAGENOMIC	PCR	62794	28348468	SUB11747641	2023-07-15	2023-07-24	Illumina MiSeq sequencing: 16S rRNA-Seq of gut microbiome	human metagenome Raw sequence reads	PRJNA855571	F118	F116.raw.fastq	3254577	6e6a7b0bed646859451ca83597e3638c	ftp.sra.ebi.ac.uk/vol1/fastq/SRR200/063/SRR20048363/SRR20048363.fastq.gz	fasp.sra.ebi.ac.uk:/vol1/fastq/SRR200/063/SRR20048363/SRR20048363.fastq.gz	ftp.sra.ebi.ac.uk/vol1/fastq/SRR200/063/SRR20048363/SRR20048363.fastq.gz							F116		16S rRNA-Seq of gut microbiome		2023-07-15				GENERATED_FILE		
SRR20048369	PRJNA855571	SRP385559	SAMN29514522	SRS13753143	SRX16087053	SRA1451384	408170	human gut metagenome	ILLUMINA	Illumina MiSeq	F112		SINGLE	RNA-Seq	METAGENOMIC	PCR	87617	39863421	SUB11747641	2023-07-15	2023-07-26	Illumina MiSeq sequencing: 16S rRNA-Seq of gut microbiome	human metagenome Raw sequence reads	PRJNA855571	F112	F94.raw.fastq	3889033	61f71adaa14c0b41f7ec177a75ae14c1	ftp.sra.ebi.ac.uk/vol1/fastq/SRR200/069/SRR20048369/SRR20048369.fastq.gz	fasp.sra.ebi.ac.uk:/vol1/fastq/SRR200/069/SRR20048369/SRR20048369.fastq.gz	ftp.sra.ebi.ac.uk/vol1/fastq/SRR200/069/SRR20048369/SRR20048369.fastq.gz							F94		16S rRNA-Seq of gut microbiome		2023-07-15				GENERATED_FILE		
SRR20048379	PRJNA855571	SRP385559	SAMN29514513	SRS13753134	SRX16087043	SRA1451384	408170	human gut metagenome	ILLUMINA	Illumina MiSeq	F103		SINGLE	RNA-Seq	METAGENOMIC	PCR	106081	49060334	SUB11747641	2023-07-15	2023-07-24	Illumina MiSeq sequencing: 16S rRNA-Seq of gut microbiome	human metagenome Raw sequence reads	PRJNA855571	F103	F58.raw.fastq	4187421	9b081e50596ff66c7f1769ea3bdaa64b	ftp.sra.ebi.ac.uk/vol1/fastq/SRR200/079/SRR20048379/SRR20048379.fastq.gz	fasp.sra.ebi.ac.uk:/vol1/fastq/SRR200/079/SRR20048379/SRR20048379.fastq.gz	ftp.sra.ebi.ac.uk/vol1/fastq/SRR200/079/SRR20048379/SRR20048379.fastq.gz							F58		16S rRNA-Seq of gut microbiome		2023-07-15				GENERATED_FILE		
SRR20048382	PRJNA855571	SRP385559	SAMN29514510	SRS13753131	SRX16087040	SRA1451384	408170	human gut metagenome	ILLUMINA	Illumina MiSeq	F100		SINGLE	RNA-Seq	METAGENOMIC	PCR	112797	52044699	SUB11747641	2023-07-15	2023-07-25	Illumina MiSeq sequencing: 16S rRNA-Seq of gut microbiome	human metagenome Raw sequence reads	PRJNA855571	F100	F55.raw.fastq	4796758	f2a16d9e628f7b782c76773b540537de	ftp.sra.ebi.ac.uk/vol1/fastq/SRR200/082/SRR20048382/SRR20048382.fastq.gz	fasp.sra.ebi.ac.uk:/vol1/fastq/SRR200/082/SRR20048382/SRR20048382.fastq.gz	ftp.sra.ebi.ac.uk/vol1/fastq/SRR200/082/SRR20048382/SRR20048382.fastq.gz							F55		16S rRNA-Seq of gut microbiome		2023-07-15				GENERATED_FILE		
SRR20048391	PRJNA855571	SRP385559	SAMN29514502	SRS13753122	SRX16087031	SRA1451384	408170	human gut metagenome	ILLUMINA	Illumina MiSeq	F92		SINGLE	RNA-Seq	METAGENOMIC	PCR	80713	37255506	SUB11747641	2023-07-15	2023-07-24	Illumina MiSeq sequencing: 16S rRNA-Seq of gut microbiome	human metagenome Raw sequence reads	PRJNA855571	F92	F25.raw.fastq	3343899	537ff14f118001b557dddce14f0bbd37	ftp.sra.ebi.ac.uk/vol1/fastq/SRR200/091/SRR20048391/SRR20048391.fastq.gz	fasp.sra.ebi.ac.uk:/vol1/fastq/SRR200/091/SRR20048391/SRR20048391.fastq.gz	ftp.sra.ebi.ac.uk/vol1/fastq/SRR200/091/SRR20048391/SRR20048391.fastq.gz							F25		16S rRNA-Seq of gut microbiome		2023-07-15				GENERATED_FILE		
SRR20048395	PRJNA855571	SRP385559	SAMN29514499	SRS13753118	SRX16087027	SRA1451384	408170	human gut metagenome	ILLUMINA	Illumina MiSeq	F89		SINGLE	RNA-Seq	METAGENOMIC	PCR	75041	34268083	SUB11747641	2023-07-15	2023-07-25	Illumina MiSeq sequencing: 16S rRNA-Seq of gut microbiome	human metagenome Raw sequence reads	PRJNA855571	F89	F22.raw.fastq	3694381	29ce4b426354fa283781afccdd7ed32f	ftp.sra.ebi.ac.uk/vol1/fastq/SRR200/095/SRR20048395/SRR20048395.fastq.gz	fasp.sra.ebi.ac.uk:/vol1/fastq/SRR200/095/SRR20048395/SRR20048395.fastq.gz	ftp.sra.ebi.ac.uk/vol1/fastq/SRR200/095/SRR20048395/SRR20048395.fastq.gz							F22		16S rRNA-Seq of gut microbiome		2023-07-15				GENERATED_FILE		
SRR20048396	PRJNA855571	SRP385559	SAMN29514498	SRS13753117	SRX16087026	SRA1451384	408170	human gut metagenome	ILLUMINA	Illumina MiSeq	F88		SINGLE	RNA-Seq	METAGENOMIC	PCR	86786	39851568	SUB11747641	2023-07-15	2023-07-24	Illumina MiSeq sequencing: 16S rRNA-Seq of gut microbiome	human metagenome Raw sequence reads	PRJNA855571	F88	F21.raw.fastq	4029206	f7c5b93886f41c86e43ff02124753c2b	ftp.sra.ebi.ac.uk/vol1/fastq/SRR200/096/SRR20048396/SRR20048396.fastq.gz	fasp.sra.ebi.ac.uk:/vol1/fastq/SRR200/096/SRR20048396/SRR20048396.fastq.gz	ftp.sra.ebi.ac.uk/vol1/fastq/SRR200/096/SRR20048396/SRR20048396.fastq.gz							F21		16S rRNA-Seq of gut microbiome		2023-07-15				GENERATED_FILE		
SRR20048397	PRJNA855571	SRP385559	SAMN29514497	SRS13753116	SRX16087025	SRA1451384	408170	human gut metagenome	ILLUMINA	Illumina MiSeq	F87		SINGLE	RNA-Seq	METAGENOMIC	PCR	87660	40587221	SUB11747641	2023-07-15	2023-07-25	Illumina MiSeq sequencing: 16S rRNA-Seq of gut microbiome	human metagenome Raw sequence reads	PRJNA855571	F87	F20.raw.fastq	3885770	d314d1ae92482e14716b3ba771e75f2f	ftp.sra.ebi.ac.uk/vol1/fastq/SRR200/097/SRR20048397/SRR20048397.fastq.gz	fasp.sra.ebi.ac.uk:/vol1/fastq/SRR200/097/SRR20048397/SRR20048397.fastq.gz	ftp.sra.ebi.ac.uk/vol1/fastq/SRR200/097/SRR20048397/SRR20048397.fastq.gz							F20		16S rRNA-Seq of gut microbiome		2023-07-15				GENERATED_FILE		
SRR20048398	PRJNA855571	SRP385559	SAMN29514496	SRS13753115	SRX16087024	SRA1451384	408170	human gut metagenome	ILLUMINA	Illumina MiSeq	F86		SINGLE	RNA-Seq	METAGENOMIC	PCR	85690	38805877	SUB11747641	2023-07-15	2023-07-24	Illumina MiSeq sequencing: 16S rRNA-Seq of gut microbiome	human metagenome Raw sequence reads	PRJNA855571	F86	F18.raw.fastq	4686476	2bbdb0cda265cedb02820f718eed248a	ftp.sra.ebi.ac.uk/vol1/fastq/SRR200/098/SRR20048398/SRR20048398.fastq.gz	fasp.sra.ebi.ac.uk:/vol1/fastq/SRR200/098/SRR20048398/SRR20048398.fastq.gz	ftp.sra.ebi.ac.uk/vol1/fastq/SRR200/098/SRR20048398/SRR20048398.fastq.gz							F18		16S rRNA-Seq of gut microbiome		2023-07-15				GENERATED_FILE		
SRR20048400	PRJNA855571	SRP385559	SAMN29514494	SRS13753113	SRX16087022	SRA1451384	408170	human gut metagenome	ILLUMINA	Illumina MiSeq	F84		SINGLE	RNA-Seq	METAGENOMIC	PCR	85168	38734664	SUB11747641	2023-07-15	2023-07-25	Illumina MiSeq sequencing: 16S rRNA-Seq of gut microbiome	human metagenome Raw sequence reads	PRJNA855571	F84	F11.raw.fastq	5018703	49e8b64b231c7388ef0f9ba28ec68035	ftp.sra.ebi.ac.uk/vol1/fastq/SRR200/000/SRR20048400/SRR20048400.fastq.gz	fasp.sra.ebi.ac.uk:/vol1/fastq/SRR200/000/SRR20048400/SRR20048400.fastq.gz	ftp.sra.ebi.ac.uk/vol1/fastq/SRR200/000/SRR20048400/SRR20048400.fastq.gz							F11		16S rRNA-Seq of gut microbiome		2023-07-15				GENERATED_FILE		
SRR20048404	PRJNA855571	SRP385559	SAMN29514490	SRS13753108	SRX16087018	SRA1451384	408170	human gut metagenome	ILLUMINA	Illumina MiSeq	F80		SINGLE	RNA-Seq	METAGENOMIC	PCR	82994	37018730	SUB11747641	2023-07-15	2023-07-24	Illumina MiSeq sequencing: 16S rRNA-Seq of gut microbiome	human metagenome Raw sequence reads	PRJNA855571	F80	A1F15.raw.fastq	3434475	e08ff9e5a988f49f1f1756d1a23928d6	ftp.sra.ebi.ac.uk/vol1/fastq/SRR200/004/SRR20048404/SRR20048404.fastq.gz	fasp.sra.ebi.ac.uk:/vol1/fastq/SRR200/004/SRR20048404/SRR20048404.fastq.gz	ftp.sra.ebi.ac.uk/vol1/fastq/SRR200/004/SRR20048404/SRR20048404.fastq.gz							A1F15		16S rRNA-Seq of gut microbiome		2023-07-15				GENERATED_FILE		
SRR20048406	PRJNA855571	SRP385559	SAMN29514489	SRS13753107	SRX16087016	SRA1451384	408170	human gut metagenome	ILLUMINA	Illumina MiSeq	F79		SINGLE	RNA-Seq	METAGENOMIC	PCR	90315	40407805	SUB11747641	2023-07-15	2023-07-24	Illumina MiSeq sequencing: 16S rRNA-Seq of gut microbiome	human metagenome Raw sequence reads	PRJNA855571	F79	A1F14.raw.fastq	4056419	a59cdfe5800a0fd321d5c3053c4b674c	ftp.sra.ebi.ac.uk/vol1/fastq/SRR200/006/SRR20048406/SRR20048406.fastq.gz	fasp.sra.ebi.ac.uk:/vol1/fastq/SRR200/006/SRR20048406/SRR20048406.fastq.gz	ftp.sra.ebi.ac.uk/vol1/fastq/SRR200/006/SRR20048406/SRR20048406.fastq.gz							A1F14		16S rRNA-Seq of gut microbiome		2023-07-15				GENERATED_FILE		
SRR20048413	PRJNA855571	SRP385559	SAMN29514482	SRS13753100	SRX16087009	SRA1451384	408170	human gut metagenome	ILLUMINA	Illumina MiSeq	F72		SINGLE	RNA-Seq	METAGENOMIC	PCR	104914	47730301	SUB11747641	2023-07-15	2023-07-24	Illumina MiSeq sequencing: 16S rRNA-Seq of gut microbiome	human metagenome Raw sequence reads	PRJNA855571	F72	A1F7.raw.fastq	5308833	f3555c617f7ff9763097cf438fafa14b	ftp.sra.ebi.ac.uk/vol1/fastq/SRR200/013/SRR20048413/SRR20048413.fastq.gz	fasp.sra.ebi.ac.uk:/vol1/fastq/SRR200/013/SRR20048413/SRR20048413.fastq.gz	ftp.sra.ebi.ac.uk/vol1/fastq/SRR200/013/SRR20048413/SRR20048413.fastq.gz							A1F7		16S rRNA-Seq of gut microbiome		2023-07-15				GENERATED_FILE		
SRR20048420	PRJNA855571	SRP385559	SAMN29514476	SRS13753093	SRX16087002	SRA1451384	408170	human gut metagenome	ILLUMINA	Illumina MiSeq	F66		SINGLE	RNA-Seq	METAGENOMIC	PCR	78805	35523518	SUB11747641	2023-07-15	2023-07-24	Illumina MiSeq sequencing: 16S rRNA-Seq of gut microbiome	human metagenome Raw sequence reads	PRJNA855571	F66	A1F1.raw.fastq	3407481	9f7e8f0ece1cc0b4d3751a1ca63b8e81	ftp.sra.ebi.ac.uk/vol1/fastq/SRR200/020/SRR20048420/SRR20048420.fastq.gz	fasp.sra.ebi.ac.uk:/vol1/fastq/SRR200/020/SRR20048420/SRR20048420.fastq.gz	ftp.sra.ebi.ac.uk/vol1/fastq/SRR200/020/SRR20048420/SRR20048420.fastq.gz							A1F1		16S rRNA-Seq of gut microbiome		2023-07-15				GENERATED_FILE		
SRR20048421	PRJNA855571	SRP385559	SAMN29514475	SRS13753092	SRX16087001	SRA1451384	408170	human gut metagenome	ILLUMINA	Illumina MiSeq	F65		SINGLE	RNA-Seq	METAGENOMIC	PCR	51840	23639108	SUB11747641	2023-07-15	2023-07-24	Illumina MiSeq sequencing: 16S rRNA-Seq of gut microbiome	human metagenome Raw sequence reads	PRJNA855571	F65	F178.raw.fastq	3003465	0a5e978da1123436584641b423895242	ftp.sra.ebi.ac.uk/vol1/fastq/SRR200/021/SRR20048421/SRR20048421.fastq.gz	fasp.sra.ebi.ac.uk:/vol1/fastq/SRR200/021/SRR20048421/SRR20048421.fastq.gz	ftp.sra.ebi.ac.uk/vol1/fastq/SRR200/021/SRR20048421/SRR20048421.fastq.gz							F178		16S rRNA-Seq of gut microbiome		2023-07-15				GENERATED_FILE		
SRR20048330	PRJNA855571	SRP385559	SAMN29514557	SRS13753183	SRX16087092	SRA1451384	408170	human gut metagenome	ILLUMINA	Illumina MiSeq	F147		SINGLE	RNA-Seq	METAGENOMIC	PCR	70568	31859153	SUB11747641	2023-07-15	2023-07-25	Illumina MiSeq sequencing: 16S rRNA-Seq of gut microbiome	human metagenome Raw sequence reads	PRJNA855571	F147	F170.raw.fastq	3202015	feed5117b0121c8128de7258e399dde2	ftp.sra.ebi.ac.uk/vol1/fastq/SRR200/030/SRR20048330/SRR20048330.fastq.gz	fasp.sra.ebi.ac.uk:/vol1/fastq/SRR200/030/SRR20048330/SRR20048330.fastq.gz	ftp.sra.ebi.ac.uk/vol1/fastq/SRR200/030/SRR20048330/SRR20048330.fastq.gz							F170		16S rRNA-Seq of gut microbiome		2023-07-15				GENERATED_FILE		
SRR20048424	PRJNA855571	SRP385559	SAMN29514472	SRS13753089	SRX16086998	SRA1451384	408170	human gut metagenome	ILLUMINA	Illumina MiSeq	F62		SINGLE	RNA-Seq	METAGENOMIC	PCR	70050	32041097	SUB11747641	2023-07-15	2023-07-24	Illumina MiSeq sequencing: 16S rRNA-Seq of gut microbiome	human metagenome Raw sequence reads	PRJNA855571	F62	F173.raw.fastq	3729130	303e87e0b820d41171eaeb7e0e8fa019	ftp.sra.ebi.ac.uk/vol1/fastq/SRR200/024/SRR20048424/SRR20048424.fastq.gz	fasp.sra.ebi.ac.uk:/vol1/fastq/SRR200/024/SRR20048424/SRR20048424.fastq.gz	ftp.sra.ebi.ac.uk/vol1/fastq/SRR200/024/SRR20048424/SRR20048424.fastq.gz							F173		16S rRNA-Seq of gut microbiome		2023-07-15				GENERATED_FILE		
SRR20048332	PRJNA855571	SRP385559	SAMN29514555	SRS13753181	SRX16087090	SRA1451384	408170	human gut metagenome	ILLUMINA	Illumina MiSeq	F145		SINGLE	RNA-Seq	METAGENOMIC	PCR	106204	48453371	SUB11747641	2023-07-15	2023-07-24	Illumina MiSeq sequencing: 16S rRNA-Seq of gut microbiome	human metagenome Raw sequence reads	PRJNA855571	F145	F167.raw.fastq	4518894	72d880def9ccfcd3e73ea8018b945776	ftp.sra.ebi.ac.uk/vol1/fastq/SRR200/032/SRR20048332/SRR20048332.fastq.gz	fasp.sra.ebi.ac.uk:/vol1/fastq/SRR200/032/SRR20048332/SRR20048332.fastq.gz	ftp.sra.ebi.ac.uk/vol1/fastq/SRR200/032/SRR20048332/SRR20048332.fastq.gz							F167		16S rRNA-Seq of gut microbiome		2023-07-15				GENERATED_FILE		
SRR20048335	PRJNA855571	SRP385559	SAMN29514552	SRS13753178	SRX16087087	SRA1451384	408170	human gut metagenome	ILLUMINA	Illumina MiSeq	F142		SINGLE	RNA-Seq	METAGENOMIC	PCR	93466	42757646	SUB11747641	2023-07-15	2023-07-24	Illumina MiSeq sequencing: 16S rRNA-Seq of gut microbiome	human metagenome Raw sequence reads	PRJNA855571	F142	F162.raw.fastq	4404903	d040252814c6f1a031be8d9cbec7728b	ftp.sra.ebi.ac.uk/vol1/fastq/SRR200/035/SRR20048335/SRR20048335.fastq.gz	fasp.sra.ebi.ac.uk:/vol1/fastq/SRR200/035/SRR20048335/SRR20048335.fastq.gz	ftp.sra.ebi.ac.uk/vol1/fastq/SRR200/035/SRR20048335/SRR20048335.fastq.gz							F162		16S rRNA-Seq of gut microbiome		2023-07-15				GENERATED_FILE		
SRR20048433	PRJNA855571	SRP385559	SAMN29514464	SRS13753080	SRX16086989	SRA1451384	408170	human gut metagenome	ILLUMINA	Illumina MiSeq	F54		SINGLE	RNA-Seq	METAGENOMIC	PCR	82654	37367040	SUB11747641	2023-07-15	2023-07-24	Illumina MiSeq sequencing: 16S rRNA-Seq of gut microbiome	human metagenome Raw sequence reads	PRJNA855571	F54	F128.raw.fastq	3887562	07322af424d48b588607781a82607de6	ftp.sra.ebi.ac.uk/vol1/fastq/SRR200/033/SRR20048433/SRR20048433.fastq.gz	fasp.sra.ebi.ac.uk:/vol1/fastq/SRR200/033/SRR20048433/SRR20048433.fastq.gz	ftp.sra.ebi.ac.uk/vol1/fastq/SRR200/033/SRR20048433/SRR20048433.fastq.gz							F128		16S rRNA-Seq of gut microbiome		2023-07-15				GENERATED_FILE		
SRR20048442	PRJNA855571	SRP385559	SAMN29514456	SRS13753071	SRX16086980	SRA1451384	408170	human gut metagenome	ILLUMINA	Illumina MiSeq	F46		SINGLE	RNA-Seq	METAGENOMIC	PCR	75344	34503901	SUB11747641	2023-07-15	2023-07-24	Illumina MiSeq sequencing: 16S rRNA-Seq of gut microbiome	human metagenome Raw sequence reads	PRJNA855571	F46	F42.raw.fastq	3436850	e8726878312483f73b8379185722897d	ftp.sra.ebi.ac.uk/vol1/fastq/SRR200/042/SRR20048442/SRR20048442.fastq.gz	fasp.sra.ebi.ac.uk:/vol1/fastq/SRR200/042/SRR20048442/SRR20048442.fastq.gz	ftp.sra.ebi.ac.uk/vol1/fastq/SRR200/042/SRR20048442/SRR20048442.fastq.gz							F42		16S rRNA-Seq of gut microbiome		2023-07-15				GENERATED_FILE		
SRR20048340	PRJNA855571	SRP385559	SAMN29514548	SRS13753173	SRX16087082	SRA1451384	408170	human gut metagenome	ILLUMINA	Illumina MiSeq	F138		SINGLE	RNA-Seq	METAGENOMIC	PCR	73228	33663969	SUB11747641	2023-07-15	2023-07-26	Illumina MiSeq sequencing: 16S rRNA-Seq of gut microbiome	human metagenome Raw sequence reads	PRJNA855571	F138	F156.raw.fastq	3023691	6af7975a6ec045e4502b7e13f3f5985f	ftp.sra.ebi.ac.uk/vol1/fastq/SRR200/040/SRR20048340/SRR20048340.fastq.gz	fasp.sra.ebi.ac.uk:/vol1/fastq/SRR200/040/SRR20048340/SRR20048340.fastq.gz	ftp.sra.ebi.ac.uk/vol1/fastq/SRR200/040/SRR20048340/SRR20048340.fastq.gz							F156		16S rRNA-Seq of gut microbiome		2023-07-15				GENERATED_FILE		
SRR20048447	PRJNA855571	SRP385559	SAMN29514451	SRS13753066	SRX16086975	SRA1451384	408170	human gut metagenome	ILLUMINA	Illumina MiSeq	F41		SINGLE	RNA-Seq	METAGENOMIC	PCR	92216	39938964	SUB11747641	2023-07-15	2023-07-24	Illumina MiSeq sequencing: 16S rRNA-Seq of gut microbiome	human metagenome Raw sequence reads	PRJNA855571	F41	F4.raw.fastq	4971679	dd92925014f0ff1d5475ac84f05e235d	ftp.sra.ebi.ac.uk/vol1/fastq/SRR200/047/SRR20048447/SRR20048447.fastq.gz	fasp.sra.ebi.ac.uk:/vol1/fastq/SRR200/047/SRR20048447/SRR20048447.fastq.gz	ftp.sra.ebi.ac.uk/vol1/fastq/SRR200/047/SRR20048447/SRR20048447.fastq.gz							F4		16S rRNA-Seq of gut microbiome		2023-07-15				GENERATED_FILE		
SRR20048344	PRJNA855571	SRP385559	SAMN29514544	SRS13753169	SRX16087078	SRA1451384	408170	human gut metagenome	ILLUMINA	Illumina MiSeq	F134		SINGLE	RNA-Seq	METAGENOMIC	PCR	114788	52540806	SUB11747641	2023-07-15	2023-07-24	Illumina MiSeq sequencing: 16S rRNA-Seq of gut microbiome	human metagenome Raw sequence reads	PRJNA855571	F134	F149.raw.fastq	4906308	ac6eede581700c1002da9aaa7b8ede36	ftp.sra.ebi.ac.uk/vol1/fastq/SRR200/044/SRR20048344/SRR20048344.fastq.gz	fasp.sra.ebi.ac.uk:/vol1/fastq/SRR200/044/SRR20048344/SRR20048344.fastq.gz	ftp.sra.ebi.ac.uk/vol1/fastq/SRR200/044/SRR20048344/SRR20048344.fastq.gz							F149		16S rRNA-Seq of gut microbiome		2023-07-15				GENERATED_FILE		
SRR20048450	PRJNA855571	SRP385559	SAMN29514449	SRS13753063	SRX16086972	SRA1451384	408170	human gut metagenome	ILLUMINA	Illumina MiSeq	F39		SINGLE	RNA-Seq	METAGENOMIC	PCR	58551	26683053	SUB11747641	2023-07-15	2023-07-25	Illumina MiSeq sequencing: 16S rRNA-Seq of gut microbiome	human metagenome Raw sequence reads	PRJNA855571	F39	NF39.raw.fastq	3059001	5ac4511c967dda4f043047fe53d40382	ftp.sra.ebi.ac.uk/vol1/fastq/SRR200/050/SRR20048450/SRR20048450.fastq.gz	fasp.sra.ebi.ac.uk:/vol1/fastq/SRR200/050/SRR20048450/SRR20048450.fastq.gz	ftp.sra.ebi.ac.uk/vol1/fastq/SRR200/050/SRR20048450/SRR20048450.fastq.gz							NCF39		16S rRNA-Seq of gut microbiome		2023-07-15				GENERATED_FILE		
SRR20048345	PRJNA855571	SRP385559	SAMN29514543	SRS13753168	SRX16087077	SRA1451384	408170	human gut metagenome	ILLUMINA	Illumina MiSeq	F133		SINGLE	RNA-Seq	METAGENOMIC	PCR	64559	29342443	SUB11747641	2023-07-15	2023-07-24	Illumina MiSeq sequencing: 16S rRNA-Seq of gut microbiome	human metagenome Raw sequence reads	PRJNA855571	F133	F148.raw.fastq	2776713	053040e66070fd43cf6a2a05e97c8f4f	ftp.sra.ebi.ac.uk/vol1/fastq/SRR200/045/SRR20048345/SRR20048345.fastq.gz	fasp.sra.ebi.ac.uk:/vol1/fastq/SRR200/045/SRR20048345/SRR20048345.fastq.gz	ftp.sra.ebi.ac.uk/vol1/fastq/SRR200/045/SRR20048345/SRR20048345.fastq.gz							F148		16S rRNA-Seq of gut microbiome		2023-07-15				GENERATED_FILE		
SRR20048451	PRJNA855571	SRP385559	SAMN29514448	SRS13753062	SRX16086971	SRA1451384	408170	human gut metagenome	ILLUMINA	Illumina MiSeq	F38		SINGLE	RNA-Seq	METAGENOMIC	PCR	64596	28993274	SUB11747641	2023-07-15	2023-07-24	Illumina MiSeq sequencing: 16S rRNA-Seq of gut microbiome	human metagenome Raw sequence reads	PRJNA855571	F38	NF38.raw.fastq	3151395	ff77a57527dc3acd1032ecb42388d3e0	ftp.sra.ebi.ac.uk/vol1/fastq/SRR200/051/SRR20048451/SRR20048451.fastq.gz	fasp.sra.ebi.ac.uk:/vol1/fastq/SRR200/051/SRR20048451/SRR20048451.fastq.gz	ftp.sra.ebi.ac.uk/vol1/fastq/SRR200/051/SRR20048451/SRR20048451.fastq.gz							NCF38		16S rRNA-Seq of gut microbiome		2023-07-15				GENERATED_FILE		
SRR20048346	PRJNA855571	SRP385559	SAMN29514542	SRS13753167	SRX16087076	SRA1451384	408170	human gut metagenome	ILLUMINA	Illumina MiSeq	F132		SINGLE	RNA-Seq	METAGENOMIC	PCR	115297	53389737	SUB11747641	2023-07-15	2023-07-24	Illumina MiSeq sequencing: 16S rRNA-Seq of gut microbiome	human metagenome Raw sequence reads	PRJNA855571	F132	F146.raw.fastq	4606537	4236dfd2898bb747f0b33c48e9e594b7	ftp.sra.ebi.ac.uk/vol1/fastq/SRR200/046/SRR20048346/SRR20048346.fastq.gz	fasp.sra.ebi.ac.uk:/vol1/fastq/SRR200/046/SRR20048346/SRR20048346.fastq.gz	ftp.sra.ebi.ac.uk/vol1/fastq/SRR200/046/SRR20048346/SRR20048346.fastq.gz							F146		16S rRNA-Seq of gut microbiome		2023-07-15				GENERATED_FILE		
SRR20048452	PRJNA855571	SRP385559	SAMN29514447	SRS13753061	SRX16086970	SRA1451384	408170	human gut metagenome	ILLUMINA	Illumina MiSeq	F37		SINGLE	RNA-Seq	METAGENOMIC	PCR	86122	36905193	SUB11747641	2023-07-15	2023-07-24	Illumina MiSeq sequencing: 16S rRNA-Seq of gut microbiome	human metagenome Raw sequence reads	PRJNA855571	F37	NF37.raw.fastq	4122766	31f6b1acebe8d0f4aa44d173ebab412a	ftp.sra.ebi.ac.uk/vol1/fastq/SRR200/052/SRR20048452/SRR20048452.fastq.gz	fasp.sra.ebi.ac.uk:/vol1/fastq/SRR200/052/SRR20048452/SRR20048452.fastq.gz	ftp.sra.ebi.ac.uk/vol1/fastq/SRR200/052/SRR20048452/SRR20048452.fastq.gz							NCF37		16S rRNA-Seq of gut microbiome		2023-07-15				GENERATED_FILE		
SRR20048348	PRJNA855571	SRP385559	SAMN29514540	SRS13753166	SRX16087074	SRA1451384	408170	human gut metagenome	ILLUMINA	Illumina MiSeq	F130		SINGLE	RNA-Seq	METAGENOMIC	PCR	52201	23695498	SUB11747641	2023-07-15	2023-07-24	Illumina MiSeq sequencing: 16S rRNA-Seq of gut microbiome	human metagenome Raw sequence reads	PRJNA855571	F130	F139.raw.fastq	2930508	ac63e1849cfd4259cdd6c7cac1c7a199	ftp.sra.ebi.ac.uk/vol1/fastq/SRR200/048/SRR20048348/SRR20048348.fastq.gz	fasp.sra.ebi.ac.uk:/vol1/fastq/SRR200/048/SRR20048348/SRR20048348.fastq.gz	ftp.sra.ebi.ac.uk/vol1/fastq/SRR200/048/SRR20048348/SRR20048348.fastq.gz							F139		16S rRNA-Seq of gut microbiome		2023-07-15				GENERATED_FILE		
SRR20048453	PRJNA855571	SRP385559	SAMN29514446	SRS13753060	SRX16086969	SRA1451384	408170	human gut metagenome	ILLUMINA	Illumina MiSeq	F36		SINGLE	RNA-Seq	METAGENOMIC	PCR	58507	26464891	SUB11747641	2023-07-15	2023-07-24	Illumina MiSeq sequencing: 16S rRNA-Seq of gut microbiome	human metagenome Raw sequence reads	PRJNA855571	F36	NF36.raw.fastq	3445528	d5f4059e7f8c68988cc0aeff26767bcc	ftp.sra.ebi.ac.uk/vol1/fastq/SRR200/053/SRR20048453/SRR20048453.fastq.gz	fasp.sra.ebi.ac.uk:/vol1/fastq/SRR200/053/SRR20048453/SRR20048453.fastq.gz	ftp.sra.ebi.ac.uk/vol1/fastq/SRR200/053/SRR20048453/SRR20048453.fastq.gz							NCF36		16S rRNA-Seq of gut microbiome		2023-07-15				GENERATED_FILE		
SRR20048454	PRJNA855571	SRP385559	SAMN29514445	SRS13753059	SRX16086968	SRA1451384	408170	human gut metagenome	ILLUMINA	Illumina MiSeq	F35		SINGLE	RNA-Seq	METAGENOMIC	PCR	66157	29231865	SUB11747641	2023-07-15	2023-07-24	Illumina MiSeq sequencing: 16S rRNA-Seq of gut microbiome	human metagenome Raw sequence reads	PRJNA855571	F35	NF35.raw.fastq	3681070	40cc9d8e36254e25c19ca7bc36ab0584	ftp.sra.ebi.ac.uk/vol1/fastq/SRR200/054/SRR20048454/SRR20048454.fastq.gz	fasp.sra.ebi.ac.uk:/vol1/fastq/SRR200/054/SRR20048454/SRR20048454.fastq.gz	ftp.sra.ebi.ac.uk/vol1/fastq/SRR200/054/SRR20048454/SRR20048454.fastq.gz							NCF35		16S rRNA-Seq of gut microbiome		2023-07-15				GENERATED_FILE		
SRR20048351	PRJNA855571	SRP385559	SAMN29514539	SRS13753162	SRX16087071	SRA1451384	408170	human gut metagenome	ILLUMINA	Illumina MiSeq	F129		SINGLE	RNA-Seq	METAGENOMIC	PCR	72113	32993319	SUB11747641	2023-07-15	2023-07-26	Illumina MiSeq sequencing: 16S rRNA-Seq of gut microbiome	human metagenome Raw sequence reads	PRJNA855571	F129	F138.raw.fastq	3868802	d219a3164cf71d45a16b692f2d917765	ftp.sra.ebi.ac.uk/vol1/fastq/SRR200/051/SRR20048351/SRR20048351.fastq.gz	fasp.sra.ebi.ac.uk:/vol1/fastq/SRR200/051/SRR20048351/SRR20048351.fastq.gz	ftp.sra.ebi.ac.uk/vol1/fastq/SRR200/051/SRR20048351/SRR20048351.fastq.gz							F138		16S rRNA-Seq of gut microbiome		2023-07-15				GENERATED_FILE		
SRR20048352	PRJNA855571	SRP385559	SAMN29514538	SRS13753161	SRX16087070	SRA1451384	408170	human gut metagenome	ILLUMINA	Illumina MiSeq	F128		SINGLE	RNA-Seq	METAGENOMIC	PCR	92915	42649777	SUB11747641	2023-07-15	2023-07-24	Illumina MiSeq sequencing: 16S rRNA-Seq of gut microbiome	human metagenome Raw sequence reads	PRJNA855571	F128	F137.raw.fastq	3603781	86d8fa62bac515db5b307dbf01670c3d	ftp.sra.ebi.ac.uk/vol1/fastq/SRR200/052/SRR20048352/SRR20048352.fastq.gz	fasp.sra.ebi.ac.uk:/vol1/fastq/SRR200/052/SRR20048352/SRR20048352.fastq.gz	ftp.sra.ebi.ac.uk/vol1/fastq/SRR200/052/SRR20048352/SRR20048352.fastq.gz							F137		16S rRNA-Seq of gut microbiome		2023-07-15				GENERATED_FILE		
SRR20048455	PRJNA855571	SRP385559	SAMN29514444	SRS13753058	SRX16086967	SRA1451384	408170	human gut metagenome	ILLUMINA	Illumina MiSeq	F34		SINGLE	RNA-Seq	METAGENOMIC	PCR	51633	23681825	SUB11747641	2023-07-15	2023-07-27	Illumina MiSeq sequencing: 16S rRNA-Seq of gut microbiome	human metagenome Raw sequence reads	PRJNA855571	F34	NF34.raw.fastq	2454578	b3976a09ce5f42c414a3cd4a32c4e41d	ftp.sra.ebi.ac.uk/vol1/fastq/SRR200/055/SRR20048455/SRR20048455.fastq.gz	fasp.sra.ebi.ac.uk:/vol1/fastq/SRR200/055/SRR20048455/SRR20048455.fastq.gz	ftp.sra.ebi.ac.uk/vol1/fastq/SRR200/055/SRR20048455/SRR20048455.fastq.gz							NCF34		16S rRNA-Seq of gut microbiome		2023-07-15				GENERATED_FILE		
SRR20048354	PRJNA855571	SRP385559	SAMN29514536	SRS13753159	SRX16087068	SRA1451384	408170	human gut metagenome	ILLUMINA	Illumina MiSeq	F126		SINGLE	RNA-Seq	METAGENOMIC	PCR	83280	37751520	SUB11747641	2023-07-15	2023-07-24	Illumina MiSeq sequencing: 16S rRNA-Seq of gut microbiome	human metagenome Raw sequence reads	PRJNA855571	F126	F134.raw.fastq	4399659	1a2da82603016be1078b07878115220a	ftp.sra.ebi.ac.uk/vol1/fastq/SRR200/054/SRR20048354/SRR20048354.fastq.gz	fasp.sra.ebi.ac.uk:/vol1/fastq/SRR200/054/SRR20048354/SRR20048354.fastq.gz	ftp.sra.ebi.ac.uk/vol1/fastq/SRR200/054/SRR20048354/SRR20048354.fastq.gz							F134		16S rRNA-Seq of gut microbiome		2023-07-15				GENERATED_FILE		
SRR20048457	PRJNA855571	SRP385559	SAMN29514442	SRS13753056	SRX16086965	SRA1451384	408170	human gut metagenome	ILLUMINA	Illumina MiSeq	F32		SINGLE	RNA-Seq	METAGENOMIC	PCR	47006	21416925	SUB11747641	2023-07-15	2023-07-24	Illumina MiSeq sequencing: 16S rRNA-Seq of gut microbiome	human metagenome Raw sequence reads	PRJNA855571	F32	NF32.raw.fastq	2803615	55dbf7d92fa3cc23dbafe3898d65c9f1	ftp.sra.ebi.ac.uk/vol1/fastq/SRR200/057/SRR20048457/SRR20048457.fastq.gz	fasp.sra.ebi.ac.uk:/vol1/fastq/SRR200/057/SRR20048457/SRR20048457.fastq.gz	ftp.sra.ebi.ac.uk/vol1/fastq/SRR200/057/SRR20048457/SRR20048457.fastq.gz							NCF32		16S rRNA-Seq of gut microbiome		2023-07-15				GENERATED_FILE		
SRR20048356	PRJNA855571	SRP385559	SAMN29514534	SRS13753157	SRX16087066	SRA1451384	408170	human gut metagenome	ILLUMINA	Illumina MiSeq	F124		SINGLE	RNA-Seq	METAGENOMIC	PCR	93759	43509646	SUB11747641	2023-07-15	2023-07-24	Illumina MiSeq sequencing: 16S rRNA-Seq of gut microbiome	human metagenome Raw sequence reads	PRJNA855571	F124	F131.raw.fastq	3340127	ee8e8c92afd563e41985205401039729	ftp.sra.ebi.ac.uk/vol1/fastq/SRR200/056/SRR20048356/SRR20048356.fastq.gz	fasp.sra.ebi.ac.uk:/vol1/fastq/SRR200/056/SRR20048356/SRR20048356.fastq.gz	ftp.sra.ebi.ac.uk/vol1/fastq/SRR200/056/SRR20048356/SRR20048356.fastq.gz							F131		16S rRNA-Seq of gut microbiome		2023-07-15				GENERATED_FILE		
SRR20048459	PRJNA855571	SRP385559	SAMN29514440	SRS13753054	SRX16086963	SRA1451384	408170	human gut metagenome	ILLUMINA	Illumina MiSeq	F30		SINGLE	RNA-Seq	METAGENOMIC	PCR	84264	38229811	SUB11747641	2023-07-15	2023-07-26	Illumina MiSeq sequencing: 16S rRNA-Seq of gut microbiome	human metagenome Raw sequence reads	PRJNA855571	F30	NF30.raw.fastq	4440194	265c927e170bb7d890cd81e3953a1a40	ftp.sra.ebi.ac.uk/vol1/fastq/SRR200/059/SRR20048459/SRR20048459.fastq.gz	fasp.sra.ebi.ac.uk:/vol1/fastq/SRR200/059/SRR20048459/SRR20048459.fastq.gz	ftp.sra.ebi.ac.uk/vol1/fastq/SRR200/059/SRR20048459/SRR20048459.fastq.gz							NCF30		16S rRNA-Seq of gut microbiome		2023-07-15				GENERATED_FILE		
SRR20048357	PRJNA855571	SRP385559	SAMN29514533	SRS13753156	SRX16087065	SRA1451384	408170	human gut metagenome	ILLUMINA	Illumina MiSeq	F123		SINGLE	RNA-Seq	METAGENOMIC	PCR	75238	34731350	SUB11747641	2023-07-15	2023-07-24	Illumina MiSeq sequencing: 16S rRNA-Seq of gut microbiome	human metagenome Raw sequence reads	PRJNA855571	F123	F129.raw.fastq	2889284	fee74b04cc4844dee5756ae8b9e31236	ftp.sra.ebi.ac.uk/vol1/fastq/SRR200/057/SRR20048357/SRR20048357.fastq.gz	fasp.sra.ebi.ac.uk:/vol1/fastq/SRR200/057/SRR20048357/SRR20048357.fastq.gz	ftp.sra.ebi.ac.uk/vol1/fastq/SRR200/057/SRR20048357/SRR20048357.fastq.gz							F129		16S rRNA-Seq of gut microbiome		2023-07-15				GENERATED_FILE		
SRR20048362	PRJNA855571	SRP385559	SAMN29514529	SRS13753151	SRX16087060	SRA1451384	408170	human gut metagenome	ILLUMINA	Illumina MiSeq	F119		SINGLE	RNA-Seq	METAGENOMIC	PCR	85743	39720315	SUB11747641	2023-07-15	2023-07-25	Illumina MiSeq sequencing: 16S rRNA-Seq of gut microbiome	human metagenome Raw sequence reads	PRJNA855571	F119	F119.raw.fastq	3585460	b9b4f8e273261e876e35d9c77c7dd691	ftp.sra.ebi.ac.uk/vol1/fastq/SRR200/062/SRR20048362/SRR20048362.fastq.gz	fasp.sra.ebi.ac.uk:/vol1/fastq/SRR200/062/SRR20048362/SRR20048362.fastq.gz	ftp.sra.ebi.ac.uk/vol1/fastq/SRR200/062/SRR20048362/SRR20048362.fastq.gz							F119		16S rRNA-Seq of gut microbiome		2023-07-15				GENERATED_FILE		
SRR20048364	PRJNA855571	SRP385559	SAMN29514527	SRS13753150	SRX16087058	SRA1451384	408170	human gut metagenome	ILLUMINA	Illumina MiSeq	F117		SINGLE	RNA-Seq	METAGENOMIC	PCR	60008	27404218	SUB11747641	2023-07-15	2023-07-24	Illumina MiSeq sequencing: 16S rRNA-Seq of gut microbiome	human metagenome Raw sequence reads	PRJNA855571	F117	F103.raw.fastq	2948629	c5b16bb18ff0188d5354797a0840829b	ftp.sra.ebi.ac.uk/vol1/fastq/SRR200/064/SRR20048364/SRR20048364.fastq.gz	fasp.sra.ebi.ac.uk:/vol1/fastq/SRR200/064/SRR20048364/SRR20048364.fastq.gz	ftp.sra.ebi.ac.uk/vol1/fastq/SRR200/064/SRR20048364/SRR20048364.fastq.gz							F103		16S rRNA-Seq of gut microbiome		2023-07-15				GENERATED_FILE		
SRR20048464	PRJNA855571	SRP385559	SAMN29514437	SRS13753050	SRX16086958	SRA1451384	408170	human gut metagenome	ILLUMINA	Illumina MiSeq	F27		SINGLE	RNA-Seq	METAGENOMIC	PCR	64833	29891280	SUB11747641	2023-07-15	2023-07-24	Illumina MiSeq sequencing: 16S rRNA-Seq of gut microbiome	human metagenome Raw sequence reads	PRJNA855571	F27	NF27.raw.fastq	2997748	715198a0b27c4e131f2e6ec480b2a2fb	ftp.sra.ebi.ac.uk/vol1/fastq/SRR200/064/SRR20048464/SRR20048464.fastq.gz	fasp.sra.ebi.ac.uk:/vol1/fastq/SRR200/064/SRR20048464/SRR20048464.fastq.gz	ftp.sra.ebi.ac.uk/vol1/fastq/SRR200/064/SRR20048464/SRR20048464.fastq.gz							NCF27		16S rRNA-Seq of gut microbiome		2023-07-15				GENERATED_FILE		
SRR20048365	PRJNA855571	SRP385559	SAMN29514526	SRS13753148	SRX16087057	SRA1451384	408170	human gut metagenome	ILLUMINA	Illumina MiSeq	F116		SINGLE	RNA-Seq	METAGENOMIC	PCR	118648	55078930	SUB11747641	2023-07-15	2023-07-24	Illumina MiSeq sequencing: 16S rRNA-Seq of gut microbiome	human metagenome Raw sequence reads	PRJNA855571	F116	F100.raw.fastq	4176456	c05723f544fef3cf8e0f124009bb800b	ftp.sra.ebi.ac.uk/vol1/fastq/SRR200/065/SRR20048365/SRR20048365.fastq.gz	fasp.sra.ebi.ac.uk:/vol1/fastq/SRR200/065/SRR20048365/SRR20048365.fastq.gz	ftp.sra.ebi.ac.uk/vol1/fastq/SRR200/065/SRR20048365/SRR20048365.fastq.gz							F100		16S rRNA-Seq of gut microbiome		2023-07-15				GENERATED_FILE		
SRR20048468	PRJNA855571	SRP385559	SAMN29514433	SRS13753046	SRX16086954	SRA1451384	408170	human gut metagenome	ILLUMINA	Illumina MiSeq	F23		SINGLE	RNA-Seq	METAGENOMIC	PCR	90016	41093165	SUB11747641	2023-07-15	2023-07-24	Illumina MiSeq sequencing: 16S rRNA-Seq of gut microbiome	human metagenome Raw sequence reads	PRJNA855571	F23	NF23.raw.fastq	4069907	58014d46e744a03b9c035a7bb92d970b	ftp.sra.ebi.ac.uk/vol1/fastq/SRR200/068/SRR20048468/SRR20048468.fastq.gz	fasp.sra.ebi.ac.uk:/vol1/fastq/SRR200/068/SRR20048468/SRR20048468.fastq.gz	ftp.sra.ebi.ac.uk/vol1/fastq/SRR200/068/SRR20048468/SRR20048468.fastq.gz							NCF23		16S rRNA-Seq of gut microbiome		2023-07-15				GENERATED_FILE		
SRR20048366	PRJNA855571	SRP385559	SAMN29514525	SRS13753147	SRX16087056	SRA1451384	408170	human gut metagenome	ILLUMINA	Illumina MiSeq	F115		SINGLE	RNA-Seq	METAGENOMIC	PCR	100412	46268526	SUB11747641	2023-07-15	2023-07-25	Illumina MiSeq sequencing: 16S rRNA-Seq of gut microbiome	human metagenome Raw sequence reads	PRJNA855571	F115	F99.raw.fastq	4426699	5040cef0168f400388fe25d98ea60170	ftp.sra.ebi.ac.uk/vol1/fastq/SRR200/066/SRR20048366/SRR20048366.fastq.gz	fasp.sra.ebi.ac.uk:/vol1/fastq/SRR200/066/SRR20048366/SRR20048366.fastq.gz	ftp.sra.ebi.ac.uk/vol1/fastq/SRR200/066/SRR20048366/SRR20048366.fastq.gz							F99		16S rRNA-Seq of gut microbiome		2023-07-15				GENERATED_FILE		
SRR20048476	PRJNA855571	SRP385559	SAMN29514426	SRS13753037	SRX16086946	SRA1451384	408170	human gut metagenome	ILLUMINA	Illumina MiSeq	F16		SINGLE	RNA-Seq	METAGENOMIC	PCR	54999	24632060	SUB11747641	2023-07-15	2023-07-24	Illumina MiSeq sequencing: 16S rRNA-Seq of gut microbiome	human metagenome Raw sequence reads	PRJNA855571	F16	NF16.raw.fastq	2766197	44350e5431fcb9ba4ffdb550bd1060ba	ftp.sra.ebi.ac.uk/vol1/fastq/SRR200/076/SRR20048476/SRR20048476.fastq.gz	fasp.sra.ebi.ac.uk:/vol1/fastq/SRR200/076/SRR20048476/SRR20048476.fastq.gz	ftp.sra.ebi.ac.uk/vol1/fastq/SRR200/076/SRR20048476/SRR20048476.fastq.gz							NCF16		16S rRNA-Seq of gut microbiome		2023-07-15				GENERATED_FILE		
SRR20048371	PRJNA855571	SRP385559	SAMN29514520	SRS13753142	SRX16087051	SRA1451384	408170	human gut metagenome	ILLUMINA	Illumina MiSeq	F110		SINGLE	RNA-Seq	METAGENOMIC	PCR	129059	58810045	SUB11747641	2023-07-15	2023-07-27	Illumina MiSeq sequencing: 16S rRNA-Seq of gut microbiome	human metagenome Raw sequence reads	PRJNA855571	F110	F85.raw.fastq	6198457	2900d1ea41eb663a23a4ead6d3697f16	ftp.sra.ebi.ac.uk/vol1/fastq/SRR200/071/SRR20048371/SRR20048371.fastq.gz	fasp.sra.ebi.ac.uk:/vol1/fastq/SRR200/071/SRR20048371/SRR20048371.fastq.gz	ftp.sra.ebi.ac.uk/vol1/fastq/SRR200/071/SRR20048371/SRR20048371.fastq.gz							F85		16S rRNA-Seq of gut microbiome		2023-07-15				GENERATED_FILE		
SRR20048478	PRJNA855571	SRP385559	SAMN29514424	SRS13753035	SRX16086944	SRA1451384	408170	human gut metagenome	ILLUMINA	Illumina MiSeq	F14		SINGLE	RNA-Seq	METAGENOMIC	PCR	61558	28551660	SUB11747641	2023-07-15	2023-07-24	Illumina MiSeq sequencing: 16S rRNA-Seq of gut microbiome	human metagenome Raw sequence reads	PRJNA855571	F14	NF14.raw.fastq	2710150	4c922203973370b234fcee61812f98e0	ftp.sra.ebi.ac.uk/vol1/fastq/SRR200/078/SRR20048478/SRR20048478.fastq.gz	fasp.sra.ebi.ac.uk:/vol1/fastq/SRR200/078/SRR20048478/SRR20048478.fastq.gz	ftp.sra.ebi.ac.uk/vol1/fastq/SRR200/078/SRR20048478/SRR20048478.fastq.gz							NCF14		16S rRNA-Seq of gut microbiome		2023-07-15				GENERATED_FILE		
SRR20048481	PRJNA855571	SRP385559	SAMN29514421	SRS13753031	SRX16086941	SRA1451384	408170	human gut metagenome	ILLUMINA	Illumina MiSeq	F11		SINGLE	RNA-Seq	METAGENOMIC	PCR	71886	32627966	SUB11747641	2023-07-15	2023-07-24	Illumina MiSeq sequencing: 16S rRNA-Seq of gut microbiome	human metagenome Raw sequence reads	PRJNA855571	F11	NF11.raw.fastq	3978588	bbb5f12d9171acae2d8e55d181f03066	ftp.sra.ebi.ac.uk/vol1/fastq/SRR200/081/SRR20048481/SRR20048481.fastq.gz	fasp.sra.ebi.ac.uk:/vol1/fastq/SRR200/081/SRR20048481/SRR20048481.fastq.gz	ftp.sra.ebi.ac.uk/vol1/fastq/SRR200/081/SRR20048481/SRR20048481.fastq.gz							NCF11		16S rRNA-Seq of gut microbiome		2023-07-15				GENERATED_FILE		
SRR20048374	PRJNA855571	SRP385559	SAMN29514518	SRS13753139	SRX16087048	SRA1451384	408170	human gut metagenome	ILLUMINA	Illumina MiSeq	F108		SINGLE	RNA-Seq	METAGENOMIC	PCR	83071	38391738	SUB11747641	2023-07-15	2023-07-24	Illumina MiSeq sequencing: 16S rRNA-Seq of gut microbiome	human metagenome Raw sequence reads	PRJNA855571	F108	F68.raw.fastq	3740494	ac197001e8bd1a2f643ef666b120b918	ftp.sra.ebi.ac.uk/vol1/fastq/SRR200/074/SRR20048374/SRR20048374.fastq.gz	fasp.sra.ebi.ac.uk:/vol1/fastq/SRR200/074/SRR20048374/SRR20048374.fastq.gz	ftp.sra.ebi.ac.uk/vol1/fastq/SRR200/074/SRR20048374/SRR20048374.fastq.gz							F68		16S rRNA-Seq of gut microbiome		2023-07-15				GENERATED_FILE		
SRR20048482	PRJNA855571	SRP385559	SAMN29514420	SRS13753032	SRX16086940	SRA1451384	408170	human gut metagenome	ILLUMINA	Illumina MiSeq	F10		SINGLE	RNA-Seq	METAGENOMIC	PCR	49487	22140418	SUB11747641	2023-07-15	2023-07-24	Illumina MiSeq sequencing: 16S rRNA-Seq of gut microbiome	human metagenome Raw sequence reads	PRJNA855571	F10	NF10.raw.fastq	2754008	1a7419b19cc4ec82c76d94a25db1209d	ftp.sra.ebi.ac.uk/vol1/fastq/SRR200/082/SRR20048482/SRR20048482.fastq.gz	fasp.sra.ebi.ac.uk:/vol1/fastq/SRR200/082/SRR20048482/SRR20048482.fastq.gz	ftp.sra.ebi.ac.uk/vol1/fastq/SRR200/082/SRR20048482/SRR20048482.fastq.gz							NCF10		16S rRNA-Seq of gut microbiome		2023-07-15				GENERATED_FILE		
SRR20048380	PRJNA855571	SRP385559	SAMN29514512	SRS13753132	SRX16087042	SRA1451384	408170	human gut metagenome	ILLUMINA	Illumina MiSeq	F102		SINGLE	RNA-Seq	METAGENOMIC	PCR	99273	45370297	SUB11747641	2023-07-15	2023-07-25	Illumina MiSeq sequencing: 16S rRNA-Seq of gut microbiome	human metagenome Raw sequence reads	PRJNA855571	F102	F57.raw.fastq	4732921	df1a15bd26c9124c09ac029b035b88f0	ftp.sra.ebi.ac.uk/vol1/fastq/SRR200/080/SRR20048380/SRR20048380.fastq.gz	fasp.sra.ebi.ac.uk:/vol1/fastq/SRR200/080/SRR20048380/SRR20048380.fastq.gz	ftp.sra.ebi.ac.uk/vol1/fastq/SRR200/080/SRR20048380/SRR20048380.fastq.gz							F57		16S rRNA-Seq of gut microbiome		2023-07-15				GENERATED_FILE		
SRR20048381	PRJNA855571	SRP385559	SAMN29514511	SRS13753133	SRX16087041	SRA1451384	408170	human gut metagenome	ILLUMINA	Illumina MiSeq	F101		SINGLE	RNA-Seq	METAGENOMIC	PCR	104304	47789307	SUB11747641	2023-07-15	2023-07-24	Illumina MiSeq sequencing: 16S rRNA-Seq of gut microbiome	human metagenome Raw sequence reads	PRJNA855571	F101	F56.raw.fastq	4051184	fa70f64828f60f3f2eb4d507001e1240	ftp.sra.ebi.ac.uk/vol1/fastq/SRR200/081/SRR20048381/SRR20048381.fastq.gz	fasp.sra.ebi.ac.uk:/vol1/fastq/SRR200/081/SRR20048381/SRR20048381.fastq.gz	ftp.sra.ebi.ac.uk/vol1/fastq/SRR200/081/SRR20048381/SRR20048381.fastq.gz							F56		16S rRNA-Seq of gut microbiome		2023-07-15				GENERATED_FILE		
SRR20048488	PRJNA855571	SRP385559	SAMN29514415	SRS13753025	SRX16086934	SRA1451384	408170	human gut metagenome	ILLUMINA	Illumina MiSeq	F5		SINGLE	RNA-Seq	METAGENOMIC	PCR	74239	33110780	SUB11747641	2023-07-15	2023-07-24	Illumina MiSeq sequencing: 16S rRNA-Seq of gut microbiome	human metagenome Raw sequence reads	PRJNA855571	F5	NF5.raw.fastq	3296965	6cfef21fab81a57959f8ca756c2009a9	ftp.sra.ebi.ac.uk/vol1/fastq/SRR200/088/SRR20048488/SRR20048488.fastq.gz	fasp.sra.ebi.ac.uk:/vol1/fastq/SRR200/088/SRR20048488/SRR20048488.fastq.gz	ftp.sra.ebi.ac.uk/vol1/fastq/SRR200/088/SRR20048488/SRR20048488.fastq.gz							NCF5		16S rRNA-Seq of gut microbiome		2023-07-15				GENERATED_FILE		
SRR20048384	PRJNA855571	SRP385559	SAMN29514509	SRS13753129	SRX16087038	SRA1451384	408170	human gut metagenome	ILLUMINA	Illumina MiSeq	F99		SINGLE	RNA-Seq	METAGENOMIC	PCR	65672	30266654	SUB11747641	2023-07-15	2023-07-24	Illumina MiSeq sequencing: 16S rRNA-Seq of gut microbiome	human metagenome Raw sequence reads	PRJNA855571	F99	F53.raw.fastq	3097823	738bac881c998c8f814df04dd6f9099c	ftp.sra.ebi.ac.uk/vol1/fastq/SRR200/084/SRR20048384/SRR20048384.fastq.gz	fasp.sra.ebi.ac.uk:/vol1/fastq/SRR200/084/SRR20048384/SRR20048384.fastq.gz	ftp.sra.ebi.ac.uk/vol1/fastq/SRR200/084/SRR20048384/SRR20048384.fastq.gz							F53		16S rRNA-Seq of gut microbiome		2023-07-15				GENERATED_FILE		
SRR20048385	PRJNA855571	SRP385559	SAMN29514508	SRS13753128	SRX16087037	SRA1451384	408170	human gut metagenome	ILLUMINA	Illumina MiSeq	F98		SINGLE	RNA-Seq	METAGENOMIC	PCR	90655	41289486	SUB11747641	2023-07-15	2023-07-24	Illumina MiSeq sequencing: 16S rRNA-Seq of gut microbiome	human metagenome Raw sequence reads	PRJNA855571	F98	F45.raw.fastq	3966416	b0a5933be95256e4198e58f55ccd0708	ftp.sra.ebi.ac.uk/vol1/fastq/SRR200/085/SRR20048385/SRR20048385.fastq.gz	fasp.sra.ebi.ac.uk:/vol1/fastq/SRR200/085/SRR20048385/SRR20048385.fastq.gz	ftp.sra.ebi.ac.uk/vol1/fastq/SRR200/085/SRR20048385/SRR20048385.fastq.gz							F45		16S rRNA-Seq of gut microbiome		2023-07-15				GENERATED_FILE		
SRR20048387	PRJNA855571	SRP385559	SAMN29514506	SRS13753126	SRX16087035	SRA1451384	408170	human gut metagenome	ILLUMINA	Illumina MiSeq	F96		SINGLE	RNA-Seq	METAGENOMIC	PCR	87375	39792994	SUB11747641	2023-07-15	2023-07-24	Illumina MiSeq sequencing: 16S rRNA-Seq of gut microbiome	human metagenome Raw sequence reads	PRJNA855571	F96	F38.raw.fastq	4431645	c36ce31490057753f1c51c650c0f83a8	ftp.sra.ebi.ac.uk/vol1/fastq/SRR200/087/SRR20048387/SRR20048387.fastq.gz	fasp.sra.ebi.ac.uk:/vol1/fastq/SRR200/087/SRR20048387/SRR20048387.fastq.gz	ftp.sra.ebi.ac.uk/vol1/fastq/SRR200/087/SRR20048387/SRR20048387.fastq.gz							F38		16S rRNA-Seq of gut microbiome		2023-07-15				GENERATED_FILE		
SRR20048393	PRJNA855571	SRP385559	SAMN29514500	SRS13753120	SRX16087029	SRA1451384	408170	human gut metagenome	ILLUMINA	Illumina MiSeq	F90		SINGLE	RNA-Seq	METAGENOMIC	PCR	97090	44268211	SUB11747641	2023-07-15	2023-07-24	Illumina MiSeq sequencing: 16S rRNA-Seq of gut microbiome	human metagenome Raw sequence reads	PRJNA855571	F90	F23.raw.fastq	5202773	704a918777306b86fd659807ca793c87	ftp.sra.ebi.ac.uk/vol1/fastq/SRR200/093/SRR20048393/SRR20048393.fastq.gz	fasp.sra.ebi.ac.uk:/vol1/fastq/SRR200/093/SRR20048393/SRR20048393.fastq.gz	ftp.sra.ebi.ac.uk/vol1/fastq/SRR200/093/SRR20048393/SRR20048393.fastq.gz							F23		16S rRNA-Seq of gut microbiome		2023-07-15				GENERATED_FILE		
SRR20048399	PRJNA855571	SRP385559	SAMN29514495	SRS13753114	SRX16087023	SRA1451384	408170	human gut metagenome	ILLUMINA	Illumina MiSeq	F85		SINGLE	RNA-Seq	METAGENOMIC	PCR	125736	45697133	SUB11747641	2023-07-15	2023-07-24	Illumina MiSeq sequencing: 16S rRNA-Seq of gut microbiome	human metagenome Raw sequence reads	PRJNA855571	F85	F17.raw.fastq	4306635	76fc10e527cc2c25c14516281b57c53e	ftp.sra.ebi.ac.uk/vol1/fastq/SRR200/099/SRR20048399/SRR20048399.fastq.gz	fasp.sra.ebi.ac.uk:/vol1/fastq/SRR200/099/SRR20048399/SRR20048399.fastq.gz	ftp.sra.ebi.ac.uk/vol1/fastq/SRR200/099/SRR20048399/SRR20048399.fastq.gz							F17		16S rRNA-Seq of gut microbiome		2023-07-15				GENERATED_FILE		
SRR20048402	PRJNA855571	SRP385559	SAMN29514492	SRS13753111	SRX16087020	SRA1451384	408170	human gut metagenome	ILLUMINA	Illumina MiSeq	F82		SINGLE	RNA-Seq	METAGENOMIC	PCR	81117	36835741	SUB11747641	2023-07-15	2023-07-24	Illumina MiSeq sequencing: 16S rRNA-Seq of gut microbiome	human metagenome Raw sequence reads	PRJNA855571	F82	A1F17.raw.fastq	4221933	2706f52fef8567d44af93ab03a5d70b5	ftp.sra.ebi.ac.uk/vol1/fastq/SRR200/002/SRR20048402/SRR20048402.fastq.gz	fasp.sra.ebi.ac.uk:/vol1/fastq/SRR200/002/SRR20048402/SRR20048402.fastq.gz	ftp.sra.ebi.ac.uk/vol1/fastq/SRR200/002/SRR20048402/SRR20048402.fastq.gz							A1F17		16S rRNA-Seq of gut microbiome		2023-07-15				GENERATED_FILE		
SRR20048407	PRJNA855571	SRP385559	SAMN29514488	SRS13753106	SRX16087015	SRA1451384	408170	human gut metagenome	ILLUMINA	Illumina MiSeq	F78		SINGLE	RNA-Seq	METAGENOMIC	PCR	85393	39389521	SUB11747641	2023-07-15	2023-07-24	Illumina MiSeq sequencing: 16S rRNA-Seq of gut microbiome	human metagenome Raw sequence reads	PRJNA855571	F78	A1F13.raw.fastq	5011586	9a49e1210092c9cd5c1e03b86d39395f	ftp.sra.ebi.ac.uk/vol1/fastq/SRR200/007/SRR20048407/SRR20048407.fastq.gz	fasp.sra.ebi.ac.uk:/vol1/fastq/SRR200/007/SRR20048407/SRR20048407.fastq.gz	ftp.sra.ebi.ac.uk/vol1/fastq/SRR200/007/SRR20048407/SRR20048407.fastq.gz							A1F13		16S rRNA-Seq of gut microbiome		2023-07-15				GENERATED_FILE		
SRR20048408	PRJNA855571	SRP385559	SAMN29514487	SRS13753105	SRX16087014	SRA1451384	408170	human gut metagenome	ILLUMINA	Illumina MiSeq	F77		SINGLE	RNA-Seq	METAGENOMIC	PCR	74698	34547661	SUB11747641	2023-07-15	2023-07-24	Illumina MiSeq sequencing: 16S rRNA-Seq of gut microbiome	human metagenome Raw sequence reads	PRJNA855571	F77	A1F12.raw.fastq	3236550	495cd967f24af437bc8d4e1ced90dba2	ftp.sra.ebi.ac.uk/vol1/fastq/SRR200/008/SRR20048408/SRR20048408.fastq.gz	fasp.sra.ebi.ac.uk:/vol1/fastq/SRR200/008/SRR20048408/SRR20048408.fastq.gz	ftp.sra.ebi.ac.uk/vol1/fastq/SRR200/008/SRR20048408/SRR20048408.fastq.gz							A1F12		16S rRNA-Seq of gut microbiome		2023-07-15				GENERATED_FILE		
SRR20048412	PRJNA855571	SRP385559	SAMN29514483	SRS13753101	SRX16087010	SRA1451384	408170	human gut metagenome	ILLUMINA	Illumina MiSeq	F73		SINGLE	RNA-Seq	METAGENOMIC	PCR	86974	40308003	SUB11747641	2023-07-15	2023-07-24	Illumina MiSeq sequencing: 16S rRNA-Seq of gut microbiome	human metagenome Raw sequence reads	PRJNA855571	F73	A1F8.raw.fastq	3721113	d8395bc59eb78142c5624eb03476c874	ftp.sra.ebi.ac.uk/vol1/fastq/SRR200/012/SRR20048412/SRR20048412.fastq.gz	fasp.sra.ebi.ac.uk:/vol1/fastq/SRR200/012/SRR20048412/SRR20048412.fastq.gz	ftp.sra.ebi.ac.uk/vol1/fastq/SRR200/012/SRR20048412/SRR20048412.fastq.gz							A1F8		16S rRNA-Seq of gut microbiome		2023-07-15				GENERATED_FILE		
SRR20048422	PRJNA855571	SRP385559	SAMN29514474	SRS13753091	SRX16087000	SRA1451384	408170	human gut metagenome	ILLUMINA	Illumina MiSeq	F64		SINGLE	RNA-Seq	METAGENOMIC	PCR	66012	30056738	SUB11747641	2023-07-15	2023-07-24	Illumina MiSeq sequencing: 16S rRNA-Seq of gut microbiome	human metagenome Raw sequence reads	PRJNA855571	F64	F176.raw.fastq	3733248	2bbb92604b96b4ba28f9299672c05118	ftp.sra.ebi.ac.uk/vol1/fastq/SRR200/022/SRR20048422/SRR20048422.fastq.gz	fasp.sra.ebi.ac.uk:/vol1/fastq/SRR200/022/SRR20048422/SRR20048422.fastq.gz	ftp.sra.ebi.ac.uk/vol1/fastq/SRR200/022/SRR20048422/SRR20048422.fastq.gz							F176		16S rRNA-Seq of gut microbiome		2023-07-15				GENERATED_FILE		
SRR20048426	PRJNA855571	SRP385559	SAMN29514470	SRS13753087	SRX16086996	SRA1451384	408170	human gut metagenome	ILLUMINA	Illumina MiSeq	F60		SINGLE	RNA-Seq	METAGENOMIC	PCR	124188	56836110	SUB11747641	2023-07-15	2023-07-24	Illumina MiSeq sequencing: 16S rRNA-Seq of gut microbiome	human metagenome Raw sequence reads	PRJNA855571	F60	F161.raw.fastq	6433405	4f0c421f34f074a9fa3fc51551785174	ftp.sra.ebi.ac.uk/vol1/fastq/SRR200/026/SRR20048426/SRR20048426.fastq.gz	fasp.sra.ebi.ac.uk:/vol1/fastq/SRR200/026/SRR20048426/SRR20048426.fastq.gz	ftp.sra.ebi.ac.uk/vol1/fastq/SRR200/026/SRR20048426/SRR20048426.fastq.gz							F161		16S rRNA-Seq of gut microbiome		2023-07-15				GENERATED_FILE		
SRR20048429	PRJNA855571	SRP385559	SAMN29514468	SRS13753084	SRX16086993	SRA1451384	408170	human gut metagenome	ILLUMINA	Illumina MiSeq	F58		SINGLE	RNA-Seq	METAGENOMIC	PCR	81758	37610099	SUB11747641	2023-07-15	2023-07-27	Illumina MiSeq sequencing: 16S rRNA-Seq of gut microbiome	human metagenome Raw sequence reads	PRJNA855571	F58	F152.raw.fastq	3480706	d5981494ecfec6ddb693b0d1f732a644	ftp.sra.ebi.ac.uk/vol1/fastq/SRR200/029/SRR20048429/SRR20048429.fastq.gz	fasp.sra.ebi.ac.uk:/vol1/fastq/SRR200/029/SRR20048429/SRR20048429.fastq.gz	ftp.sra.ebi.ac.uk/vol1/fastq/SRR200/029/SRR20048429/SRR20048429.fastq.gz							F152		16S rRNA-Seq of gut microbiome		2023-07-15				GENERATED_FILE		
SRR20048432	PRJNA855571	SRP385559	SAMN29514465	SRS13753081	SRX16086990	SRA1451384	408170	human gut metagenome	ILLUMINA	Illumina MiSeq	F55		SINGLE	RNA-Seq	METAGENOMIC	PCR	79419	36799720	SUB11747641	2023-07-15	2023-07-24	Illumina MiSeq sequencing: 16S rRNA-Seq of gut microbiome	human metagenome Raw sequence reads	PRJNA855571	F55	F133.raw.fastq	3068938	250f07f14ab54f5d86805764c3d43c81	ftp.sra.ebi.ac.uk/vol1/fastq/SRR200/032/SRR20048432/SRR20048432.fastq.gz	fasp.sra.ebi.ac.uk:/vol1/fastq/SRR200/032/SRR20048432/SRR20048432.fastq.gz	ftp.sra.ebi.ac.uk/vol1/fastq/SRR200/032/SRR20048432/SRR20048432.fastq.gz							F133		16S rRNA-Seq of gut microbiome		2023-07-15				GENERATED_FILE		
SRR20048434	PRJNA855571	SRP385559	SAMN29514463	SRS13753079	SRX16086988	SRA1451384	408170	human gut metagenome	ILLUMINA	Illumina MiSeq	F53		SINGLE	RNA-Seq	METAGENOMIC	PCR	90209	40157815	SUB11747641	2023-07-15	2023-07-24	Illumina MiSeq sequencing: 16S rRNA-Seq of gut microbiome	human metagenome Raw sequence reads	PRJNA855571	F53	F115.raw.fastq	4018644	d39f923efef08f7fb1d37f0faf24dce3	ftp.sra.ebi.ac.uk/vol1/fastq/SRR200/034/SRR20048434/SRR20048434.fastq.gz	fasp.sra.ebi.ac.uk:/vol1/fastq/SRR200/034/SRR20048434/SRR20048434.fastq.gz	ftp.sra.ebi.ac.uk/vol1/fastq/SRR200/034/SRR20048434/SRR20048434.fastq.gz							F115		16S rRNA-Seq of gut microbiome		2023-07-15				GENERATED_FILE		
SRR20048440	PRJNA855571	SRP385559	SAMN29514458	SRS13753073	SRX16086982	SRA1451384	408170	human gut metagenome	ILLUMINA	Illumina MiSeq	F48		SINGLE	RNA-Seq	METAGENOMIC	PCR	92152	42399276	SUB11747641	2023-07-15	2023-07-27	Illumina MiSeq sequencing: 16S rRNA-Seq of gut microbiome	human metagenome Raw sequence reads	PRJNA855571	F48	F73.raw.fastq	4280198	a1152cfdb6c26f97d2a9d38b66c8ce2d	ftp.sra.ebi.ac.uk/vol1/fastq/SRR200/040/SRR20048440/SRR20048440.fastq.gz	fasp.sra.ebi.ac.uk:/vol1/fastq/SRR200/040/SRR20048440/SRR20048440.fastq.gz	ftp.sra.ebi.ac.uk/vol1/fastq/SRR200/040/SRR20048440/SRR20048440.fastq.gz							F73		16S rRNA-Seq of gut microbiome		2023-07-15				GENERATED_FILE		
SRR20048441	PRJNA855571	SRP385559	SAMN29514457	SRS13753072	SRX16086981	SRA1451384	408170	human gut metagenome	ILLUMINA	Illumina MiSeq	F47		SINGLE	RNA-Seq	METAGENOMIC	PCR	78652	35909802	SUB11747641	2023-07-15	2023-07-24	Illumina MiSeq sequencing: 16S rRNA-Seq of gut microbiome	human metagenome Raw sequence reads	PRJNA855571	F47	F49.raw.fastq	4145417	8e25d7fef0ea54270086f2920317bbdf	ftp.sra.ebi.ac.uk/vol1/fastq/SRR200/041/SRR20048441/SRR20048441.fastq.gz	fasp.sra.ebi.ac.uk:/vol1/fastq/SRR200/041/SRR20048441/SRR20048441.fastq.gz	ftp.sra.ebi.ac.uk/vol1/fastq/SRR200/041/SRR20048441/SRR20048441.fastq.gz							F49		16S rRNA-Seq of gut microbiome		2023-07-15				GENERATED_FILE		
SRR20048445	PRJNA855571	SRP385559	SAMN29514453	SRS13753068	SRX16086977	SRA1451384	408170	human gut metagenome	ILLUMINA	Illumina MiSeq	F43		SINGLE	RNA-Seq	METAGENOMIC	PCR	86120	39204278	SUB11747641	2023-07-15	2023-07-24	Illumina MiSeq sequencing: 16S rRNA-Seq of gut microbiome	human metagenome Raw sequence reads	PRJNA855571	F43	F28.raw.fastq	3060176	cb0daa087c06d6a03464cdd7161297b8	ftp.sra.ebi.ac.uk/vol1/fastq/SRR200/045/SRR20048445/SRR20048445.fastq.gz	fasp.sra.ebi.ac.uk:/vol1/fastq/SRR200/045/SRR20048445/SRR20048445.fastq.gz	ftp.sra.ebi.ac.uk/vol1/fastq/SRR200/045/SRR20048445/SRR20048445.fastq.gz							F28		16S rRNA-Seq of gut microbiome		2023-07-15				GENERATED_FILE		
SRR20048446	PRJNA855571	SRP385559	SAMN29514452	SRS13753067	SRX16086976	SRA1451384	408170	human gut metagenome	ILLUMINA	Illumina MiSeq	F42		SINGLE	RNA-Seq	METAGENOMIC	PCR	98436	43761662	SUB11747641	2023-07-15	2023-07-24	Illumina MiSeq sequencing: 16S rRNA-Seq of gut microbiome	human metagenome Raw sequence reads	PRJNA855571	F42	F19.raw.fastq	5093982	b9bf9e8501b2692c668170f2c0e452af	ftp.sra.ebi.ac.uk/vol1/fastq/SRR200/046/SRR20048446/SRR20048446.fastq.gz	fasp.sra.ebi.ac.uk:/vol1/fastq/SRR200/046/SRR20048446/SRR20048446.fastq.gz	ftp.sra.ebi.ac.uk/vol1/fastq/SRR200/046/SRR20048446/SRR20048446.fastq.gz							F19		16S rRNA-Seq of gut microbiome		2023-07-15				GENERATED_FILE		
SRR20048448	PRJNA855571	SRP385559	SAMN29514450	SRS13753065	SRX16086974	SRA1451384	408170	human gut metagenome	ILLUMINA	Illumina MiSeq	F40		SINGLE	RNA-Seq	METAGENOMIC	PCR	59817	27313981	SUB11747641	2023-07-15	2023-07-27	Illumina MiSeq sequencing: 16S rRNA-Seq of gut microbiome	human metagenome Raw sequence reads	PRJNA855571	F40	NF40.raw.fastq	2889708	f9df0f98ba03b1f252ea10c05a8d7a3b	ftp.sra.ebi.ac.uk/vol1/fastq/SRR200/048/SRR20048448/SRR20048448.fastq.gz	fasp.sra.ebi.ac.uk:/vol1/fastq/SRR200/048/SRR20048448/SRR20048448.fastq.gz	ftp.sra.ebi.ac.uk/vol1/fastq/SRR200/048/SRR20048448/SRR20048448.fastq.gz							NCF40		16S rRNA-Seq of gut microbiome		2023-07-15				GENERATED_FILE		
SRR20048458	PRJNA855571	SRP385559	SAMN29514441	SRS13753055	SRX16086964	SRA1451384	408170	human gut metagenome	ILLUMINA	Illumina MiSeq	F31		SINGLE	RNA-Seq	METAGENOMIC	PCR	68946	31610450	SUB11747641	2023-07-15	2023-07-27	Illumina MiSeq sequencing: 16S rRNA-Seq of gut microbiome	human metagenome Raw sequence reads	PRJNA855571	F31	NF31.raw.fastq	3413898	9b206d7cbab9071844db1ad526f62461	ftp.sra.ebi.ac.uk/vol1/fastq/SRR200/058/SRR20048458/SRR20048458.fastq.gz	fasp.sra.ebi.ac.uk:/vol1/fastq/SRR200/058/SRR20048458/SRR20048458.fastq.gz	ftp.sra.ebi.ac.uk/vol1/fastq/SRR200/058/SRR20048458/SRR20048458.fastq.gz							NCF31		16S rRNA-Seq of gut microbiome		2023-07-15				GENERATED_FILE		
SRR20048463	PRJNA855571	SRP385559	SAMN29514438	SRS13753049	SRX16086959	SRA1451384	408170	human gut metagenome	ILLUMINA	Illumina MiSeq	F28		SINGLE	RNA-Seq	METAGENOMIC	PCR	65558	29869433	SUB11747641	2023-07-15	2023-07-24	Illumina MiSeq sequencing: 16S rRNA-Seq of gut microbiome	human metagenome Raw sequence reads	PRJNA855571	F28	NF28.raw.fastq	3823296	0fca0eec67b2e282712da3812d22015c	ftp.sra.ebi.ac.uk/vol1/fastq/SRR200/063/SRR20048463/SRR20048463.fastq.gz	fasp.sra.ebi.ac.uk:/vol1/fastq/SRR200/063/SRR20048463/SRR20048463.fastq.gz	ftp.sra.ebi.ac.uk/vol1/fastq/SRR200/063/SRR20048463/SRR20048463.fastq.gz							NCF28		16S rRNA-Seq of gut microbiome		2023-07-15				GENERATED_FILE		
SRR20048470	PRJNA855571	SRP385559	SAMN29514431	SRS13753043	SRX16086952	SRA1451384	408170	human gut metagenome	ILLUMINA	Illumina MiSeq	F21		SINGLE	RNA-Seq	METAGENOMIC	PCR	50136	22640546	SUB11747641	2023-07-15	2023-07-24	Illumina MiSeq sequencing: 16S rRNA-Seq of gut microbiome	human metagenome Raw sequence reads	PRJNA855571	F21	NF21.raw.fastq	2668744	519556c0073e894e7d6de0959c86f263	ftp.sra.ebi.ac.uk/vol1/fastq/SRR200/070/SRR20048470/SRR20048470.fastq.gz	fasp.sra.ebi.ac.uk:/vol1/fastq/SRR200/070/SRR20048470/SRR20048470.fastq.gz	ftp.sra.ebi.ac.uk/vol1/fastq/SRR200/070/SRR20048470/SRR20048470.fastq.gz							NCF21		16S rRNA-Seq of gut microbiome		2023-07-15				GENERATED_FILE		
SRR20048473	PRJNA855571	SRP385559	SAMN29514429	SRS13753039	SRX16086949	SRA1451384	408170	human gut metagenome	ILLUMINA	Illumina MiSeq	F19		SINGLE	RNA-Seq	METAGENOMIC	PCR	76625	34525637	SUB11747641	2023-07-15	2023-07-24	Illumina MiSeq sequencing: 16S rRNA-Seq of gut microbiome	human metagenome Raw sequence reads	PRJNA855571	F19	NF19.raw.fastq	4295450	c2a4090a6a82a2ac2fbba44d3d52fc62	ftp.sra.ebi.ac.uk/vol1/fastq/SRR200/073/SRR20048473/SRR20048473.fastq.gz	fasp.sra.ebi.ac.uk:/vol1/fastq/SRR200/073/SRR20048473/SRR20048473.fastq.gz	ftp.sra.ebi.ac.uk/vol1/fastq/SRR200/073/SRR20048473/SRR20048473.fastq.gz							NCF19		16S rRNA-Seq of gut microbiome		2023-07-15				GENERATED_FILE		
SRR20048474	PRJNA855571	SRP385559	SAMN29514428	SRS13753040	SRX16086948	SRA1451384	408170	human gut metagenome	ILLUMINA	Illumina MiSeq	F18		SINGLE	RNA-Seq	METAGENOMIC	PCR	48191	21447954	SUB11747641	2023-07-15	2023-07-24	Illumina MiSeq sequencing: 16S rRNA-Seq of gut microbiome	human metagenome Raw sequence reads	PRJNA855571	F18	NF18.raw.fastq	2643917	d42ade8df300dc9672cb331f297b2fe7	ftp.sra.ebi.ac.uk/vol1/fastq/SRR200/074/SRR20048474/SRR20048474.fastq.gz	fasp.sra.ebi.ac.uk:/vol1/fastq/SRR200/074/SRR20048474/SRR20048474.fastq.gz	ftp.sra.ebi.ac.uk/vol1/fastq/SRR200/074/SRR20048474/SRR20048474.fastq.gz							NCF18		16S rRNA-Seq of gut microbiome		2023-07-15				GENERATED_FILE		
SRR20048477	PRJNA855571	SRP385559	SAMN29514425	SRS13753036	SRX16086945	SRA1451384	408170	human gut metagenome	ILLUMINA	Illumina MiSeq	F15		SINGLE	RNA-Seq	METAGENOMIC	PCR	57024	26102026	SUB11747641	2023-07-15	2023-07-24	Illumina MiSeq sequencing: 16S rRNA-Seq of gut microbiome	human metagenome Raw sequence reads	PRJNA855571	F15	NF15.raw.fastq	2867302	8c42c582acb411e516c297afea13c05c	ftp.sra.ebi.ac.uk/vol1/fastq/SRR200/077/SRR20048477/SRR20048477.fastq.gz	fasp.sra.ebi.ac.uk:/vol1/fastq/SRR200/077/SRR20048477/SRR20048477.fastq.gz	ftp.sra.ebi.ac.uk/vol1/fastq/SRR200/077/SRR20048477/SRR20048477.fastq.gz							NCF15		16S rRNA-Seq of gut microbiome		2023-07-15				GENERATED_FILE		
SRR20048484	PRJNA855571	SRP385559	SAMN29514419	SRS13753029	SRX16086938	SRA1451384	408170	human gut metagenome	ILLUMINA	Illumina MiSeq	F9		SINGLE	RNA-Seq	METAGENOMIC	PCR	73145	33424063	SUB11747641	2023-07-15	2023-07-25	Illumina MiSeq sequencing: 16S rRNA-Seq of gut microbiome	human metagenome Raw sequence reads	PRJNA855571	F9	NF9.raw.fastq	3620914	7d2da8aec3712fcd800d9734a049706f	ftp.sra.ebi.ac.uk/vol1/fastq/SRR200/084/SRR20048484/SRR20048484.fastq.gz	fasp.sra.ebi.ac.uk:/vol1/fastq/SRR200/084/SRR20048484/SRR20048484.fastq.gz	ftp.sra.ebi.ac.uk/vol1/fastq/SRR200/084/SRR20048484/SRR20048484.fastq.gz							NCF9		16S rRNA-Seq of gut microbiome		2023-07-15				GENERATED_FILE		
SRR20048329	PRJNA855571	SRP385559	SAMN29514558	SRS13753184	SRX16087093	SRA1451384	408170	human gut metagenome	ILLUMINA	Illumina MiSeq	F148		SINGLE	RNA-Seq	METAGENOMIC	PCR	68378	31278278	SUB11747641	2023-07-15	2023-07-27	Illumina MiSeq sequencing: 16S rRNA-Seq of gut microbiome	human metagenome Raw sequence reads	PRJNA855571	F148	F171.raw.fastq	3078299	52dba75f34eb1eacf1ac9d7641ff1709	ftp.sra.ebi.ac.uk/vol1/fastq/SRR200/029/SRR20048329/SRR20048329.fastq.gz	fasp.sra.ebi.ac.uk:/vol1/fastq/SRR200/029/SRR20048329/SRR20048329.fastq.gz	ftp.sra.ebi.ac.uk/vol1/fastq/SRR200/029/SRR20048329/SRR20048329.fastq.gz							F171		16S rRNA-Seq of gut microbiome		2023-07-15				GENERATED_FILE		
SRR20048485	PRJNA855571	SRP385559	SAMN29514418	SRS13753028	SRX16086937	SRA1451384	408170	human gut metagenome	ILLUMINA	Illumina MiSeq	F8		SINGLE	RNA-Seq	METAGENOMIC	PCR	69779	31737275	SUB11747641	2023-07-15	2023-07-25	Illumina MiSeq sequencing: 16S rRNA-Seq of gut microbiome	human metagenome Raw sequence reads	PRJNA855571	F8	NF8.raw.fastq	3635872	6438bd22abfc860a1ecebc1406dc1a65	ftp.sra.ebi.ac.uk/vol1/fastq/SRR200/085/SRR20048485/SRR20048485.fastq.gz	fasp.sra.ebi.ac.uk:/vol1/fastq/SRR200/085/SRR20048485/SRR20048485.fastq.gz	ftp.sra.ebi.ac.uk/vol1/fastq/SRR200/085/SRR20048485/SRR20048485.fastq.gz							NCF8		16S rRNA-Seq of gut microbiome		2023-07-15				GENERATED_FILE		
SRR20048331	PRJNA855571	SRP385559	SAMN29514556	SRS13753182	SRX16087091	SRA1451384	408170	human gut metagenome	ILLUMINA	Illumina MiSeq	F146		SINGLE	RNA-Seq	METAGENOMIC	PCR	66415	30521390	SUB11747641	2023-07-15	2023-07-24	Illumina MiSeq sequencing: 16S rRNA-Seq of gut microbiome	human metagenome Raw sequence reads	PRJNA855571	F146	F168.raw.fastq	2936283	13afa9d4ada449285fe9e9bff978edb8	ftp.sra.ebi.ac.uk/vol1/fastq/SRR200/031/SRR20048331/SRR20048331.fastq.gz	fasp.sra.ebi.ac.uk:/vol1/fastq/SRR200/031/SRR20048331/SRR20048331.fastq.gz	ftp.sra.ebi.ac.uk/vol1/fastq/SRR200/031/SRR20048331/SRR20048331.fastq.gz							F168		16S rRNA-Seq of gut microbiome		2023-07-15				GENERATED_FILE		
SRR20048601	PRJNA855571	SRP385559	SAMN29514575	SRS13752913	SRX16086821	SRA1451384	408170	human gut metagenome	ILLUMINA	Illumina MiSeq	F165		SINGLE	RNA-Seq	METAGENOMIC	PCR	83669	38605140	SUB11747641	2023-07-15	2023-07-24	Illumina MiSeq sequencing: 16S rRNA-Seq of gut microbiome	human metagenome Raw sequence reads	PRJNA855571	F165	A2F15.raw.fastq	4547679	09fcb1d22d25cb318d00eca5923c281b	ftp.sra.ebi.ac.uk/vol1/fastq/SRR200/001/SRR20048601/SRR20048601.fastq.gz	fasp.sra.ebi.ac.uk:/vol1/fastq/SRR200/001/SRR20048601/SRR20048601.fastq.gz	ftp.sra.ebi.ac.uk/vol1/fastq/SRR200/001/SRR20048601/SRR20048601.fastq.gz							A2F15		16S rRNA-Seq of gut microbiome		2023-07-15				GENERATED_FILE		
SRR20048490	PRJNA855571	SRP385559	SAMN29514413	SRS13753023	SRX16086932	SRA1451384	408170	human gut metagenome	ILLUMINA	Illumina MiSeq	F3		SINGLE	RNA-Seq	METAGENOMIC	PCR	67000	30050414	SUB11747641	2023-07-15	2023-07-24	Illumina MiSeq sequencing: 16S rRNA-Seq of gut microbiome	human metagenome Raw sequence reads	PRJNA855571	F3	NF3.raw.fastq	3849381	f9884115882c1f6495b9387d8ed32e1f	ftp.sra.ebi.ac.uk/vol1/fastq/SRR200/090/SRR20048490/SRR20048490.fastq.gz	fasp.sra.ebi.ac.uk:/vol1/fastq/SRR200/090/SRR20048490/SRR20048490.fastq.gz	ftp.sra.ebi.ac.uk/vol1/fastq/SRR200/090/SRR20048490/SRR20048490.fastq.gz							NCF3		16S rRNA-Seq of gut microbiome		2023-07-15				GENERATED_FILE		
SRR20048333	PRJNA855571	SRP385559	SAMN29514554	SRS13753180	SRX16087089	SRA1451384	408170	human gut metagenome	ILLUMINA	Illumina MiSeq	F144		SINGLE	RNA-Seq	METAGENOMIC	PCR	96734	44586640	SUB11747641	2023-07-15	2023-07-25	Illumina MiSeq sequencing: 16S rRNA-Seq of gut microbiome	human metagenome Raw sequence reads	PRJNA855571	F144	F166.raw.fastq	4160869	f455df35ca2b058d506e2c2abbf0b364	ftp.sra.ebi.ac.uk/vol1/fastq/SRR200/033/SRR20048333/SRR20048333.fastq.gz	fasp.sra.ebi.ac.uk:/vol1/fastq/SRR200/033/SRR20048333/SRR20048333.fastq.gz	ftp.sra.ebi.ac.uk/vol1/fastq/SRR200/033/SRR20048333/SRR20048333.fastq.gz							F166		16S rRNA-Seq of gut microbiome		2023-07-15				GENERATED_FILE		
SRR20048491	PRJNA855571	SRP385559	SAMN29514412	SRS13753022	SRX16086931	SRA1451384	408170	human gut metagenome	ILLUMINA	Illumina MiSeq	F2		SINGLE	RNA-Seq	METAGENOMIC	PCR	75287	33569756	SUB11747641	2023-07-15	2023-07-24	Illumina MiSeq sequencing: 16S rRNA-Seq of gut microbiome	human metagenome Raw sequence reads	PRJNA855571	F2	NF2.raw.fastq	4410642	8320f6723c148c9bdc172660fe2ccc20	ftp.sra.ebi.ac.uk/vol1/fastq/SRR200/091/SRR20048491/SRR20048491.fastq.gz	fasp.sra.ebi.ac.uk:/vol1/fastq/SRR200/091/SRR20048491/SRR20048491.fastq.gz	ftp.sra.ebi.ac.uk/vol1/fastq/SRR200/091/SRR20048491/SRR20048491.fastq.gz							NCF2		16S rRNA-Seq of gut microbiome		2023-07-15				GENERATED_FILE		
SRR20048602	PRJNA855571	SRP385559	SAMN29514574	SRS13752911	SRX16086820	SRA1451384	408170	human gut metagenome	ILLUMINA	Illumina MiSeq	F164		SINGLE	RNA-Seq	METAGENOMIC	PCR	83199	37847391	SUB11747641	2023-07-15	2023-07-26	Illumina MiSeq sequencing: 16S rRNA-Seq of gut microbiome	human metagenome Raw sequence reads	PRJNA855571	F164	A2F14.raw.fastq	3599999	0309246d9f04078c8f32db0c24f269ed	ftp.sra.ebi.ac.uk/vol1/fastq/SRR200/002/SRR20048602/SRR20048602.fastq.gz	fasp.sra.ebi.ac.uk:/vol1/fastq/SRR200/002/SRR20048602/SRR20048602.fastq.gz	ftp.sra.ebi.ac.uk/vol1/fastq/SRR200/002/SRR20048602/SRR20048602.fastq.gz							A2F14		16S rRNA-Seq of gut microbiome		2023-07-15				GENERATED_FILE		
SRR20048339	PRJNA855571	SRP385559	SAMN29514549	SRS13753174	SRX16087083	SRA1451384	408170	human gut metagenome	ILLUMINA	Illumina MiSeq	F139		SINGLE	RNA-Seq	METAGENOMIC	PCR	102435	47253288	SUB11747641	2023-07-15	2023-07-24	Illumina MiSeq sequencing: 16S rRNA-Seq of gut microbiome	human metagenome Raw sequence reads	PRJNA855571	F139	F157.raw.fastq	4364360	e5d2338c6629fb822e513234828a87c7	ftp.sra.ebi.ac.uk/vol1/fastq/SRR200/039/SRR20048339/SRR20048339.fastq.gz	fasp.sra.ebi.ac.uk:/vol1/fastq/SRR200/039/SRR20048339/SRR20048339.fastq.gz	ftp.sra.ebi.ac.uk/vol1/fastq/SRR200/039/SRR20048339/SRR20048339.fastq.gz							F157		16S rRNA-Seq of gut microbiome		2023-07-15				GENERATED_FILE		
SRR20048492	PRJNA855571	SRP385559	SAMN29514411	SRS13753021	SRX16086930	SRA1451384	408170	human gut metagenome	ILLUMINA	Illumina MiSeq	F1		SINGLE	RNA-Seq	METAGENOMIC	PCR	77970	34942010	SUB11747641	2023-07-15	2023-07-24	Illumina MiSeq sequencing: 16S rRNA-Seq of gut microbiome	human metagenome Raw sequence reads	PRJNA855571	F1	NF1.raw.fastq	3859588	5ae26c6730f72ce099af426667cbea0f	ftp.sra.ebi.ac.uk/vol1/fastq/SRR200/092/SRR20048492/SRR20048492.fastq.gz	fasp.sra.ebi.ac.uk:/vol1/fastq/SRR200/092/SRR20048492/SRR20048492.fastq.gz	ftp.sra.ebi.ac.uk/vol1/fastq/SRR200/092/SRR20048492/SRR20048492.fastq.gz							NCF1		16S rRNA-Seq of gut microbiome		2023-07-15				GENERATED_FILE		
SRR20048605	PRJNA855571	SRP385559	SAMN29514571	SRS13752908	SRX16086817	SRA1451384	408170	human gut metagenome	ILLUMINA	Illumina MiSeq	F161		SINGLE	RNA-Seq	METAGENOMIC	PCR	91504	42010486	SUB11747641	2023-07-15	2023-07-24	Illumina MiSeq sequencing: 16S rRNA-Seq of gut microbiome	human metagenome Raw sequence reads	PRJNA855571	F161	A2F11.raw.fastq	4828212	1274168848bf4ecd64bd22ff5bdb0bbd	ftp.sra.ebi.ac.uk/vol1/fastq/SRR200/005/SRR20048605/SRR20048605.fastq.gz	fasp.sra.ebi.ac.uk:/vol1/fastq/SRR200/005/SRR20048605/SRR20048605.fastq.gz	ftp.sra.ebi.ac.uk/vol1/fastq/SRR200/005/SRR20048605/SRR20048605.fastq.gz							A2F11		16S rRNA-Seq of gut microbiome		2023-07-15				GENERATED_FILE		
SRR20048341	PRJNA855571	SRP385559	SAMN29514547	SRS13753172	SRX16087081	SRA1451384	408170	human gut metagenome	ILLUMINA	Illumina MiSeq	F137		SINGLE	RNA-Seq	METAGENOMIC	PCR	88969	40979714	SUB11747641	2023-07-15	2023-07-24	Illumina MiSeq sequencing: 16S rRNA-Seq of gut microbiome	human metagenome Raw sequence reads	PRJNA855571	F137	F154.raw.fastq	3450760	d809c9ca6dab5b47b53829729a08223b	ftp.sra.ebi.ac.uk/vol1/fastq/SRR200/041/SRR20048341/SRR20048341.fastq.gz	fasp.sra.ebi.ac.uk:/vol1/fastq/SRR200/041/SRR20048341/SRR20048341.fastq.gz	ftp.sra.ebi.ac.uk/vol1/fastq/SRR200/041/SRR20048341/SRR20048341.fastq.gz							F154		16S rRNA-Seq of gut microbiome		2023-07-15				GENERATED_FILE		
SRR20048608	PRJNA855571	SRP385559	SAMN29514569	SRS13752905	SRX16086814	SRA1451384	408170	human gut metagenome	ILLUMINA	Illumina MiSeq	F159		SINGLE	RNA-Seq	METAGENOMIC	PCR	103261	46598702	SUB11747641	2023-07-15	2023-07-25	Illumina MiSeq sequencing: 16S rRNA-Seq of gut microbiome	human metagenome Raw sequence reads	PRJNA855571	F159	A2F9.raw.fastq	5149244	3cd5c2db7cbc0c4136aa4d0f072f3fc8	ftp.sra.ebi.ac.uk/vol1/fastq/SRR200/008/SRR20048608/SRR20048608.fastq.gz	fasp.sra.ebi.ac.uk:/vol1/fastq/SRR200/008/SRR20048608/SRR20048608.fastq.gz	ftp.sra.ebi.ac.uk/vol1/fastq/SRR200/008/SRR20048608/SRR20048608.fastq.gz							A2F9		16S rRNA-Seq of gut microbiome		2023-07-15				GENERATED_FILE		
SRR20048347	PRJNA855571	SRP385559	SAMN29514541	SRS13753165	SRX16087075	SRA1451384	408170	human gut metagenome	ILLUMINA	Illumina MiSeq	F131		SINGLE	RNA-Seq	METAGENOMIC	PCR	128987	59581666	SUB11747641	2023-07-15	2023-07-24	Illumina MiSeq sequencing: 16S rRNA-Seq of gut microbiome	human metagenome Raw sequence reads	PRJNA855571	F131	F141.raw.fastq	5617231	6b0cf0630cb33b9b7c7e3885f70d88bb	ftp.sra.ebi.ac.uk/vol1/fastq/SRR200/047/SRR20048347/SRR20048347.fastq.gz	fasp.sra.ebi.ac.uk:/vol1/fastq/SRR200/047/SRR20048347/SRR20048347.fastq.gz	ftp.sra.ebi.ac.uk/vol1/fastq/SRR200/047/SRR20048347/SRR20048347.fastq.gz							F141		16S rRNA-Seq of gut microbiome		2023-07-15				GENERATED_FILE		
SRR20048610	PRJNA855571	SRP385559	SAMN29514567	SRS13752904	SRX16086812	SRA1451384	408170	human gut metagenome	ILLUMINA	Illumina MiSeq	F157		SINGLE	RNA-Seq	METAGENOMIC	PCR	84656	39127417	SUB11747641	2023-07-15	2023-07-24	Illumina MiSeq sequencing: 16S rRNA-Seq of gut microbiome	human metagenome Raw sequence reads	PRJNA855571	F157	A2F7.raw.fastq	3629230	faa6e7827124ee4caf773bbb08c20b5f	ftp.sra.ebi.ac.uk/vol1/fastq/SRR200/010/SRR20048610/SRR20048610.fastq.gz	fasp.sra.ebi.ac.uk:/vol1/fastq/SRR200/010/SRR20048610/SRR20048610.fastq.gz	ftp.sra.ebi.ac.uk/vol1/fastq/SRR200/010/SRR20048610/SRR20048610.fastq.gz							A2F7		16S rRNA-Seq of gut microbiome		2023-07-15				GENERATED_FILE		
SRR20048614	PRJNA855571	SRP385559	SAMN29514563	SRS13752899	SRX16086808	SRA1451384	408170	human gut metagenome	ILLUMINA	Illumina MiSeq	F153		SINGLE	RNA-Seq	METAGENOMIC	PCR	129936	58972766	SUB11747641	2023-07-15	2023-07-24	Illumina MiSeq sequencing: 16S rRNA-Seq of gut microbiome	human metagenome Raw sequence reads	PRJNA855571	F153	A2F3.raw.fastq	7753568	cfb7a6261f106f40a2a82f8a356ff5c8	ftp.sra.ebi.ac.uk/vol1/fastq/SRR200/014/SRR20048614/SRR20048614.fastq.gz	fasp.sra.ebi.ac.uk:/vol1/fastq/SRR200/014/SRR20048614/SRR20048614.fastq.gz	ftp.sra.ebi.ac.uk/vol1/fastq/SRR200/014/SRR20048614/SRR20048614.fastq.gz							A2F3		16S rRNA-Seq of gut microbiome		2023-07-15				GENERATED_FILE		
SRR20048355	PRJNA855571	SRP385559	SAMN29514535	SRS13753158	SRX16087067	SRA1451384	408170	human gut metagenome	ILLUMINA	Illumina MiSeq	F125		SINGLE	RNA-Seq	METAGENOMIC	PCR	96019	44088671	SUB11747641	2023-07-15	2023-07-24	Illumina MiSeq sequencing: 16S rRNA-Seq of gut microbiome	human metagenome Raw sequence reads	PRJNA855571	F125	F132.raw.fastq	4862289	9d44c85a69a2a0f8f8bb188d51bfb51e	ftp.sra.ebi.ac.uk/vol1/fastq/SRR200/055/SRR20048355/SRR20048355.fastq.gz	fasp.sra.ebi.ac.uk:/vol1/fastq/SRR200/055/SRR20048355/SRR20048355.fastq.gz	ftp.sra.ebi.ac.uk/vol1/fastq/SRR200/055/SRR20048355/SRR20048355.fastq.gz							F132		16S rRNA-Seq of gut microbiome		2023-07-15				GENERATED_FILE		
SRR20048358	PRJNA855571	SRP385559	SAMN29514532	SRS13753155	SRX16087064	SRA1451384	408170	human gut metagenome	ILLUMINA	Illumina MiSeq	F122		SINGLE	RNA-Seq	METAGENOMIC	PCR	62615	28774818	SUB11747641	2023-07-15	2023-07-25	Illumina MiSeq sequencing: 16S rRNA-Seq of gut microbiome	human metagenome Raw sequence reads	PRJNA855571	F122	F127.raw.fastq	2966434	ab7372ae6854b31de3f416b477105734	ftp.sra.ebi.ac.uk/vol1/fastq/SRR200/058/SRR20048358/SRR20048358.fastq.gz	fasp.sra.ebi.ac.uk:/vol1/fastq/SRR200/058/SRR20048358/SRR20048358.fastq.gz	ftp.sra.ebi.ac.uk/vol1/fastq/SRR200/058/SRR20048358/SRR20048358.fastq.gz							F127		16S rRNA-Seq of gut microbiome		2023-07-15				GENERATED_FILE		
SRR20048616	PRJNA855571	SRP385559	SAMN29514561	SRS13752897	SRX16086806	SRA1451384	408170	human gut metagenome	ILLUMINA	Illumina MiSeq	F151		SINGLE	RNA-Seq	METAGENOMIC	PCR	75114	34430572	SUB11747641	2023-07-15	2023-07-24	Illumina MiSeq sequencing: 16S rRNA-Seq of gut microbiome	human metagenome Raw sequence reads	PRJNA855571	F151	A2F1.raw.fastq	3666360	072e5e2286b7080ce55e94f4db379583	ftp.sra.ebi.ac.uk/vol1/fastq/SRR200/016/SRR20048616/SRR20048616.fastq.gz	fasp.sra.ebi.ac.uk:/vol1/fastq/SRR200/016/SRR20048616/SRR20048616.fastq.gz	ftp.sra.ebi.ac.uk/vol1/fastq/SRR200/016/SRR20048616/SRR20048616.fastq.gz							A2F1		16S rRNA-Seq of gut microbiome		2023-07-15				GENERATED_FILE		
SRR20048359	PRJNA855571	SRP385559	SAMN29514531	SRS13753154	SRX16087063	SRA1451384	408170	human gut metagenome	ILLUMINA	Illumina MiSeq	F121		SINGLE	RNA-Seq	METAGENOMIC	PCR	80048	37063307	SUB11747641	2023-07-15	2023-07-24	Illumina MiSeq sequencing: 16S rRNA-Seq of gut microbiome	human metagenome Raw sequence reads	PRJNA855571	F121	F126.raw.fastq	2908196	cf1bfe1752229bf01b519ce311a8da64	ftp.sra.ebi.ac.uk/vol1/fastq/SRR200/059/SRR20048359/SRR20048359.fastq.gz	fasp.sra.ebi.ac.uk:/vol1/fastq/SRR200/059/SRR20048359/SRR20048359.fastq.gz	ftp.sra.ebi.ac.uk/vol1/fastq/SRR200/059/SRR20048359/SRR20048359.fastq.gz							F126		16S rRNA-Seq of gut microbiome		2023-07-15				GENERATED_FILE		
SRR20048619	PRJNA855571	SRP385559	SAMN29514559	SRS13752895	SRX16086803	SRA1451384	408170	human gut metagenome	ILLUMINA	Illumina MiSeq	F149		SINGLE	RNA-Seq	METAGENOMIC	PCR	63823	29563449	SUB11747641	2023-07-15	2023-07-24	Illumina MiSeq sequencing: 16S rRNA-Seq of gut microbiome	human metagenome Raw sequence reads	PRJNA855571	F149	F175.raw.fastq	2267050	3005bdee673d0bdedd38d00979fef001	ftp.sra.ebi.ac.uk/vol1/fastq/SRR200/019/SRR20048619/SRR20048619.fastq.gz	fasp.sra.ebi.ac.uk:/vol1/fastq/SRR200/019/SRR20048619/SRR20048619.fastq.gz	ftp.sra.ebi.ac.uk/vol1/fastq/SRR200/019/SRR20048619/SRR20048619.fastq.gz							F175		16S rRNA-Seq of gut microbiome		2023-07-15				GENERATED_FILE		
SRR20048360	PRJNA855571	SRP385559	SAMN29514530	SRS13753153	SRX16087062	SRA1451384	408170	human gut metagenome	ILLUMINA	Illumina MiSeq	F120		SINGLE	RNA-Seq	METAGENOMIC	PCR	64525	29196243	SUB11747641	2023-07-15	2023-07-24	Illumina MiSeq sequencing: 16S rRNA-Seq of gut microbiome	human metagenome Raw sequence reads	PRJNA855571	F120	F120.raw.fastq	3854009	2da9efaae2e963550c411babb060e091	ftp.sra.ebi.ac.uk/vol1/fastq/SRR200/060/SRR20048360/SRR20048360.fastq.gz	fasp.sra.ebi.ac.uk:/vol1/fastq/SRR200/060/SRR20048360/SRR20048360.fastq.gz	ftp.sra.ebi.ac.uk/vol1/fastq/SRR200/060/SRR20048360/SRR20048360.fastq.gz							F120		16S rRNA-Seq of gut microbiome		2023-07-15				GENERATED_FILE		
SRR20048367	PRJNA855571	SRP385559	SAMN29514524	SRS13753145	SRX16087055	SRA1451384	408170	human gut metagenome	ILLUMINA	Illumina MiSeq	F114		SINGLE	RNA-Seq	METAGENOMIC	PCR	76755	34573727	SUB11747641	2023-07-15	2023-07-24	Illumina MiSeq sequencing: 16S rRNA-Seq of gut microbiome	human metagenome Raw sequence reads	PRJNA855571	F114	F98.raw.fastq	3722781	517ea75f6913208ba87cc3d8fb050830	ftp.sra.ebi.ac.uk/vol1/fastq/SRR200/067/SRR20048367/SRR20048367.fastq.gz	fasp.sra.ebi.ac.uk:/vol1/fastq/SRR200/067/SRR20048367/SRR20048367.fastq.gz	ftp.sra.ebi.ac.uk/vol1/fastq/SRR200/067/SRR20048367/SRR20048367.fastq.gz							F98		16S rRNA-Seq of gut microbiome		2023-07-15				GENERATED_FILE		
SRR20048368	PRJNA855571	SRP385559	SAMN29514523	SRS13753146	SRX16087054	SRA1451384	408170	human gut metagenome	ILLUMINA	Illumina MiSeq	F113		SINGLE	RNA-Seq	METAGENOMIC	PCR	92508	42784114	SUB11747641	2023-07-15	2023-07-24	Illumina MiSeq sequencing: 16S rRNA-Seq of gut microbiome	human metagenome Raw sequence reads	PRJNA855571	F113	F97.raw.fastq	3423772	982e87837a0e2d052a11f98eec611571	ftp.sra.ebi.ac.uk/vol1/fastq/SRR200/068/SRR20048368/SRR20048368.fastq.gz	fasp.sra.ebi.ac.uk:/vol1/fastq/SRR200/068/SRR20048368/SRR20048368.fastq.gz	ftp.sra.ebi.ac.uk/vol1/fastq/SRR200/068/SRR20048368/SRR20048368.fastq.gz							F97		16S rRNA-Seq of gut microbiome		2023-07-15				GENERATED_FILE		
SRR20048370	PRJNA855571	SRP385559	SAMN29514521	SRS13753144	SRX16087052	SRA1451384	408170	human gut metagenome	ILLUMINA	Illumina MiSeq	F111		SINGLE	RNA-Seq	METAGENOMIC	PCR	61107	28412532	SUB11747641	2023-07-15	2023-07-24	Illumina MiSeq sequencing: 16S rRNA-Seq of gut microbiome	human metagenome Raw sequence reads	PRJNA855571	F111	F90.raw.fastq	2030291	1ed0c6dd2955431d439ec028bd2c6cd2	ftp.sra.ebi.ac.uk/vol1/fastq/SRR200/070/SRR20048370/SRR20048370.fastq.gz	fasp.sra.ebi.ac.uk:/vol1/fastq/SRR200/070/SRR20048370/SRR20048370.fastq.gz	ftp.sra.ebi.ac.uk/vol1/fastq/SRR200/070/SRR20048370/SRR20048370.fastq.gz							F90		16S rRNA-Seq of gut microbiome		2023-07-15				GENERATED_FILE		
SRR20048373	PRJNA855571	SRP385559	SAMN29514519	SRS13753141	SRX16087049	SRA1451384	408170	human gut metagenome	ILLUMINA	Illumina MiSeq	F109		SINGLE	RNA-Seq	METAGENOMIC	PCR	89763	40573182	SUB11747641	2023-07-15	2023-07-24	Illumina MiSeq sequencing: 16S rRNA-Seq of gut microbiome	human metagenome Raw sequence reads	PRJNA855571	F109	F74.raw.fastq	4282968	f3595df65993a63438a77577e3f89a0d	ftp.sra.ebi.ac.uk/vol1/fastq/SRR200/073/SRR20048373/SRR20048373.fastq.gz	fasp.sra.ebi.ac.uk:/vol1/fastq/SRR200/073/SRR20048373/SRR20048373.fastq.gz	ftp.sra.ebi.ac.uk/vol1/fastq/SRR200/073/SRR20048373/SRR20048373.fastq.gz							F74		16S rRNA-Seq of gut microbiome		2023-07-15				GENERATED_FILE		
SRR20048375	PRJNA855571	SRP385559	SAMN29514517	SRS13753138	SRX16087047	SRA1451384	408170	human gut metagenome	ILLUMINA	Illumina MiSeq	F107		SINGLE	RNA-Seq	METAGENOMIC	PCR	66515	30797029	SUB11747641	2023-07-15	2023-07-24	Illumina MiSeq sequencing: 16S rRNA-Seq of gut microbiome	human metagenome Raw sequence reads	PRJNA855571	F107	F67.raw.fastq	2921792	4433dce2e279ce377c4d4d10a1feb8db	ftp.sra.ebi.ac.uk/vol1/fastq/SRR200/075/SRR20048375/SRR20048375.fastq.gz	fasp.sra.ebi.ac.uk:/vol1/fastq/SRR200/075/SRR20048375/SRR20048375.fastq.gz	ftp.sra.ebi.ac.uk/vol1/fastq/SRR200/075/SRR20048375/SRR20048375.fastq.gz							F67		16S rRNA-Seq of gut microbiome		2023-07-15				GENERATED_FILE		
SRR20048376	PRJNA855571	SRP385559	SAMN29514516	SRS13753137	SRX16087046	SRA1451384	408170	human gut metagenome	ILLUMINA	Illumina MiSeq	F106		SINGLE	RNA-Seq	METAGENOMIC	PCR	67341	30830644	SUB11747641	2023-07-15	2023-07-24	Illumina MiSeq sequencing: 16S rRNA-Seq of gut microbiome	human metagenome Raw sequence reads	PRJNA855571	F106	F66.raw.fastq	3299869	79b5d8bd5c23da247ec4b132fd47ffd0	ftp.sra.ebi.ac.uk/vol1/fastq/SRR200/076/SRR20048376/SRR20048376.fastq.gz	fasp.sra.ebi.ac.uk:/vol1/fastq/SRR200/076/SRR20048376/SRR20048376.fastq.gz	ftp.sra.ebi.ac.uk/vol1/fastq/SRR200/076/SRR20048376/SRR20048376.fastq.gz							F66		16S rRNA-Seq of gut microbiome		2023-07-15				GENERATED_FILE		
SRR20048377	PRJNA855571	SRP385559	SAMN29514515	SRS13753136	SRX16087045	SRA1451384	408170	human gut metagenome	ILLUMINA	Illumina MiSeq	F105		SINGLE	RNA-Seq	METAGENOMIC	PCR	125962	57329306	SUB11747641	2023-07-15	2023-07-24	Illumina MiSeq sequencing: 16S rRNA-Seq of gut microbiome	human metagenome Raw sequence reads	PRJNA855571	F105	F63.raw.fastq	6004465	d55675f94b79cc15712171bb7a84c820	ftp.sra.ebi.ac.uk/vol1/fastq/SRR200/077/SRR20048377/SRR20048377.fastq.gz	fasp.sra.ebi.ac.uk:/vol1/fastq/SRR200/077/SRR20048377/SRR20048377.fastq.gz	ftp.sra.ebi.ac.uk/vol1/fastq/SRR200/077/SRR20048377/SRR20048377.fastq.gz							F63		16S rRNA-Seq of gut microbiome		2023-07-15				GENERATED_FILE		
SRR20048378	PRJNA855571	SRP385559	SAMN29514514	SRS13753135	SRX16087044	SRA1451384	408170	human gut metagenome	ILLUMINA	Illumina MiSeq	F104		SINGLE	RNA-Seq	METAGENOMIC	PCR	61722	27918369	SUB11747641	2023-07-15	2023-07-24	Illumina MiSeq sequencing: 16S rRNA-Seq of gut microbiome	human metagenome Raw sequence reads	PRJNA855571	F104	F59.raw.fastq	3386148	77b96eb2506a111f9d23e5f805b82609	ftp.sra.ebi.ac.uk/vol1/fastq/SRR200/078/SRR20048378/SRR20048378.fastq.gz	fasp.sra.ebi.ac.uk:/vol1/fastq/SRR200/078/SRR20048378/SRR20048378.fastq.gz	ftp.sra.ebi.ac.uk/vol1/fastq/SRR200/078/SRR20048378/SRR20048378.fastq.gz							F59		16S rRNA-Seq of gut microbiome		2023-07-15				GENERATED_FILE		
SRR20048386	PRJNA855571	SRP385559	SAMN29514507	SRS13753127	SRX16087036	SRA1451384	408170	human gut metagenome	ILLUMINA	Illumina MiSeq	F97		SINGLE	RNA-Seq	METAGENOMIC	PCR	100952	46287348	SUB11747641	2023-07-15	2023-07-24	Illumina MiSeq sequencing: 16S rRNA-Seq of gut microbiome	human metagenome Raw sequence reads	PRJNA855571	F97	F44.raw.fastq	3732033	a3d84ec5fc4b8aa37be2776550b54cab	ftp.sra.ebi.ac.uk/vol1/fastq/SRR200/086/SRR20048386/SRR20048386.fastq.gz	fasp.sra.ebi.ac.uk:/vol1/fastq/SRR200/086/SRR20048386/SRR20048386.fastq.gz	ftp.sra.ebi.ac.uk/vol1/fastq/SRR200/086/SRR20048386/SRR20048386.fastq.gz							F44		16S rRNA-Seq of gut microbiome		2023-07-15				GENERATED_FILE		
SRR20048388	PRJNA855571	SRP385559	SAMN29514505	SRS13753124	SRX16087034	SRA1451384	408170	human gut metagenome	ILLUMINA	Illumina MiSeq	F95		SINGLE	RNA-Seq	METAGENOMIC	PCR	102033	46632839	SUB11747641	2023-07-15	2023-07-27	Illumina MiSeq sequencing: 16S rRNA-Seq of gut microbiome	human metagenome Raw sequence reads	PRJNA855571	F95	F32.raw.fastq	4978626	1a1a5b938ec27db361565420294704fa	ftp.sra.ebi.ac.uk/vol1/fastq/SRR200/088/SRR20048388/SRR20048388.fastq.gz	fasp.sra.ebi.ac.uk:/vol1/fastq/SRR200/088/SRR20048388/SRR20048388.fastq.gz	ftp.sra.ebi.ac.uk/vol1/fastq/SRR200/088/SRR20048388/SRR20048388.fastq.gz							F32		16S rRNA-Seq of gut microbiome		2023-07-15				GENERATED_FILE		
SRR20048389	PRJNA855571	SRP385559	SAMN29514504	SRS13753125	SRX16087033	SRA1451384	408170	human gut metagenome	ILLUMINA	Illumina MiSeq	F94		SINGLE	RNA-Seq	METAGENOMIC	PCR	61191	27347747	SUB11747641	2023-07-15	2023-07-27	Illumina MiSeq sequencing: 16S rRNA-Seq of gut microbiome	human metagenome Raw sequence reads	PRJNA855571	F94	F27.raw.fastq	3492800	70321b32f0b7e01342cfdfa1dd228a98	ftp.sra.ebi.ac.uk/vol1/fastq/SRR200/089/SRR20048389/SRR20048389.fastq.gz	fasp.sra.ebi.ac.uk:/vol1/fastq/SRR200/089/SRR20048389/SRR20048389.fastq.gz	ftp.sra.ebi.ac.uk/vol1/fastq/SRR200/089/SRR20048389/SRR20048389.fastq.gz							F27		16S rRNA-Seq of gut microbiome		2023-07-15				GENERATED_FILE		
SRR20048390	PRJNA855571	SRP385559	SAMN29514503	SRS13753123	SRX16087032	SRA1451384	408170	human gut metagenome	ILLUMINA	Illumina MiSeq	F93		SINGLE	RNA-Seq	METAGENOMIC	PCR	80331	36917786	SUB11747641	2023-07-15	2023-07-25	Illumina MiSeq sequencing: 16S rRNA-Seq of gut microbiome	human metagenome Raw sequence reads	PRJNA855571	F93	F26.raw.fastq	3701166	12b11287befe8cb4980874f4c9525019	ftp.sra.ebi.ac.uk/vol1/fastq/SRR200/090/SRR20048390/SRR20048390.fastq.gz	fasp.sra.ebi.ac.uk:/vol1/fastq/SRR200/090/SRR20048390/SRR20048390.fastq.gz	ftp.sra.ebi.ac.uk/vol1/fastq/SRR200/090/SRR20048390/SRR20048390.fastq.gz							F26		16S rRNA-Seq of gut microbiome		2023-07-15				GENERATED_FILE		
SRR20048392	PRJNA855571	SRP385559	SAMN29514501	SRS13753121	SRX16087030	SRA1451384	408170	human gut metagenome	ILLUMINA	Illumina MiSeq	F91		SINGLE	RNA-Seq	METAGENOMIC	PCR	94015	42714196	SUB11747641	2023-07-15	2023-07-27	Illumina MiSeq sequencing: 16S rRNA-Seq of gut microbiome	human metagenome Raw sequence reads	PRJNA855571	F91	F24.raw.fastq	4673775	46b1b4f291ad9e170ec14f2923610509	ftp.sra.ebi.ac.uk/vol1/fastq/SRR200/092/SRR20048392/SRR20048392.fastq.gz	fasp.sra.ebi.ac.uk:/vol1/fastq/SRR200/092/SRR20048392/SRR20048392.fastq.gz	ftp.sra.ebi.ac.uk/vol1/fastq/SRR200/092/SRR20048392/SRR20048392.fastq.gz							F24		16S rRNA-Seq of gut microbiome		2023-07-15				GENERATED_FILE		
SRR20048401	PRJNA855571	SRP385559	SAMN29514493	SRS13753112	SRX16087021	SRA1451384	408170	human gut metagenome	ILLUMINA	Illumina MiSeq	F83		SINGLE	RNA-Seq	METAGENOMIC	PCR	59969	27016547	SUB11747641	2023-07-15	2023-07-25	Illumina MiSeq sequencing: 16S rRNA-Seq of gut microbiome	human metagenome Raw sequence reads	PRJNA855571	F83	F8.raw.fastq	2600407	38a02cf74d3b6c539e86443120c59f57	ftp.sra.ebi.ac.uk/vol1/fastq/SRR200/001/SRR20048401/SRR20048401.fastq.gz	fasp.sra.ebi.ac.uk:/vol1/fastq/SRR200/001/SRR20048401/SRR20048401.fastq.gz	ftp.sra.ebi.ac.uk/vol1/fastq/SRR200/001/SRR20048401/SRR20048401.fastq.gz							F8		16S rRNA-Seq of gut microbiome		2023-07-15				GENERATED_FILE		
SRR20048403	PRJNA855571	SRP385559	SAMN29514491	SRS13753110	SRX16087019	SRA1451384	408170	human gut metagenome	ILLUMINA	Illumina MiSeq	F81		SINGLE	RNA-Seq	METAGENOMIC	PCR	103953	46872491	SUB11747641	2023-07-15	2023-07-24	Illumina MiSeq sequencing: 16S rRNA-Seq of gut microbiome	human metagenome Raw sequence reads	PRJNA855571	F81	A1F16.raw.fastq	6977259	faab204969aeb1af6b26895cb7568f3c	ftp.sra.ebi.ac.uk/vol1/fastq/SRR200/003/SRR20048403/SRR20048403.fastq.gz	fasp.sra.ebi.ac.uk:/vol1/fastq/SRR200/003/SRR20048403/SRR20048403.fastq.gz	ftp.sra.ebi.ac.uk/vol1/fastq/SRR200/003/SRR20048403/SRR20048403.fastq.gz							A1F16		16S rRNA-Seq of gut microbiome		2023-07-15				GENERATED_FILE		
SRR20048409	PRJNA855571	SRP385559	SAMN29514486	SRS13753104	SRX16087013	SRA1451384	408170	human gut metagenome	ILLUMINA	Illumina MiSeq	F76		SINGLE	RNA-Seq	METAGENOMIC	PCR	130120	58401083	SUB11747641	2023-07-15	2023-07-24	Illumina MiSeq sequencing: 16S rRNA-Seq of gut microbiome	human metagenome Raw sequence reads	PRJNA855571	F76	A1F11.raw.fastq	6517292	22de2d51660cb292196b9bdc1d70dd52	ftp.sra.ebi.ac.uk/vol1/fastq/SRR200/009/SRR20048409/SRR20048409.fastq.gz	fasp.sra.ebi.ac.uk:/vol1/fastq/SRR200/009/SRR20048409/SRR20048409.fastq.gz	ftp.sra.ebi.ac.uk/vol1/fastq/SRR200/009/SRR20048409/SRR20048409.fastq.gz							A1F11		16S rRNA-Seq of gut microbiome		2023-07-15				GENERATED_FILE		
SRR20048410	PRJNA855571	SRP385559	SAMN29514485	SRS13753103	SRX16087012	SRA1451384	408170	human gut metagenome	ILLUMINA	Illumina MiSeq	F75		SINGLE	RNA-Seq	METAGENOMIC	PCR	84081	38961615	SUB11747641	2023-07-15	2023-07-24	Illumina MiSeq sequencing: 16S rRNA-Seq of gut microbiome	human metagenome Raw sequence reads	PRJNA855571	F75	A1F10.raw.fastq	3802835	a08eb581292487c4ad94c5bfe0100f32	ftp.sra.ebi.ac.uk/vol1/fastq/SRR200/010/SRR20048410/SRR20048410.fastq.gz	fasp.sra.ebi.ac.uk:/vol1/fastq/SRR200/010/SRR20048410/SRR20048410.fastq.gz	ftp.sra.ebi.ac.uk/vol1/fastq/SRR200/010/SRR20048410/SRR20048410.fastq.gz							A1F10		16S rRNA-Seq of gut microbiome		2023-07-15				GENERATED_FILE		
SRR20048411	PRJNA855571	SRP385559	SAMN29514484	SRS13753102	SRX16087011	SRA1451384	408170	human gut metagenome	ILLUMINA	Illumina MiSeq	F74		SINGLE	RNA-Seq	METAGENOMIC	PCR	102991	46680067	SUB11747641	2023-07-15	2023-07-24	Illumina MiSeq sequencing: 16S rRNA-Seq of gut microbiome	human metagenome Raw sequence reads	PRJNA855571	F74	A1F9.raw.fastq	4736533	dca6ad48801b397de0071ab3e37b3a88	ftp.sra.ebi.ac.uk/vol1/fastq/SRR200/011/SRR20048411/SRR20048411.fastq.gz	fasp.sra.ebi.ac.uk:/vol1/fastq/SRR200/011/SRR20048411/SRR20048411.fastq.gz	ftp.sra.ebi.ac.uk/vol1/fastq/SRR200/011/SRR20048411/SRR20048411.fastq.gz							A1F9		16S rRNA-Seq of gut microbiome		2023-07-15				GENERATED_FILE		
SRR20048414	PRJNA855571	SRP385559	SAMN29514481	SRS13753099	SRX16087008	SRA1451384	408170	human gut metagenome	ILLUMINA	Illumina MiSeq	F71		SINGLE	RNA-Seq	METAGENOMIC	PCR	74954	34127977	SUB11747641	2023-07-15	2023-07-24	Illumina MiSeq sequencing: 16S rRNA-Seq of gut microbiome	human metagenome Raw sequence reads	PRJNA855571	F71	A1F6.raw.fastq	4246906	407c0638636539d6dfc1dbe7eee45e57	ftp.sra.ebi.ac.uk/vol1/fastq/SRR200/014/SRR20048414/SRR20048414.fastq.gz	fasp.sra.ebi.ac.uk:/vol1/fastq/SRR200/014/SRR20048414/SRR20048414.fastq.gz	ftp.sra.ebi.ac.uk/vol1/fastq/SRR200/014/SRR20048414/SRR20048414.fastq.gz							A1F6		16S rRNA-Seq of gut microbiome		2023-07-15				GENERATED_FILE		
SRR20048415	PRJNA855571	SRP385559	SAMN29514480	SRS13753098	SRX16087007	SRA1451384	408170	human gut metagenome	ILLUMINA	Illumina MiSeq	F70		SINGLE	RNA-Seq	METAGENOMIC	PCR	116151	52275551	SUB11747641	2023-07-15	2023-07-25	Illumina MiSeq sequencing: 16S rRNA-Seq of gut microbiome	human metagenome Raw sequence reads	PRJNA855571	F70	A1F5.raw.fastq	6182518	0723efe63e4efbb0878a14cae4e2dba2	ftp.sra.ebi.ac.uk/vol1/fastq/SRR200/015/SRR20048415/SRR20048415.fastq.gz	fasp.sra.ebi.ac.uk:/vol1/fastq/SRR200/015/SRR20048415/SRR20048415.fastq.gz	ftp.sra.ebi.ac.uk/vol1/fastq/SRR200/015/SRR20048415/SRR20048415.fastq.gz							A1F5		16S rRNA-Seq of gut microbiome		2023-07-15				GENERATED_FILE		
SRR20048417	PRJNA855571	SRP385559	SAMN29514479	SRS13753095	SRX16087005	SRA1451384	408170	human gut metagenome	ILLUMINA	Illumina MiSeq	F69		SINGLE	RNA-Seq	METAGENOMIC	PCR	91212	41040152	SUB11747641	2023-07-15	2023-07-24	Illumina MiSeq sequencing: 16S rRNA-Seq of gut microbiome	human metagenome Raw sequence reads	PRJNA855571	F69	A1F4.raw.fastq	5268036	4fd8a46c990768a0c40c0afff2505a86	ftp.sra.ebi.ac.uk/vol1/fastq/SRR200/017/SRR20048417/SRR20048417.fastq.gz	fasp.sra.ebi.ac.uk:/vol1/fastq/SRR200/017/SRR20048417/SRR20048417.fastq.gz	ftp.sra.ebi.ac.uk/vol1/fastq/SRR200/017/SRR20048417/SRR20048417.fastq.gz							A1F4		16S rRNA-Seq of gut microbiome		2023-07-15				GENERATED_FILE		
SRR20048418	PRJNA855571	SRP385559	SAMN29514478	SRS13753096	SRX16087004	SRA1451384	408170	human gut metagenome	ILLUMINA	Illumina MiSeq	F68		SINGLE	RNA-Seq	METAGENOMIC	PCR	92348	41109019	SUB11747641	2023-07-15	2023-07-27	Illumina MiSeq sequencing: 16S rRNA-Seq of gut microbiome	human metagenome Raw sequence reads	PRJNA855571	F68	A1F3.raw.fastq	5083969	e37eff0f097d954e2c2e133d8183984d	ftp.sra.ebi.ac.uk/vol1/fastq/SRR200/018/SRR20048418/SRR20048418.fastq.gz	fasp.sra.ebi.ac.uk:/vol1/fastq/SRR200/018/SRR20048418/SRR20048418.fastq.gz	ftp.sra.ebi.ac.uk/vol1/fastq/SRR200/018/SRR20048418/SRR20048418.fastq.gz							A1F3		16S rRNA-Seq of gut microbiome		2023-07-15				GENERATED_FILE		
SRR20048419	PRJNA855571	SRP385559	SAMN29514477	SRS13753094	SRX16087003	SRA1451384	408170	human gut metagenome	ILLUMINA	Illumina MiSeq	F67		SINGLE	RNA-Seq	METAGENOMIC	PCR	119017	53613513	SUB11747641	2023-07-15	2023-07-25	Illumina MiSeq sequencing: 16S rRNA-Seq of gut microbiome	human metagenome Raw sequence reads	PRJNA855571	F67	A1F2.raw.fastq	6456420	f69c884d3b57cf1d39c0bac9e8eea13c	ftp.sra.ebi.ac.uk/vol1/fastq/SRR200/019/SRR20048419/SRR20048419.fastq.gz	fasp.sra.ebi.ac.uk:/vol1/fastq/SRR200/019/SRR20048419/SRR20048419.fastq.gz	ftp.sra.ebi.ac.uk/vol1/fastq/SRR200/019/SRR20048419/SRR20048419.fastq.gz							A1F2		16S rRNA-Seq of gut microbiome		2023-07-15				GENERATED_FILE		
SRR20048423	PRJNA855571	SRP385559	SAMN29514473	SRS13753090	SRX16086999	SRA1451384	408170	human gut metagenome	ILLUMINA	Illumina MiSeq	F63		SINGLE	RNA-Seq	METAGENOMIC	PCR	53759	24451700	SUB11747641	2023-07-15	2023-07-24	Illumina MiSeq sequencing: 16S rRNA-Seq of gut microbiome	human metagenome Raw sequence reads	PRJNA855571	F63	F174.raw.fastq	3415734	3d7c7865327d4669b893c37d4fea0008	ftp.sra.ebi.ac.uk/vol1/fastq/SRR200/023/SRR20048423/SRR20048423.fastq.gz	fasp.sra.ebi.ac.uk:/vol1/fastq/SRR200/023/SRR20048423/SRR20048423.fastq.gz	ftp.sra.ebi.ac.uk/vol1/fastq/SRR200/023/SRR20048423/SRR20048423.fastq.gz							F174		16S rRNA-Seq of gut microbiome		2023-07-15				GENERATED_FILE		
SRR20048425	PRJNA855571	SRP385559	SAMN29514471	SRS13753088	SRX16086997	SRA1451384	408170	human gut metagenome	ILLUMINA	Illumina MiSeq	F61		SINGLE	RNA-Seq	METAGENOMIC	PCR	60155	27472022	SUB11747641	2023-07-15	2023-07-25	Illumina MiSeq sequencing: 16S rRNA-Seq of gut microbiome	human metagenome Raw sequence reads	PRJNA855571	F61	F163.raw.fastq	2982501	e2a9ff91ee7929889df9fa2ee251f0df	ftp.sra.ebi.ac.uk/vol1/fastq/SRR200/025/SRR20048425/SRR20048425.fastq.gz	fasp.sra.ebi.ac.uk:/vol1/fastq/SRR200/025/SRR20048425/SRR20048425.fastq.gz	ftp.sra.ebi.ac.uk/vol1/fastq/SRR200/025/SRR20048425/SRR20048425.fastq.gz							F163		16S rRNA-Seq of gut microbiome		2023-07-15				GENERATED_FILE		
SRR20048428	PRJNA855571	SRP385559	SAMN29514469	SRS13753085	SRX16086994	SRA1451384	408170	human gut metagenome	ILLUMINA	Illumina MiSeq	F59		SINGLE	RNA-Seq	METAGENOMIC	PCR	74223	34491053	SUB11747641	2023-07-15	2023-07-24	Illumina MiSeq sequencing: 16S rRNA-Seq of gut microbiome	human metagenome Raw sequence reads	PRJNA855571	F59	F155.raw.fastq	3235666	b1189aaafc52854ed85ee50576f3442b	ftp.sra.ebi.ac.uk/vol1/fastq/SRR200/028/SRR20048428/SRR20048428.fastq.gz	fasp.sra.ebi.ac.uk:/vol1/fastq/SRR200/028/SRR20048428/SRR20048428.fastq.gz	ftp.sra.ebi.ac.uk/vol1/fastq/SRR200/028/SRR20048428/SRR20048428.fastq.gz							F155		16S rRNA-Seq of gut microbiome		2023-07-15				GENERATED_FILE		
SRR20048430	PRJNA855571	SRP385559	SAMN29514467	SRS13753083	SRX16086992	SRA1451384	408170	human gut metagenome	ILLUMINA	Illumina MiSeq	F57		SINGLE	RNA-Seq	METAGENOMIC	PCR	77539	35201520	SUB11747641	2023-07-15	2023-07-24	Illumina MiSeq sequencing: 16S rRNA-Seq of gut microbiome	human metagenome Raw sequence reads	PRJNA855571	F57	F147.raw.fastq	3881802	7fbf9285038b72871a7edc7abdfcb822	ftp.sra.ebi.ac.uk/vol1/fastq/SRR200/030/SRR20048430/SRR20048430.fastq.gz	fasp.sra.ebi.ac.uk:/vol1/fastq/SRR200/030/SRR20048430/SRR20048430.fastq.gz	ftp.sra.ebi.ac.uk/vol1/fastq/SRR200/030/SRR20048430/SRR20048430.fastq.gz							F147		16S rRNA-Seq of gut microbiome		2023-07-15				GENERATED_FILE		
SRR20048604	PRJNA855571	SRP385559	SAMN29514572	SRS13752909	SRX16086818	SRA1451384	408170	human gut metagenome	ILLUMINA	Illumina MiSeq	F162		SINGLE	RNA-Seq	METAGENOMIC	PCR	77860	34587566	SUB11747641	2023-07-15	2023-07-25	Illumina MiSeq sequencing: 16S rRNA-Seq of gut microbiome	human metagenome Raw sequence reads	PRJNA855571	F162	A2F12.raw.fastq	4776372	11eb771ea5f5fb2ce4f06abe08b7b9e5	ftp.sra.ebi.ac.uk/vol1/fastq/SRR200/004/SRR20048604/SRR20048604.fastq.gz	fasp.sra.ebi.ac.uk:/vol1/fastq/SRR200/004/SRR20048604/SRR20048604.fastq.gz	ftp.sra.ebi.ac.uk/vol1/fastq/SRR200/004/SRR20048604/SRR20048604.fastq.gz							A2F12		16S rRNA-Seq of gut microbiome		2023-07-15				GENERATED_FILE		
SRR20048609	PRJNA855571	SRP385559	SAMN29514568	SRS13752903	SRX16086813	SRA1451384	408170	human gut metagenome	ILLUMINA	Illumina MiSeq	F158		SINGLE	RNA-Seq	METAGENOMIC	PCR	109429	49552075	SUB11747641	2023-07-15	2023-07-24	Illumina MiSeq sequencing: 16S rRNA-Seq of gut microbiome	human metagenome Raw sequence reads	PRJNA855571	F158	A2F8.raw.fastq	5561582	3a6ef63df644356bfb4f47cb6527d1cd	ftp.sra.ebi.ac.uk/vol1/fastq/SRR200/009/SRR20048609/SRR20048609.fastq.gz	fasp.sra.ebi.ac.uk:/vol1/fastq/SRR200/009/SRR20048609/SRR20048609.fastq.gz	ftp.sra.ebi.ac.uk/vol1/fastq/SRR200/009/SRR20048609/SRR20048609.fastq.gz							A2F8		16S rRNA-Seq of gut microbiome		2023-07-15				GENERATED_FILE		
SRR20048431	PRJNA855571	SRP385559	SAMN29514466	SRS13753082	SRX16086991	SRA1451384	408170	human gut metagenome	ILLUMINA	Illumina MiSeq	F56		SINGLE	RNA-Seq	METAGENOMIC	PCR	86718	40040363	SUB11747641	2023-07-15	2023-07-24	Illumina MiSeq sequencing: 16S rRNA-Seq of gut microbiome	human metagenome Raw sequence reads	PRJNA855571	F56	F140.raw.fastq	3320649	5e1aa4cf0e60d937f614d4b67916d8d8	ftp.sra.ebi.ac.uk/vol1/fastq/SRR200/031/SRR20048431/SRR20048431.fastq.gz	fasp.sra.ebi.ac.uk:/vol1/fastq/SRR200/031/SRR20048431/SRR20048431.fastq.gz	ftp.sra.ebi.ac.uk/vol1/fastq/SRR200/031/SRR20048431/SRR20048431.fastq.gz							F140		16S rRNA-Seq of gut microbiome		2023-07-15				GENERATED_FILE		
SRR20048435	PRJNA855571	SRP385559	SAMN29514462	SRS13753078	SRX16086987	SRA1451384	408170	human gut metagenome	ILLUMINA	Illumina MiSeq	F52		SINGLE	RNA-Seq	METAGENOMIC	PCR	89807	41419467	SUB11747641	2023-07-15	2023-07-24	Illumina MiSeq sequencing: 16S rRNA-Seq of gut microbiome	human metagenome Raw sequence reads	PRJNA855571	F52	F113.raw.fastq	3747913	99259a31788f5510c18e613fbc8729a4	ftp.sra.ebi.ac.uk/vol1/fastq/SRR200/035/SRR20048435/SRR20048435.fastq.gz	fasp.sra.ebi.ac.uk:/vol1/fastq/SRR200/035/SRR20048435/SRR20048435.fastq.gz	ftp.sra.ebi.ac.uk/vol1/fastq/SRR200/035/SRR20048435/SRR20048435.fastq.gz							F113		16S rRNA-Seq of gut microbiome		2023-07-15				GENERATED_FILE		
SRR20048611	PRJNA855571	SRP385559	SAMN29514566	SRS13752902	SRX16086811	SRA1451384	408170	human gut metagenome	ILLUMINA	Illumina MiSeq	F156		SINGLE	RNA-Seq	METAGENOMIC	PCR	106997	48267201	SUB11747641	2023-07-15	2023-07-27	Illumina MiSeq sequencing: 16S rRNA-Seq of gut microbiome	human metagenome Raw sequence reads	PRJNA855571	F156	A2F6.raw.fastq	5272611	4a5241f1b9f62150411ceeb1173b13e4	ftp.sra.ebi.ac.uk/vol1/fastq/SRR200/011/SRR20048611/SRR20048611.fastq.gz	fasp.sra.ebi.ac.uk:/vol1/fastq/SRR200/011/SRR20048611/SRR20048611.fastq.gz	ftp.sra.ebi.ac.uk/vol1/fastq/SRR200/011/SRR20048611/SRR20048611.fastq.gz							A2F6		16S rRNA-Seq of gut microbiome		2023-07-15				GENERATED_FILE		
SRR20048436	PRJNA855571	SRP385559	SAMN29514461	SRS13753077	SRX16086986	SRA1451384	408170	human gut metagenome	ILLUMINA	Illumina MiSeq	F51		SINGLE	RNA-Seq	METAGENOMIC	PCR	93209	42755881	SUB11747641	2023-07-15	2023-07-24	Illumina MiSeq sequencing: 16S rRNA-Seq of gut microbiome	human metagenome Raw sequence reads	PRJNA855571	F51	F112.raw.fastq	4142215	6f372df04dc214aba54934a6541b5f0e	ftp.sra.ebi.ac.uk/vol1/fastq/SRR200/036/SRR20048436/SRR20048436.fastq.gz	fasp.sra.ebi.ac.uk:/vol1/fastq/SRR200/036/SRR20048436/SRR20048436.fastq.gz	ftp.sra.ebi.ac.uk/vol1/fastq/SRR200/036/SRR20048436/SRR20048436.fastq.gz							F112		16S rRNA-Seq of gut microbiome		2023-07-15				GENERATED_FILE		
SRR20048615	PRJNA855571	SRP385559	SAMN29514562	SRS13752898	SRX16086807	SRA1451384	408170	human gut metagenome	ILLUMINA	Illumina MiSeq	F152		SINGLE	RNA-Seq	METAGENOMIC	PCR	94897	42855792	SUB11747641	2023-07-15	2023-07-24	Illumina MiSeq sequencing: 16S rRNA-Seq of gut microbiome	human metagenome Raw sequence reads	PRJNA855571	F152	A2F2.raw.fastq	4543833	6e4739764beb6f235e536b9663be5263	ftp.sra.ebi.ac.uk/vol1/fastq/SRR200/015/SRR20048615/SRR20048615.fastq.gz	fasp.sra.ebi.ac.uk:/vol1/fastq/SRR200/015/SRR20048615/SRR20048615.fastq.gz	ftp.sra.ebi.ac.uk/vol1/fastq/SRR200/015/SRR20048615/SRR20048615.fastq.gz							A2F2		16S rRNA-Seq of gut microbiome		2023-07-15				GENERATED_FILE		
SRR20048617	PRJNA855571	SRP385559	SAMN29514560	SRS13752896	SRX16086805	SRA1451384	408170	human gut metagenome	ILLUMINA	Illumina MiSeq	F150		SINGLE	RNA-Seq	METAGENOMIC	PCR	54283	24541275	SUB11747641	2023-07-15	2023-07-24	Illumina MiSeq sequencing: 16S rRNA-Seq of gut microbiome	human metagenome Raw sequence reads	PRJNA855571	F150	F177.raw.fastq	3156135	2ba6d101e1ebbd3faa0845b5cbc6c272	ftp.sra.ebi.ac.uk/vol1/fastq/SRR200/017/SRR20048617/SRR20048617.fastq.gz	fasp.sra.ebi.ac.uk:/vol1/fastq/SRR200/017/SRR20048617/SRR20048617.fastq.gz	ftp.sra.ebi.ac.uk/vol1/fastq/SRR200/017/SRR20048617/SRR20048617.fastq.gz							F177		16S rRNA-Seq of gut microbiome		2023-07-15				GENERATED_FILE		
SRR20048437	PRJNA855571	SRP385559	SAMN29514460	SRS13753076	SRX16086985	SRA1451384	408170	human gut metagenome	ILLUMINA	Illumina MiSeq	F50		SINGLE	RNA-Seq	METAGENOMIC	PCR	98403	45015898	SUB11747641	2023-07-15	2023-07-24	Illumina MiSeq sequencing: 16S rRNA-Seq of gut microbiome	human metagenome Raw sequence reads	PRJNA855571	F50	F105.raw.fastq	4857798	155062838ccd39ed1c6bed240e386ed3	ftp.sra.ebi.ac.uk/vol1/fastq/SRR200/037/SRR20048437/SRR20048437.fastq.gz	fasp.sra.ebi.ac.uk:/vol1/fastq/SRR200/037/SRR20048437/SRR20048437.fastq.gz	ftp.sra.ebi.ac.uk/vol1/fastq/SRR200/037/SRR20048437/SRR20048437.fastq.gz							F105		16S rRNA-Seq of gut microbiome		2023-07-15				GENERATED_FILE		
SRR20048439	PRJNA855571	SRP385559	SAMN29514459	SRS13753074	SRX16086983	SRA1451384	408170	human gut metagenome	ILLUMINA	Illumina MiSeq	F49		SINGLE	RNA-Seq	METAGENOMIC	PCR	110681	51461345	SUB11747641	2023-07-15	2023-07-24	Illumina MiSeq sequencing: 16S rRNA-Seq of gut microbiome	human metagenome Raw sequence reads	PRJNA855571	F49	F87.raw.fastq	4437850	2ed1ef631d408d52d147c750d42a8fa2	ftp.sra.ebi.ac.uk/vol1/fastq/SRR200/039/SRR20048439/SRR20048439.fastq.gz	fasp.sra.ebi.ac.uk:/vol1/fastq/SRR200/039/SRR20048439/SRR20048439.fastq.gz	ftp.sra.ebi.ac.uk/vol1/fastq/SRR200/039/SRR20048439/SRR20048439.fastq.gz							F87		16S rRNA-Seq of gut microbiome		2023-07-15				GENERATED_FILE		
SRR20048443	PRJNA855571	SRP385559	SAMN29514455	SRS13753070	SRX16086979	SRA1451384	408170	human gut metagenome	ILLUMINA	Illumina MiSeq	F45		SINGLE	RNA-Seq	METAGENOMIC	PCR	64898	29064745	SUB11747641	2023-07-15	2023-07-27	Illumina MiSeq sequencing: 16S rRNA-Seq of gut microbiome	human metagenome Raw sequence reads	PRJNA855571	F45	F41.raw.fastq	3457228	fafda6e99d69b15dd331fb7f6e0e914c	ftp.sra.ebi.ac.uk/vol1/fastq/SRR200/043/SRR20048443/SRR20048443.fastq.gz	fasp.sra.ebi.ac.uk:/vol1/fastq/SRR200/043/SRR20048443/SRR20048443.fastq.gz	ftp.sra.ebi.ac.uk/vol1/fastq/SRR200/043/SRR20048443/SRR20048443.fastq.gz							F41		16S rRNA-Seq of gut microbiome		2023-07-15				GENERATED_FILE		
SRR20048444	PRJNA855571	SRP385559	SAMN29514454	SRS13753069	SRX16086978	SRA1451384	408170	human gut metagenome	ILLUMINA	Illumina MiSeq	F44		SINGLE	RNA-Seq	METAGENOMIC	PCR	107877	49379631	SUB11747641	2023-07-15	2023-07-24	Illumina MiSeq sequencing: 16S rRNA-Seq of gut microbiome	human metagenome Raw sequence reads	PRJNA855571	F44	F36.raw.fastq	4608117	a6674136bd980013eb82049cebf934b2	ftp.sra.ebi.ac.uk/vol1/fastq/SRR200/044/SRR20048444/SRR20048444.fastq.gz	fasp.sra.ebi.ac.uk:/vol1/fastq/SRR200/044/SRR20048444/SRR20048444.fastq.gz	ftp.sra.ebi.ac.uk/vol1/fastq/SRR200/044/SRR20048444/SRR20048444.fastq.gz							F36		16S rRNA-Seq of gut microbiome		2023-07-15				GENERATED_FILE		
SRR20048456	PRJNA855571	SRP385559	SAMN29514443	SRS13753057	SRX16086966	SRA1451384	408170	human gut metagenome	ILLUMINA	Illumina MiSeq	F33		SINGLE	RNA-Seq	METAGENOMIC	PCR	36228	16403174	SUB11747641	2023-07-15	2023-07-24	Illumina MiSeq sequencing: 16S rRNA-Seq of gut microbiome	human metagenome Raw sequence reads	PRJNA855571	F33	NF33.raw.fastq	1679351	42abe27cb1803aa24d9743e3b51a6997	ftp.sra.ebi.ac.uk/vol1/fastq/SRR200/056/SRR20048456/SRR20048456.fastq.gz	fasp.sra.ebi.ac.uk:/vol1/fastq/SRR200/056/SRR20048456/SRR20048456.fastq.gz	ftp.sra.ebi.ac.uk/vol1/fastq/SRR200/056/SRR20048456/SRR20048456.fastq.gz							NCF33		16S rRNA-Seq of gut microbiome		2023-07-15				GENERATED_FILE		
SRR20048462	PRJNA855571	SRP385559	SAMN29514439	SRS13753051	SRX16086960	SRA1451384	408170	human gut metagenome	ILLUMINA	Illumina MiSeq	F29		SINGLE	RNA-Seq	METAGENOMIC	PCR	119107	54376058	SUB11747641	2023-07-15	2023-07-24	Illumina MiSeq sequencing: 16S rRNA-Seq of gut microbiome	human metagenome Raw sequence reads	PRJNA855571	F29	NF29.raw.fastq	4953038	cfc15a8f765b3fad2c33ef85feaec5f4	ftp.sra.ebi.ac.uk/vol1/fastq/SRR200/062/SRR20048462/SRR20048462.fastq.gz	fasp.sra.ebi.ac.uk:/vol1/fastq/SRR200/062/SRR20048462/SRR20048462.fastq.gz	ftp.sra.ebi.ac.uk/vol1/fastq/SRR200/062/SRR20048462/SRR20048462.fastq.gz							NCF29		16S rRNA-Seq of gut microbiome		2023-07-15				GENERATED_FILE		
SRR20048465	PRJNA855571	SRP385559	SAMN29514436	SRS13753048	SRX16086957	SRA1451384	408170	human gut metagenome	ILLUMINA	Illumina MiSeq	F26		SINGLE	RNA-Seq	METAGENOMIC	PCR	65719	30503040	SUB11747641	2023-07-15	2023-07-24	Illumina MiSeq sequencing: 16S rRNA-Seq of gut microbiome	human metagenome Raw sequence reads	PRJNA855571	F26	NF26.raw.fastq	2941380	75a13ec3eed0b5241919a69fc6b37232	ftp.sra.ebi.ac.uk/vol1/fastq/SRR200/065/SRR20048465/SRR20048465.fastq.gz	fasp.sra.ebi.ac.uk:/vol1/fastq/SRR200/065/SRR20048465/SRR20048465.fastq.gz	ftp.sra.ebi.ac.uk/vol1/fastq/SRR200/065/SRR20048465/SRR20048465.fastq.gz							NCF26		16S rRNA-Seq of gut microbiome		2023-07-15				GENERATED_FILE		
SRR20048466	PRJNA855571	SRP385559	SAMN29514435	SRS13753047	SRX16086956	SRA1451384	408170	human gut metagenome	ILLUMINA	Illumina MiSeq	F25		SINGLE	RNA-Seq	METAGENOMIC	PCR	51971	24097190	SUB11747641	2023-07-15	2023-07-25	Illumina MiSeq sequencing: 16S rRNA-Seq of gut microbiome	human metagenome Raw sequence reads	PRJNA855571	F25	NF25.raw.fastq	2120542	b94a8730ebd428c53bde737a2b51ce84	ftp.sra.ebi.ac.uk/vol1/fastq/SRR200/066/SRR20048466/SRR20048466.fastq.gz	fasp.sra.ebi.ac.uk:/vol1/fastq/SRR200/066/SRR20048466/SRR20048466.fastq.gz	ftp.sra.ebi.ac.uk/vol1/fastq/SRR200/066/SRR20048466/SRR20048466.fastq.gz							NCF25		16S rRNA-Seq of gut microbiome		2023-07-15				GENERATED_FILE		
SRR20048467	PRJNA855571	SRP385559	SAMN29514434	SRS13753045	SRX16086955	SRA1451384	408170	human gut metagenome	ILLUMINA	Illumina MiSeq	F24		SINGLE	RNA-Seq	METAGENOMIC	PCR	68439	30420500	SUB11747641	2023-07-15	2023-07-24	Illumina MiSeq sequencing: 16S rRNA-Seq of gut microbiome	human metagenome Raw sequence reads	PRJNA855571	F24	NF24.raw.fastq	3790932	dcc390e2e34112ef9e8596ec4182d3f0	ftp.sra.ebi.ac.uk/vol1/fastq/SRR200/067/SRR20048467/SRR20048467.fastq.gz	fasp.sra.ebi.ac.uk:/vol1/fastq/SRR200/067/SRR20048467/SRR20048467.fastq.gz	ftp.sra.ebi.ac.uk/vol1/fastq/SRR200/067/SRR20048467/SRR20048467.fastq.gz							NCF24		16S rRNA-Seq of gut microbiome		2023-07-15				GENERATED_FILE		
SRR20048469	PRJNA855571	SRP385559	SAMN29514432	SRS13753044	SRX16086953	SRA1451384	408170	human gut metagenome	ILLUMINA	Illumina MiSeq	F22		SINGLE	RNA-Seq	METAGENOMIC	PCR	87300	39995354	SUB11747641	2023-07-15	2023-07-24	Illumina MiSeq sequencing: 16S rRNA-Seq of gut microbiome	human metagenome Raw sequence reads	PRJNA855571	F22	NF22.raw.fastq	5106035	a0c74dc567be4b9cd4398c65cbc54cbc	ftp.sra.ebi.ac.uk/vol1/fastq/SRR200/069/SRR20048469/SRR20048469.fastq.gz	fasp.sra.ebi.ac.uk:/vol1/fastq/SRR200/069/SRR20048469/SRR20048469.fastq.gz	ftp.sra.ebi.ac.uk/vol1/fastq/SRR200/069/SRR20048469/SRR20048469.fastq.gz							NCF22		16S rRNA-Seq of gut microbiome		2023-07-15				GENERATED_FILE		
SRR20048471	PRJNA855571	SRP385559	SAMN29514430	SRS13753041	SRX16086951	SRA1451384	408170	human gut metagenome	ILLUMINA	Illumina MiSeq	F20		SINGLE	RNA-Seq	METAGENOMIC	PCR	60842	27760473	SUB11747641	2023-07-15	2023-07-24	Illumina MiSeq sequencing: 16S rRNA-Seq of gut microbiome	human metagenome Raw sequence reads	PRJNA855571	F20	NF20.raw.fastq	2639033	ae66deac629d40958720007243daf2dc	ftp.sra.ebi.ac.uk/vol1/fastq/SRR200/071/SRR20048471/SRR20048471.fastq.gz	fasp.sra.ebi.ac.uk:/vol1/fastq/SRR200/071/SRR20048471/SRR20048471.fastq.gz	ftp.sra.ebi.ac.uk/vol1/fastq/SRR200/071/SRR20048471/SRR20048471.fastq.gz							NCF20		16S rRNA-Seq of gut microbiome		2023-07-15				GENERATED_FILE		
SRR20048475	PRJNA855571	SRP385559	SAMN29514427	SRS13753038	SRX16086947	SRA1451384	408170	human gut metagenome	ILLUMINA	Illumina MiSeq	F17		SINGLE	RNA-Seq	METAGENOMIC	PCR	58341	26668196	SUB11747641	2023-07-15	2023-07-24	Illumina MiSeq sequencing: 16S rRNA-Seq of gut microbiome	human metagenome Raw sequence reads	PRJNA855571	F17	NF17.raw.fastq	2871915	13ca13165f2537c6f70a6fbadec25e7f	ftp.sra.ebi.ac.uk/vol1/fastq/SRR200/075/SRR20048475/SRR20048475.fastq.gz	fasp.sra.ebi.ac.uk:/vol1/fastq/SRR200/075/SRR20048475/SRR20048475.fastq.gz	ftp.sra.ebi.ac.uk/vol1/fastq/SRR200/075/SRR20048475/SRR20048475.fastq.gz							NCF17		16S rRNA-Seq of gut microbiome		2023-07-15				GENERATED_FILE		
SRR20048479	PRJNA855571	SRP385559	SAMN29514423	SRS13753034	SRX16086943	SRA1451384	408170	human gut metagenome	ILLUMINA	Illumina MiSeq	F13		SINGLE	RNA-Seq	METAGENOMIC	PCR	47662	21573061	SUB11747641	2023-07-15	2023-07-24	Illumina MiSeq sequencing: 16S rRNA-Seq of gut microbiome	human metagenome Raw sequence reads	PRJNA855571	F13	NF13.raw.fastq	2716906	2b341bc3650279ff1a5377bfabff8088	ftp.sra.ebi.ac.uk/vol1/fastq/SRR200/079/SRR20048479/SRR20048479.fastq.gz	fasp.sra.ebi.ac.uk:/vol1/fastq/SRR200/079/SRR20048479/SRR20048479.fastq.gz	ftp.sra.ebi.ac.uk/vol1/fastq/SRR200/079/SRR20048479/SRR20048479.fastq.gz							NCF13		16S rRNA-Seq of gut microbiome		2023-07-15				GENERATED_FILE		
SRR20048480	PRJNA855571	SRP385559	SAMN29514422	SRS13753033	SRX16086942	SRA1451384	408170	human gut metagenome	ILLUMINA	Illumina MiSeq	F12		SINGLE	RNA-Seq	METAGENOMIC	PCR	83163	38115116	SUB11747641	2023-07-15	2023-07-25	Illumina MiSeq sequencing: 16S rRNA-Seq of gut microbiome	human metagenome Raw sequence reads	PRJNA855571	F12	NF12.raw.fastq	4155076	d5e1bdf94b9d2f46f85dc4c67f4dbacc	ftp.sra.ebi.ac.uk/vol1/fastq/SRR200/080/SRR20048480/SRR20048480.fastq.gz	fasp.sra.ebi.ac.uk:/vol1/fastq/SRR200/080/SRR20048480/SRR20048480.fastq.gz	ftp.sra.ebi.ac.uk/vol1/fastq/SRR200/080/SRR20048480/SRR20048480.fastq.gz							NCF12		16S rRNA-Seq of gut microbiome		2023-07-15				GENERATED_FILE		
SRR20048486	PRJNA855571	SRP385559	SAMN29514417	SRS13753027	SRX16086936	SRA1451384	408170	human gut metagenome	ILLUMINA	Illumina MiSeq	F7		SINGLE	RNA-Seq	METAGENOMIC	PCR	82654	37077992	SUB11747641	2023-07-15	2023-07-24	Illumina MiSeq sequencing: 16S rRNA-Seq of gut microbiome	human metagenome Raw sequence reads	PRJNA855571	F7	NF7.raw.fastq	4273271	b48e2102d97c0aababc7bb84a5690fab	ftp.sra.ebi.ac.uk/vol1/fastq/SRR200/086/SRR20048486/SRR20048486.fastq.gz	fasp.sra.ebi.ac.uk:/vol1/fastq/SRR200/086/SRR20048486/SRR20048486.fastq.gz	ftp.sra.ebi.ac.uk/vol1/fastq/SRR200/086/SRR20048486/SRR20048486.fastq.gz							NCF7		16S rRNA-Seq of gut microbiome		2023-07-15				GENERATED_FILE		
SRR20048487	PRJNA855571	SRP385559	SAMN29514416	SRS13753026	SRX16086935	SRA1451384	408170	human gut metagenome	ILLUMINA	Illumina MiSeq	F6		SINGLE	RNA-Seq	METAGENOMIC	PCR	63602	29505924	SUB11747641	2023-07-15	2023-07-25	Illumina MiSeq sequencing: 16S rRNA-Seq of gut microbiome	human metagenome Raw sequence reads	PRJNA855571	F6	NF6.raw.fastq	2505698	39aed43a12f2150c9eee7105a97b4b20	ftp.sra.ebi.ac.uk/vol1/fastq/SRR200/087/SRR20048487/SRR20048487.fastq.gz	fasp.sra.ebi.ac.uk:/vol1/fastq/SRR200/087/SRR20048487/SRR20048487.fastq.gz	ftp.sra.ebi.ac.uk/vol1/fastq/SRR200/087/SRR20048487/SRR20048487.fastq.gz							NCF6		16S rRNA-Seq of gut microbiome		2023-07-15				GENERATED_FILE		
SRR20048489	PRJNA855571	SRP385559	SAMN29514414	SRS13753024	SRX16086933	SRA1451384	408170	human gut metagenome	ILLUMINA	Illumina MiSeq	F4		SINGLE	RNA-Seq	METAGENOMIC	PCR	67926	30475774	SUB11747641	2023-07-15	2023-07-24	Illumina MiSeq sequencing: 16S rRNA-Seq of gut microbiome	human metagenome Raw sequence reads	PRJNA855571	F4	NF4.raw.fastq	3771984	eea834a357b55d68b6690c7b71b6500d	ftp.sra.ebi.ac.uk/vol1/fastq/SRR200/089/SRR20048489/SRR20048489.fastq.gz	fasp.sra.ebi.ac.uk:/vol1/fastq/SRR200/089/SRR20048489/SRR20048489.fastq.gz	ftp.sra.ebi.ac.uk/vol1/fastq/SRR200/089/SRR20048489/SRR20048489.fastq.gz							NCF4		16S rRNA-Seq of gut microbiome		2023-07-15				GENERATED_FILE		
SRR20048603	PRJNA855571	SRP385559	SAMN29514573	SRS13752910	SRX16086819	SRA1451384	408170	human gut metagenome	ILLUMINA	Illumina MiSeq	F163		SINGLE	RNA-Seq	METAGENOMIC	PCR	87001	39263447	SUB11747641	2023-07-15	2023-07-24	Illumina MiSeq sequencing: 16S rRNA-Seq of gut microbiome	human metagenome Raw sequence reads	PRJNA855571	F163	A2F13.raw.fastq	4725131	2b3d20d3ea86a80371190b8aa3c9fecb	ftp.sra.ebi.ac.uk/vol1/fastq/SRR200/003/SRR20048603/SRR20048603.fastq.gz	fasp.sra.ebi.ac.uk:/vol1/fastq/SRR200/003/SRR20048603/SRR20048603.fastq.gz	ftp.sra.ebi.ac.uk/vol1/fastq/SRR200/003/SRR20048603/SRR20048603.fastq.gz							A2F13		16S rRNA-Seq of gut microbiome		2023-07-15				GENERATED_FILE		
SRR20048606	PRJNA855571	SRP385559	SAMN29514570	SRS13752907	SRX16086816	SRA1451384	408170	human gut metagenome	ILLUMINA	Illumina MiSeq	F160		SINGLE	RNA-Seq	METAGENOMIC	PCR	107459	48878500	SUB11747641	2023-07-15	2023-07-24	Illumina MiSeq sequencing: 16S rRNA-Seq of gut microbiome	human metagenome Raw sequence reads	PRJNA855571	F160	A2F10.raw.fastq	6159047	f561490c8d8fbb342ecc82247ebec28b	ftp.sra.ebi.ac.uk/vol1/fastq/SRR200/006/SRR20048606/SRR20048606.fastq.gz	fasp.sra.ebi.ac.uk:/vol1/fastq/SRR200/006/SRR20048606/SRR20048606.fastq.gz	ftp.sra.ebi.ac.uk/vol1/fastq/SRR200/006/SRR20048606/SRR20048606.fastq.gz							A2F10		16S rRNA-Seq of gut microbiome		2023-07-15				GENERATED_FILE		
SRR20048612	PRJNA855571	SRP385559	SAMN29514565	SRS13752901	SRX16086810	SRA1451384	408170	human gut metagenome	ILLUMINA	Illumina MiSeq	F155		SINGLE	RNA-Seq	METAGENOMIC	PCR	67230	31094480	SUB11747641	2023-07-15	2023-07-24	Illumina MiSeq sequencing: 16S rRNA-Seq of gut microbiome	human metagenome Raw sequence reads	PRJNA855571	F155	A2F5.raw.fastq	2980832	2fb4386cb8ae3b62d876cecc7f5fe8a2	ftp.sra.ebi.ac.uk/vol1/fastq/SRR200/012/SRR20048612/SRR20048612.fastq.gz	fasp.sra.ebi.ac.uk:/vol1/fastq/SRR200/012/SRR20048612/SRR20048612.fastq.gz	ftp.sra.ebi.ac.uk/vol1/fastq/SRR200/012/SRR20048612/SRR20048612.fastq.gz							A2F5		16S rRNA-Seq of gut microbiome		2023-07-15				GENERATED_FILE		
SRR20048613	PRJNA855571	SRP385559	SAMN29514564	SRS13752900	SRX16086809	SRA1451384	408170	human gut metagenome	ILLUMINA	Illumina MiSeq	F154		SINGLE	RNA-Seq	METAGENOMIC	PCR	94451	42666432	SUB11747641	2023-07-15	2023-07-27	Illumina MiSeq sequencing: 16S rRNA-Seq of gut microbiome	human metagenome Raw sequence reads	PRJNA855571	F154	A2F4.raw.fastq	4360308	bf9bc22f923f5a8a4bd84c4493c257c3	ftp.sra.ebi.ac.uk/vol1/fastq/SRR200/013/SRR20048613/SRR20048613.fastq.gz	fasp.sra.ebi.ac.uk:/vol1/fastq/SRR200/013/SRR20048613/SRR20048613.fastq.gz	ftp.sra.ebi.ac.uk/vol1/fastq/SRR200/013/SRR20048613/SRR20048613.fastq.gz							A2F4		16S rRNA-Seq of gut microbiome		2023-07-15				GENERATED_FILE		
