run_accession	study_accession	secondary_study_accession	sample_accession	secondary_sample_accession	experiment_accession	submission_accession	tax_id	scientific_name	instrument_platform	instrument_model	library_name	nominal_length	library_layout	library_strategy	library_source	library_selection	read_count	base_count	center_name	first_public	last_updated	experiment_title	study_title	study_alias	experiment_alias	run_alias	fastq_bytes	fastq_md5	fastq_ftp	fastq_aspera	fastq_galaxy	submitted_bytes	submitted_md5	submitted_ftp	submitted_aspera	submitted_galaxy	submitted_format	sample_alias	broker_name	sample_title	nominal_sdev	first_created	bam_ftp	bam_bytes	bam_md5	fastq_file_role	submitted_file_role	bam_file_role
SRR11825860	PRJNA633959	SRP262626	SAMN14978585	SRS6691128	SRX8376567	SRA1078023	408170	human gut metagenome	ILLUMINA	Illumina MiSeq	C35.fq		PAIRED	AMPLICON	METAGENOMIC	PCR	47578	28356488	SUB7461200	2020-05-22	2020-05-22	Illumina MiSeq sequencing: Metagenome or environmental sample from human gut metagenome	Altered fecal microbiota in Chinese patients with AD	PRJNA633959	C35.fq	C35.R1.fq.gz	5221643;7108812	1038653d18b221533558928412a69678;e90008344db8d8045c467e407c69317b	ftp.sra.ebi.ac.uk/vol1/fastq/SRR118/060/SRR11825860/SRR11825860_1.fastq.gz;ftp.sra.ebi.ac.uk/vol1/fastq/SRR118/060/SRR11825860/SRR11825860_2.fastq.gz	fasp.sra.ebi.ac.uk:/vol1/fastq/SRR118/060/SRR11825860/SRR11825860_1.fastq.gz;fasp.sra.ebi.ac.uk:/vol1/fastq/SRR118/060/SRR11825860/SRR11825860_2.fastq.gz	ftp.sra.ebi.ac.uk/vol1/fastq/SRR118/060/SRR11825860/SRR11825860_1.fastq.gz;ftp.sra.ebi.ac.uk/vol1/fastq/SRR118/060/SRR11825860/SRR11825860_2.fastq.gz							LZX-AD		Metagenome or environmental sample from human gut metagenome		2020-05-22				GENERATED_FILE;GENERATED_FILE		
SRR11825858	PRJNA633959	SRP262626	SAMN14978585	SRS6691128	SRX8376569	SRA1078023	408170	human gut metagenome	ILLUMINA	Illumina MiSeq	C39.fq		PAIRED	AMPLICON	METAGENOMIC	PCR	53521	31577390	SUB7461200	2020-05-22	2020-05-22	Illumina MiSeq sequencing: Metagenome or environmental sample from human gut metagenome	Altered fecal microbiota in Chinese patients with AD	PRJNA633959	C39.fq	C39.R1.fq.gz	5551896;8073135	9da3f5492d1a6ddc8568a7516d32fd59;011aa38fb20833b5661955675b6d371b	ftp.sra.ebi.ac.uk/vol1/fastq/SRR118/058/SRR11825858/SRR11825858_1.fastq.gz;ftp.sra.ebi.ac.uk/vol1/fastq/SRR118/058/SRR11825858/SRR11825858_2.fastq.gz	fasp.sra.ebi.ac.uk:/vol1/fastq/SRR118/058/SRR11825858/SRR11825858_1.fastq.gz;fasp.sra.ebi.ac.uk:/vol1/fastq/SRR118/058/SRR11825858/SRR11825858_2.fastq.gz	ftp.sra.ebi.ac.uk/vol1/fastq/SRR118/058/SRR11825858/SRR11825858_1.fastq.gz;ftp.sra.ebi.ac.uk/vol1/fastq/SRR118/058/SRR11825858/SRR11825858_2.fastq.gz							LZX-AD		Metagenome or environmental sample from human gut metagenome		2020-05-22				GENERATED_FILE;GENERATED_FILE		
SRR11825859	PRJNA633959	SRP262626	SAMN14978585	SRS6691128	SRX8376568	SRA1078023	408170	human gut metagenome	ILLUMINA	Illumina MiSeq	C36.fq		PAIRED	AMPLICON	METAGENOMIC	PCR	48612	28875528	SUB7461200	2020-05-22	2020-05-22	Illumina MiSeq sequencing: Metagenome or environmental sample from human gut metagenome	Altered fecal microbiota in Chinese patients with AD	PRJNA633959	C36.fq	C36.R1.fq.gz	4645421;7099300	e2d41fa569424b75ae3ce7d864e93238;a1cd9c3bd436a5d674e553c67a83154d	ftp.sra.ebi.ac.uk/vol1/fastq/SRR118/059/SRR11825859/SRR11825859_1.fastq.gz;ftp.sra.ebi.ac.uk/vol1/fastq/SRR118/059/SRR11825859/SRR11825859_2.fastq.gz	fasp.sra.ebi.ac.uk:/vol1/fastq/SRR118/059/SRR11825859/SRR11825859_1.fastq.gz;fasp.sra.ebi.ac.uk:/vol1/fastq/SRR118/059/SRR11825859/SRR11825859_2.fastq.gz	ftp.sra.ebi.ac.uk/vol1/fastq/SRR118/059/SRR11825859/SRR11825859_1.fastq.gz;ftp.sra.ebi.ac.uk/vol1/fastq/SRR118/059/SRR11825859/SRR11825859_2.fastq.gz							LZX-AD		Metagenome or environmental sample from human gut metagenome		2020-05-22				GENERATED_FILE;GENERATED_FILE		
SRR11825861	PRJNA633959	SRP262626	SAMN14978585	SRS6691128	SRX8376566	SRA1078023	408170	human gut metagenome	ILLUMINA	Illumina MiSeq	C34.fq		PAIRED	AMPLICON	METAGENOMIC	PCR	67466	40412134	SUB7461200	2020-05-22	2020-05-22	Illumina MiSeq sequencing: Metagenome or environmental sample from human gut metagenome	Altered fecal microbiota in Chinese patients with AD	PRJNA633959	C34.fq	C34.R1.fq.gz	6729639;10024390	db54123a31bef72732bc61f3b3de2b24;be8e3222518ac431cb061b81eb8dea45	ftp.sra.ebi.ac.uk/vol1/fastq/SRR118/061/SRR11825861/SRR11825861_1.fastq.gz;ftp.sra.ebi.ac.uk/vol1/fastq/SRR118/061/SRR11825861/SRR11825861_2.fastq.gz	fasp.sra.ebi.ac.uk:/vol1/fastq/SRR118/061/SRR11825861/SRR11825861_1.fastq.gz;fasp.sra.ebi.ac.uk:/vol1/fastq/SRR118/061/SRR11825861/SRR11825861_2.fastq.gz	ftp.sra.ebi.ac.uk/vol1/fastq/SRR118/061/SRR11825861/SRR11825861_1.fastq.gz;ftp.sra.ebi.ac.uk/vol1/fastq/SRR118/061/SRR11825861/SRR11825861_2.fastq.gz							LZX-AD		Metagenome or environmental sample from human gut metagenome		2020-05-22				GENERATED_FILE;GENERATED_FILE		
SRR11825863	PRJNA633959	SRP262626	SAMN14978585	SRS6691128	SRX8376564	SRA1078023	408170	human gut metagenome	ILLUMINA	Illumina MiSeq	C33.fq		PAIRED	AMPLICON	METAGENOMIC	PCR	47613	28091670	SUB7461200	2020-05-22	2020-05-22	Illumina MiSeq sequencing: Metagenome or environmental sample from human gut metagenome	Altered fecal microbiota in Chinese patients with AD	PRJNA633959	C33.fq	C33.R1.fq.gz	5009244;7380102	2309386a9a8c560d121675eba5b5333e;fc7e03bf27a398349e63d991101e8d06	ftp.sra.ebi.ac.uk/vol1/fastq/SRR118/063/SRR11825863/SRR11825863_1.fastq.gz;ftp.sra.ebi.ac.uk/vol1/fastq/SRR118/063/SRR11825863/SRR11825863_2.fastq.gz	fasp.sra.ebi.ac.uk:/vol1/fastq/SRR118/063/SRR11825863/SRR11825863_1.fastq.gz;fasp.sra.ebi.ac.uk:/vol1/fastq/SRR118/063/SRR11825863/SRR11825863_2.fastq.gz	ftp.sra.ebi.ac.uk/vol1/fastq/SRR118/063/SRR11825863/SRR11825863_1.fastq.gz;ftp.sra.ebi.ac.uk/vol1/fastq/SRR118/063/SRR11825863/SRR11825863_2.fastq.gz							LZX-AD		Metagenome or environmental sample from human gut metagenome		2020-05-22				GENERATED_FILE;GENERATED_FILE		
SRR11825862	PRJNA633959	SRP262626	SAMN14978585	SRS6691128	SRX8376565	SRA1078023	408170	human gut metagenome	ILLUMINA	Illumina MiSeq	AD18.fq		PAIRED	AMPLICON	METAGENOMIC	PCR	40157	23853258	SUB7461200	2020-05-22	2020-05-22	Illumina MiSeq sequencing: Metagenome or environmental sample from human gut metagenome	Altered fecal microbiota in Chinese patients with AD	PRJNA633959	AD18.fq	AD18.R1.fq.gz	4449347;6530517	cc63c91f79efbd398307c6bb0a349de8;f23d1e649ceb8efaeacab9261131fa0d	ftp.sra.ebi.ac.uk/vol1/fastq/SRR118/062/SRR11825862/SRR11825862_1.fastq.gz;ftp.sra.ebi.ac.uk/vol1/fastq/SRR118/062/SRR11825862/SRR11825862_2.fastq.gz	fasp.sra.ebi.ac.uk:/vol1/fastq/SRR118/062/SRR11825862/SRR11825862_1.fastq.gz;fasp.sra.ebi.ac.uk:/vol1/fastq/SRR118/062/SRR11825862/SRR11825862_2.fastq.gz	ftp.sra.ebi.ac.uk/vol1/fastq/SRR118/062/SRR11825862/SRR11825862_1.fastq.gz;ftp.sra.ebi.ac.uk/vol1/fastq/SRR118/062/SRR11825862/SRR11825862_2.fastq.gz							LZX-AD		Metagenome or environmental sample from human gut metagenome		2020-05-22				GENERATED_FILE;GENERATED_FILE		
SRR11825865	PRJNA633959	SRP262626	SAMN14978585	SRS6691128	SRX8376562	SRA1078023	408170	human gut metagenome	ILLUMINA	Illumina MiSeq	C31.fq		PAIRED	AMPLICON	METAGENOMIC	PCR	42257	25185172	SUB7461200	2020-05-22	2020-05-22	Illumina MiSeq sequencing: Metagenome or environmental sample from human gut metagenome	Altered fecal microbiota in Chinese patients with AD	PRJNA633959	C31.fq	C31.R1.fq.gz	4454727;6204362	497e185418185636897b924fdac5c450;040b73fd72032dba602013782f473f3f	ftp.sra.ebi.ac.uk/vol1/fastq/SRR118/065/SRR11825865/SRR11825865_1.fastq.gz;ftp.sra.ebi.ac.uk/vol1/fastq/SRR118/065/SRR11825865/SRR11825865_2.fastq.gz	fasp.sra.ebi.ac.uk:/vol1/fastq/SRR118/065/SRR11825865/SRR11825865_1.fastq.gz;fasp.sra.ebi.ac.uk:/vol1/fastq/SRR118/065/SRR11825865/SRR11825865_2.fastq.gz	ftp.sra.ebi.ac.uk/vol1/fastq/SRR118/065/SRR11825865/SRR11825865_1.fastq.gz;ftp.sra.ebi.ac.uk/vol1/fastq/SRR118/065/SRR11825865/SRR11825865_2.fastq.gz							LZX-AD		Metagenome or environmental sample from human gut metagenome		2020-05-22				GENERATED_FILE;GENERATED_FILE		
SRR11825864	PRJNA633959	SRP262626	SAMN14978585	SRS6691128	SRX8376563	SRA1078023	408170	human gut metagenome	ILLUMINA	Illumina MiSeq	C32.fq		PAIRED	AMPLICON	METAGENOMIC	PCR	44551	26463294	SUB7461200	2020-05-22	2020-05-22	Illumina MiSeq sequencing: Metagenome or environmental sample from human gut metagenome	Altered fecal microbiota in Chinese patients with AD	PRJNA633959	C32.fq	C32.R1.fq.gz	4752042;6997047	aa951198c535a6352e034c9d4a44d512;a642de881a0ad6e61fe6356587a7e499	ftp.sra.ebi.ac.uk/vol1/fastq/SRR118/064/SRR11825864/SRR11825864_1.fastq.gz;ftp.sra.ebi.ac.uk/vol1/fastq/SRR118/064/SRR11825864/SRR11825864_2.fastq.gz	fasp.sra.ebi.ac.uk:/vol1/fastq/SRR118/064/SRR11825864/SRR11825864_1.fastq.gz;fasp.sra.ebi.ac.uk:/vol1/fastq/SRR118/064/SRR11825864/SRR11825864_2.fastq.gz	ftp.sra.ebi.ac.uk/vol1/fastq/SRR118/064/SRR11825864/SRR11825864_1.fastq.gz;ftp.sra.ebi.ac.uk/vol1/fastq/SRR118/064/SRR11825864/SRR11825864_2.fastq.gz							LZX-AD		Metagenome or environmental sample from human gut metagenome		2020-05-22				GENERATED_FILE;GENERATED_FILE		
SRR11825870	PRJNA633959	SRP262626	SAMN14978585	SRS6691128	SRX8376557	SRA1078023	408170	human gut metagenome	ILLUMINA	Illumina MiSeq	C26.fq		PAIRED	AMPLICON	METAGENOMIC	PCR	53923	32299877	SUB7461200	2020-05-22	2020-05-22	Illumina MiSeq sequencing: Metagenome or environmental sample from human gut metagenome	Altered fecal microbiota in Chinese patients with AD	PRJNA633959	C26.fq	C26.R1.fq.gz	5681228;8399533	94ec6a587eac334d943cb9b4e0b570ee;0abfd5a4b97f6dee7248e822ccda0dba	ftp.sra.ebi.ac.uk/vol1/fastq/SRR118/070/SRR11825870/SRR11825870_1.fastq.gz;ftp.sra.ebi.ac.uk/vol1/fastq/SRR118/070/SRR11825870/SRR11825870_2.fastq.gz	fasp.sra.ebi.ac.uk:/vol1/fastq/SRR118/070/SRR11825870/SRR11825870_1.fastq.gz;fasp.sra.ebi.ac.uk:/vol1/fastq/SRR118/070/SRR11825870/SRR11825870_2.fastq.gz	ftp.sra.ebi.ac.uk/vol1/fastq/SRR118/070/SRR11825870/SRR11825870_1.fastq.gz;ftp.sra.ebi.ac.uk/vol1/fastq/SRR118/070/SRR11825870/SRR11825870_2.fastq.gz							LZX-AD		Metagenome or environmental sample from human gut metagenome		2020-05-22				GENERATED_FILE;GENERATED_FILE		
SRR11825868	PRJNA633959	SRP262626	SAMN14978585	SRS6691128	SRX8376559	SRA1078023	408170	human gut metagenome	ILLUMINA	Illumina MiSeq	C28.fq		PAIRED	AMPLICON	METAGENOMIC	PCR	51131	30371814	SUB7461200	2020-05-22	2020-05-22	Illumina MiSeq sequencing: Metagenome or environmental sample from human gut metagenome	Altered fecal microbiota in Chinese patients with AD	PRJNA633959	C28.fq	C28.R1.fq.gz	5505279;8013012	d6c19bd8dca3ac58297f69af6f663882;881205b671bcc479d463517046777ed3	ftp.sra.ebi.ac.uk/vol1/fastq/SRR118/068/SRR11825868/SRR11825868_1.fastq.gz;ftp.sra.ebi.ac.uk/vol1/fastq/SRR118/068/SRR11825868/SRR11825868_2.fastq.gz	fasp.sra.ebi.ac.uk:/vol1/fastq/SRR118/068/SRR11825868/SRR11825868_1.fastq.gz;fasp.sra.ebi.ac.uk:/vol1/fastq/SRR118/068/SRR11825868/SRR11825868_2.fastq.gz	ftp.sra.ebi.ac.uk/vol1/fastq/SRR118/068/SRR11825868/SRR11825868_1.fastq.gz;ftp.sra.ebi.ac.uk/vol1/fastq/SRR118/068/SRR11825868/SRR11825868_2.fastq.gz							LZX-AD		Metagenome or environmental sample from human gut metagenome		2020-05-22				GENERATED_FILE;GENERATED_FILE		
SRR11825871	PRJNA633959	SRP262626	SAMN14978585	SRS6691128	SRX8376556	SRA1078023	408170	human gut metagenome	ILLUMINA	Illumina MiSeq	C25.fq		PAIRED	AMPLICON	METAGENOMIC	PCR	55596	32801640	SUB7461200	2020-05-22	2020-05-22	Illumina MiSeq sequencing: Metagenome or environmental sample from human gut metagenome	Altered fecal microbiota in Chinese patients with AD	PRJNA633959	C25.fq	C25.R1.fq.gz	5997737;8313859	c72dbee7c92c080955f36cf56d06d3d0;26c6f50e845111ca94bb77f42bb1eaaa	ftp.sra.ebi.ac.uk/vol1/fastq/SRR118/071/SRR11825871/SRR11825871_1.fastq.gz;ftp.sra.ebi.ac.uk/vol1/fastq/SRR118/071/SRR11825871/SRR11825871_2.fastq.gz	fasp.sra.ebi.ac.uk:/vol1/fastq/SRR118/071/SRR11825871/SRR11825871_1.fastq.gz;fasp.sra.ebi.ac.uk:/vol1/fastq/SRR118/071/SRR11825871/SRR11825871_2.fastq.gz	ftp.sra.ebi.ac.uk/vol1/fastq/SRR118/071/SRR11825871/SRR11825871_1.fastq.gz;ftp.sra.ebi.ac.uk/vol1/fastq/SRR118/071/SRR11825871/SRR11825871_2.fastq.gz							LZX-AD		Metagenome or environmental sample from human gut metagenome		2020-05-22				GENERATED_FILE;GENERATED_FILE		
SRR11825869	PRJNA633959	SRP262626	SAMN14978585	SRS6691128	SRX8376558	SRA1078023	408170	human gut metagenome	ILLUMINA	Illumina MiSeq	C27.fq		PAIRED	AMPLICON	METAGENOMIC	PCR	45539	27141244	SUB7461200	2020-05-22	2020-05-22	Illumina MiSeq sequencing: Metagenome or environmental sample from human gut metagenome	Altered fecal microbiota in Chinese patients with AD	PRJNA633959	C27.fq	C27.R1.fq.gz	4833265;6772628	7f3b92e1b9c3748f9680a4fe2cc88adb;3b0ebde170f7bba17e62fa19fe486c3c	ftp.sra.ebi.ac.uk/vol1/fastq/SRR118/069/SRR11825869/SRR11825869_1.fastq.gz;ftp.sra.ebi.ac.uk/vol1/fastq/SRR118/069/SRR11825869/SRR11825869_2.fastq.gz	fasp.sra.ebi.ac.uk:/vol1/fastq/SRR118/069/SRR11825869/SRR11825869_1.fastq.gz;fasp.sra.ebi.ac.uk:/vol1/fastq/SRR118/069/SRR11825869/SRR11825869_2.fastq.gz	ftp.sra.ebi.ac.uk/vol1/fastq/SRR118/069/SRR11825869/SRR11825869_1.fastq.gz;ftp.sra.ebi.ac.uk/vol1/fastq/SRR118/069/SRR11825869/SRR11825869_2.fastq.gz							LZX-AD		Metagenome or environmental sample from human gut metagenome		2020-05-22				GENERATED_FILE;GENERATED_FILE		
SRR11825872	PRJNA633959	SRP262626	SAMN14978585	SRS6691128	SRX8376555	SRA1078023	408170	human gut metagenome	ILLUMINA	Illumina MiSeq	C24.fq		PAIRED	AMPLICON	METAGENOMIC	PCR	59158	35139852	SUB7461200	2020-05-22	2020-05-22	Illumina MiSeq sequencing: Metagenome or environmental sample from human gut metagenome	Altered fecal microbiota in Chinese patients with AD	PRJNA633959	C24.fq	C24.R1.fq.gz	5863048;8834222	994782dd53f335b0737fec0c8b887697;65e01b03dedbc705c59d95f96513766b	ftp.sra.ebi.ac.uk/vol1/fastq/SRR118/072/SRR11825872/SRR11825872_1.fastq.gz;ftp.sra.ebi.ac.uk/vol1/fastq/SRR118/072/SRR11825872/SRR11825872_2.fastq.gz	fasp.sra.ebi.ac.uk:/vol1/fastq/SRR118/072/SRR11825872/SRR11825872_1.fastq.gz;fasp.sra.ebi.ac.uk:/vol1/fastq/SRR118/072/SRR11825872/SRR11825872_2.fastq.gz	ftp.sra.ebi.ac.uk/vol1/fastq/SRR118/072/SRR11825872/SRR11825872_1.fastq.gz;ftp.sra.ebi.ac.uk/vol1/fastq/SRR118/072/SRR11825872/SRR11825872_2.fastq.gz							LZX-AD		Metagenome or environmental sample from human gut metagenome		2020-05-22				GENERATED_FILE;GENERATED_FILE		
SRR11825877	PRJNA633959	SRP262626	SAMN14978585	SRS6691128	SRX8376550	SRA1078023	408170	human gut metagenome	ILLUMINA	Illumina MiSeq	C20.fq		PAIRED	AMPLICON	METAGENOMIC	PCR	55814	33153516	SUB7461200	2020-05-22	2020-05-22	Illumina MiSeq sequencing: Metagenome or environmental sample from human gut metagenome	Altered fecal microbiota in Chinese patients with AD	PRJNA633959	C20.fq	C20.R1.fq.gz	5670141;8431755	b69272593acb49d1dde05b336057ca85;238e008547cf70bff8861bcddf349c21	ftp.sra.ebi.ac.uk/vol1/fastq/SRR118/077/SRR11825877/SRR11825877_1.fastq.gz;ftp.sra.ebi.ac.uk/vol1/fastq/SRR118/077/SRR11825877/SRR11825877_2.fastq.gz	fasp.sra.ebi.ac.uk:/vol1/fastq/SRR118/077/SRR11825877/SRR11825877_1.fastq.gz;fasp.sra.ebi.ac.uk:/vol1/fastq/SRR118/077/SRR11825877/SRR11825877_2.fastq.gz	ftp.sra.ebi.ac.uk/vol1/fastq/SRR118/077/SRR11825877/SRR11825877_1.fastq.gz;ftp.sra.ebi.ac.uk/vol1/fastq/SRR118/077/SRR11825877/SRR11825877_2.fastq.gz							LZX-AD		Metagenome or environmental sample from human gut metagenome		2020-05-22				GENERATED_FILE;GENERATED_FILE		
SRR11825873	PRJNA633959	SRP262626	SAMN14978585	SRS6691128	SRX8376554	SRA1078023	408170	human gut metagenome	ILLUMINA	Illumina MiSeq	AD17.fq		PAIRED	AMPLICON	METAGENOMIC	PCR	30343	18084428	SUB7461200	2020-05-22	2020-05-22	Illumina MiSeq sequencing: Metagenome or environmental sample from human gut metagenome	Altered fecal microbiota in Chinese patients with AD	PRJNA633959	AD17.fq	AD17.R1.fq.gz	3463015;4875687	605c1d5a46849e3dfd8e4cf000756ed3;9714725e2a46eeff4750c42e2b66c79b	ftp.sra.ebi.ac.uk/vol1/fastq/SRR118/073/SRR11825873/SRR11825873_1.fastq.gz;ftp.sra.ebi.ac.uk/vol1/fastq/SRR118/073/SRR11825873/SRR11825873_2.fastq.gz	fasp.sra.ebi.ac.uk:/vol1/fastq/SRR118/073/SRR11825873/SRR11825873_1.fastq.gz;fasp.sra.ebi.ac.uk:/vol1/fastq/SRR118/073/SRR11825873/SRR11825873_2.fastq.gz	ftp.sra.ebi.ac.uk/vol1/fastq/SRR118/073/SRR11825873/SRR11825873_1.fastq.gz;ftp.sra.ebi.ac.uk/vol1/fastq/SRR118/073/SRR11825873/SRR11825873_2.fastq.gz							LZX-AD		Metagenome or environmental sample from human gut metagenome		2020-05-22				GENERATED_FILE;GENERATED_FILE		
SRR11825879	PRJNA633959	SRP262626	SAMN14978585	SRS6691128	SRX8376548	SRA1078023	408170	human gut metagenome	ILLUMINA	Illumina MiSeq	C18.fq		PAIRED	AMPLICON	METAGENOMIC	PCR	71073	42572727	SUB7461200	2020-05-22	2020-05-22	Illumina MiSeq sequencing: Metagenome or environmental sample from human gut metagenome	Altered fecal microbiota in Chinese patients with AD	PRJNA633959	C18.fq	C18.R1.fq.gz	7735107;11033086	206440722c3eb6ac843b268c58deb4be;0012d0b07262be978d978519b003f48a	ftp.sra.ebi.ac.uk/vol1/fastq/SRR118/079/SRR11825879/SRR11825879_1.fastq.gz;ftp.sra.ebi.ac.uk/vol1/fastq/SRR118/079/SRR11825879/SRR11825879_2.fastq.gz	fasp.sra.ebi.ac.uk:/vol1/fastq/SRR118/079/SRR11825879/SRR11825879_1.fastq.gz;fasp.sra.ebi.ac.uk:/vol1/fastq/SRR118/079/SRR11825879/SRR11825879_2.fastq.gz	ftp.sra.ebi.ac.uk/vol1/fastq/SRR118/079/SRR11825879/SRR11825879_1.fastq.gz;ftp.sra.ebi.ac.uk/vol1/fastq/SRR118/079/SRR11825879/SRR11825879_2.fastq.gz							LZX-AD		Metagenome or environmental sample from human gut metagenome		2020-05-22				GENERATED_FILE;GENERATED_FILE		
SRR11825875	PRJNA633959	SRP262626	SAMN14978585	SRS6691128	SRX8376552	SRA1078023	408170	human gut metagenome	ILLUMINA	Illumina MiSeq	C22.fq		PAIRED	AMPLICON	METAGENOMIC	PCR	69264	41489136	SUB7461200	2020-05-22	2020-05-22	Illumina MiSeq sequencing: Metagenome or environmental sample from human gut metagenome	Altered fecal microbiota in Chinese patients with AD	PRJNA633959	C22.fq	C22.R1.fq.gz	7178468;10567855	a7dcd1d9f7ccaaff34d80ad03cdec5e8;9b546faf44784926116bc7c1f2eec2d8	ftp.sra.ebi.ac.uk/vol1/fastq/SRR118/075/SRR11825875/SRR11825875_1.fastq.gz;ftp.sra.ebi.ac.uk/vol1/fastq/SRR118/075/SRR11825875/SRR11825875_2.fastq.gz	fasp.sra.ebi.ac.uk:/vol1/fastq/SRR118/075/SRR11825875/SRR11825875_1.fastq.gz;fasp.sra.ebi.ac.uk:/vol1/fastq/SRR118/075/SRR11825875/SRR11825875_2.fastq.gz	ftp.sra.ebi.ac.uk/vol1/fastq/SRR118/075/SRR11825875/SRR11825875_1.fastq.gz;ftp.sra.ebi.ac.uk/vol1/fastq/SRR118/075/SRR11825875/SRR11825875_2.fastq.gz							LZX-AD		Metagenome or environmental sample from human gut metagenome		2020-05-22				GENERATED_FILE;GENERATED_FILE		
SRR11825880	PRJNA633959	SRP262626	SAMN14978585	SRS6691128	SRX8376547	SRA1078023	408170	human gut metagenome	ILLUMINA	Illumina MiSeq	C17.fq		PAIRED	AMPLICON	METAGENOMIC	PCR	58072	34262480	SUB7461200	2020-05-22	2020-05-22	Illumina MiSeq sequencing: Metagenome or environmental sample from human gut metagenome	Altered fecal microbiota in Chinese patients with AD	PRJNA633959	C17.fq	C17.R1.fq.gz	5639598;8385140	dff04882028801d210acd4eab7e1c608;26f0aad1f46128b95116deb4dca1dcce	ftp.sra.ebi.ac.uk/vol1/fastq/SRR118/080/SRR11825880/SRR11825880_1.fastq.gz;ftp.sra.ebi.ac.uk/vol1/fastq/SRR118/080/SRR11825880/SRR11825880_2.fastq.gz	fasp.sra.ebi.ac.uk:/vol1/fastq/SRR118/080/SRR11825880/SRR11825880_1.fastq.gz;fasp.sra.ebi.ac.uk:/vol1/fastq/SRR118/080/SRR11825880/SRR11825880_2.fastq.gz	ftp.sra.ebi.ac.uk/vol1/fastq/SRR118/080/SRR11825880/SRR11825880_1.fastq.gz;ftp.sra.ebi.ac.uk/vol1/fastq/SRR118/080/SRR11825880/SRR11825880_2.fastq.gz							LZX-AD		Metagenome or environmental sample from human gut metagenome		2020-05-22				GENERATED_FILE;GENERATED_FILE		
SRR11825876	PRJNA633959	SRP262626	SAMN14978585	SRS6691128	SRX8376551	SRA1078023	408170	human gut metagenome	ILLUMINA	Illumina MiSeq	C21.fq		PAIRED	AMPLICON	METAGENOMIC	PCR	55988	33032920	SUB7461200	2020-05-22	2020-05-22	Illumina MiSeq sequencing: Metagenome or environmental sample from human gut metagenome	Altered fecal microbiota in Chinese patients with AD	PRJNA633959	C21.fq	C21.R1.fq.gz	5502063;8203403	55068c7e28ebbefdfd351699450ea0cb;c89ec94ebe249184f1d7910285348c0a	ftp.sra.ebi.ac.uk/vol1/fastq/SRR118/076/SRR11825876/SRR11825876_1.fastq.gz;ftp.sra.ebi.ac.uk/vol1/fastq/SRR118/076/SRR11825876/SRR11825876_2.fastq.gz	fasp.sra.ebi.ac.uk:/vol1/fastq/SRR118/076/SRR11825876/SRR11825876_1.fastq.gz;fasp.sra.ebi.ac.uk:/vol1/fastq/SRR118/076/SRR11825876/SRR11825876_2.fastq.gz	ftp.sra.ebi.ac.uk/vol1/fastq/SRR118/076/SRR11825876/SRR11825876_1.fastq.gz;ftp.sra.ebi.ac.uk/vol1/fastq/SRR118/076/SRR11825876/SRR11825876_2.fastq.gz							LZX-AD		Metagenome or environmental sample from human gut metagenome		2020-05-22				GENERATED_FILE;GENERATED_FILE		
SRR11825857	PRJNA633959	SRP262626	SAMN14978585	SRS6691128	SRX8376457	SRA1078023	408170	human gut metagenome	ILLUMINA	Illumina MiSeq	AD104.fq		PAIRED	AMPLICON	METAGENOMIC	PCR	42211	25157756	SUB7461200	2020-05-22	2020-05-22	Illumina MiSeq sequencing: Metagenome or environmental sample from human gut metagenome	Altered fecal microbiota in Chinese patients with AD	PRJNA633959	AD104.fq	AD104.R1.fq.gz	4555231;6449319	c0acaa2b804fd5ccdb52109e633a697d;1fc3add584cf77364b83654a84dbf99d	ftp.sra.ebi.ac.uk/vol1/fastq/SRR118/057/SRR11825857/SRR11825857_1.fastq.gz;ftp.sra.ebi.ac.uk/vol1/fastq/SRR118/057/SRR11825857/SRR11825857_2.fastq.gz	fasp.sra.ebi.ac.uk:/vol1/fastq/SRR118/057/SRR11825857/SRR11825857_1.fastq.gz;fasp.sra.ebi.ac.uk:/vol1/fastq/SRR118/057/SRR11825857/SRR11825857_2.fastq.gz	ftp.sra.ebi.ac.uk/vol1/fastq/SRR118/057/SRR11825857/SRR11825857_1.fastq.gz;ftp.sra.ebi.ac.uk/vol1/fastq/SRR118/057/SRR11825857/SRR11825857_2.fastq.gz							LZX-AD		Metagenome or environmental sample from human gut metagenome		2020-05-22				GENERATED_FILE;GENERATED_FILE		
SRR11825885	PRJNA633959	SRP262626	SAMN14978585	SRS6691128	SRX8376542	SRA1078023	408170	human gut metagenome	ILLUMINA	Illumina MiSeq	C12.fq		PAIRED	AMPLICON	METAGENOMIC	PCR	55441	32710190	SUB7461200	2020-05-22	2020-05-22	Illumina MiSeq sequencing: Metagenome or environmental sample from human gut metagenome	Altered fecal microbiota in Chinese patients with AD	PRJNA633959	C12.fq	C12.R1.fq.gz	6077861;8669765	f8453af0d2ba72bfaa8b7fe5fe8ae515;ae3351595a8b7ad06d7165980160bc6c	ftp.sra.ebi.ac.uk/vol1/fastq/SRR118/085/SRR11825885/SRR11825885_1.fastq.gz;ftp.sra.ebi.ac.uk/vol1/fastq/SRR118/085/SRR11825885/SRR11825885_2.fastq.gz	fasp.sra.ebi.ac.uk:/vol1/fastq/SRR118/085/SRR11825885/SRR11825885_1.fastq.gz;fasp.sra.ebi.ac.uk:/vol1/fastq/SRR118/085/SRR11825885/SRR11825885_2.fastq.gz	ftp.sra.ebi.ac.uk/vol1/fastq/SRR118/085/SRR11825885/SRR11825885_1.fastq.gz;ftp.sra.ebi.ac.uk/vol1/fastq/SRR118/085/SRR11825885/SRR11825885_2.fastq.gz							LZX-AD		Metagenome or environmental sample from human gut metagenome		2020-05-22				GENERATED_FILE;GENERATED_FILE		
SRR11825881	PRJNA633959	SRP262626	SAMN14978585	SRS6691128	SRX8376546	SRA1078023	408170	human gut metagenome	ILLUMINA	Illumina MiSeq	C16.fq		PAIRED	AMPLICON	METAGENOMIC	PCR	50630	30074220	SUB7461200	2020-05-22	2020-05-22	Illumina MiSeq sequencing: Metagenome or environmental sample from human gut metagenome	Altered fecal microbiota in Chinese patients with AD	PRJNA633959	C16.fq	C16.R1.fq.gz	5409528;7601522	99a5b859d31e2cf7e711506ab2639327;2b29c1bb436961463a5af62d175fd3f8	ftp.sra.ebi.ac.uk/vol1/fastq/SRR118/081/SRR11825881/SRR11825881_1.fastq.gz;ftp.sra.ebi.ac.uk/vol1/fastq/SRR118/081/SRR11825881/SRR11825881_2.fastq.gz	fasp.sra.ebi.ac.uk:/vol1/fastq/SRR118/081/SRR11825881/SRR11825881_1.fastq.gz;fasp.sra.ebi.ac.uk:/vol1/fastq/SRR118/081/SRR11825881/SRR11825881_2.fastq.gz	ftp.sra.ebi.ac.uk/vol1/fastq/SRR118/081/SRR11825881/SRR11825881_1.fastq.gz;ftp.sra.ebi.ac.uk/vol1/fastq/SRR118/081/SRR11825881/SRR11825881_2.fastq.gz							LZX-AD		Metagenome or environmental sample from human gut metagenome		2020-05-22				GENERATED_FILE;GENERATED_FILE		
SRR11825866	PRJNA633959	SRP262626	SAMN14978585	SRS6691128	SRX8376561	SRA1078023	408170	human gut metagenome	ILLUMINA	Illumina MiSeq	C30.fq		PAIRED	AMPLICON	METAGENOMIC	PCR	57967	34722233	SUB7461200	2020-05-22	2020-05-22	Illumina MiSeq sequencing: Metagenome or environmental sample from human gut metagenome	Altered fecal microbiota in Chinese patients with AD	PRJNA633959	C30.fq	C30.R1.fq.gz	5995969;8842917	7f9ddfc9add51dad17cd164b75186d42;2ef9908e6542aaa9ed40e41de4a40f95	ftp.sra.ebi.ac.uk/vol1/fastq/SRR118/066/SRR11825866/SRR11825866_1.fastq.gz;ftp.sra.ebi.ac.uk/vol1/fastq/SRR118/066/SRR11825866/SRR11825866_2.fastq.gz	fasp.sra.ebi.ac.uk:/vol1/fastq/SRR118/066/SRR11825866/SRR11825866_1.fastq.gz;fasp.sra.ebi.ac.uk:/vol1/fastq/SRR118/066/SRR11825866/SRR11825866_2.fastq.gz	ftp.sra.ebi.ac.uk/vol1/fastq/SRR118/066/SRR11825866/SRR11825866_1.fastq.gz;ftp.sra.ebi.ac.uk/vol1/fastq/SRR118/066/SRR11825866/SRR11825866_2.fastq.gz							LZX-AD		Metagenome or environmental sample from human gut metagenome		2020-05-22				GENERATED_FILE;GENERATED_FILE		
SRR11825886	PRJNA633959	SRP262626	SAMN14978585	SRS6691128	SRX8376541	SRA1078023	408170	human gut metagenome	ILLUMINA	Illumina MiSeq	C11.fq		PAIRED	AMPLICON	METAGENOMIC	PCR	51424	30545856	SUB7461200	2020-05-22	2020-05-22	Illumina MiSeq sequencing: Metagenome or environmental sample from human gut metagenome	Altered fecal microbiota in Chinese patients with AD	PRJNA633959	C11.fq	C11.R1.fq.gz	5477942;7922586	9c42fff351d0e09d75b16617908a0488;1ccc295755bec0c7bcc03c3c77188476	ftp.sra.ebi.ac.uk/vol1/fastq/SRR118/086/SRR11825886/SRR11825886_1.fastq.gz;ftp.sra.ebi.ac.uk/vol1/fastq/SRR118/086/SRR11825886/SRR11825886_2.fastq.gz	fasp.sra.ebi.ac.uk:/vol1/fastq/SRR118/086/SRR11825886/SRR11825886_1.fastq.gz;fasp.sra.ebi.ac.uk:/vol1/fastq/SRR118/086/SRR11825886/SRR11825886_2.fastq.gz	ftp.sra.ebi.ac.uk/vol1/fastq/SRR118/086/SRR11825886/SRR11825886_1.fastq.gz;ftp.sra.ebi.ac.uk/vol1/fastq/SRR118/086/SRR11825886/SRR11825886_2.fastq.gz							LZX-AD		Metagenome or environmental sample from human gut metagenome		2020-05-22				GENERATED_FILE;GENERATED_FILE		
SRR11825882	PRJNA633959	SRP262626	SAMN14978585	SRS6691128	SRX8376545	SRA1078023	408170	human gut metagenome	ILLUMINA	Illumina MiSeq	C15.fq		PAIRED	AMPLICON	METAGENOMIC	PCR	52120	31063520	SUB7461200	2020-05-22	2020-05-22	Illumina MiSeq sequencing: Metagenome or environmental sample from human gut metagenome	Altered fecal microbiota in Chinese patients with AD	PRJNA633959	C15.fq	C15.R1.fq.gz	5648094;7712061	f49c0215bed88ef36137c561812f75ae;c271bce46b64330b90f6586def5d88ab	ftp.sra.ebi.ac.uk/vol1/fastq/SRR118/082/SRR11825882/SRR11825882_1.fastq.gz;ftp.sra.ebi.ac.uk/vol1/fastq/SRR118/082/SRR11825882/SRR11825882_2.fastq.gz	fasp.sra.ebi.ac.uk:/vol1/fastq/SRR118/082/SRR11825882/SRR11825882_1.fastq.gz;fasp.sra.ebi.ac.uk:/vol1/fastq/SRR118/082/SRR11825882/SRR11825882_2.fastq.gz	ftp.sra.ebi.ac.uk/vol1/fastq/SRR118/082/SRR11825882/SRR11825882_1.fastq.gz;ftp.sra.ebi.ac.uk/vol1/fastq/SRR118/082/SRR11825882/SRR11825882_2.fastq.gz							LZX-AD		Metagenome or environmental sample from human gut metagenome		2020-05-22				GENERATED_FILE;GENERATED_FILE		
SRR11825867	PRJNA633959	SRP262626	SAMN14978585	SRS6691128	SRX8376560	SRA1078023	408170	human gut metagenome	ILLUMINA	Illumina MiSeq	C29.fq		PAIRED	AMPLICON	METAGENOMIC	PCR	44916	26500440	SUB7461200	2020-05-22	2020-05-22	Illumina MiSeq sequencing: Metagenome or environmental sample from human gut metagenome	Altered fecal microbiota in Chinese patients with AD	PRJNA633959	C29.fq	C29.R1.fq.gz	4537116;6567054	9351efaffd9f636c422a09941388e817;53368d8631b8aa311fc09060e81224e4	ftp.sra.ebi.ac.uk/vol1/fastq/SRR118/067/SRR11825867/SRR11825867_1.fastq.gz;ftp.sra.ebi.ac.uk/vol1/fastq/SRR118/067/SRR11825867/SRR11825867_2.fastq.gz	fasp.sra.ebi.ac.uk:/vol1/fastq/SRR118/067/SRR11825867/SRR11825867_1.fastq.gz;fasp.sra.ebi.ac.uk:/vol1/fastq/SRR118/067/SRR11825867/SRR11825867_2.fastq.gz	ftp.sra.ebi.ac.uk/vol1/fastq/SRR118/067/SRR11825867/SRR11825867_1.fastq.gz;ftp.sra.ebi.ac.uk/vol1/fastq/SRR118/067/SRR11825867/SRR11825867_2.fastq.gz							LZX-AD		Metagenome or environmental sample from human gut metagenome		2020-05-22				GENERATED_FILE;GENERATED_FILE		
SRR11825883	PRJNA633959	SRP262626	SAMN14978585	SRS6691128	SRX8376544	SRA1078023	408170	human gut metagenome	ILLUMINA	Illumina MiSeq	C13.fq		PAIRED	AMPLICON	METAGENOMIC	PCR	69854	41842546	SUB7461200	2020-05-22	2020-05-22	Illumina MiSeq sequencing: Metagenome or environmental sample from human gut metagenome	Altered fecal microbiota in Chinese patients with AD	PRJNA633959	C13.fq	C13.R1.fq.gz	7393503;10702144	1fb0e68fb0473e79aa3b5b445219f565;eaf999072b2b92ecbff1203df3e409cc	ftp.sra.ebi.ac.uk/vol1/fastq/SRR118/083/SRR11825883/SRR11825883_1.fastq.gz;ftp.sra.ebi.ac.uk/vol1/fastq/SRR118/083/SRR11825883/SRR11825883_2.fastq.gz	fasp.sra.ebi.ac.uk:/vol1/fastq/SRR118/083/SRR11825883/SRR11825883_1.fastq.gz;fasp.sra.ebi.ac.uk:/vol1/fastq/SRR118/083/SRR11825883/SRR11825883_2.fastq.gz	ftp.sra.ebi.ac.uk/vol1/fastq/SRR118/083/SRR11825883/SRR11825883_1.fastq.gz;ftp.sra.ebi.ac.uk/vol1/fastq/SRR118/083/SRR11825883/SRR11825883_2.fastq.gz							LZX-AD		Metagenome or environmental sample from human gut metagenome		2020-05-22				GENERATED_FILE;GENERATED_FILE		
SRR11825889	PRJNA633959	SRP262626	SAMN14978585	SRS6691128	SRX8376538	SRA1078023	408170	human gut metagenome	ILLUMINA	Illumina MiSeq	C08.fq		PAIRED	AMPLICON	METAGENOMIC	PCR	63484	37455560	SUB7461200	2020-05-22	2020-05-22	Illumina MiSeq sequencing: Metagenome or environmental sample from human gut metagenome	Altered fecal microbiota in Chinese patients with AD	PRJNA633959	C08.fq	C08.R1.fq.gz	6290060;9252757	287d9a72dc3fe6398e8546ea7d0f175e;0ed819bfec5e2bbbaed35beeedee51b0	ftp.sra.ebi.ac.uk/vol1/fastq/SRR118/089/SRR11825889/SRR11825889_1.fastq.gz;ftp.sra.ebi.ac.uk/vol1/fastq/SRR118/089/SRR11825889/SRR11825889_2.fastq.gz	fasp.sra.ebi.ac.uk:/vol1/fastq/SRR118/089/SRR11825889/SRR11825889_1.fastq.gz;fasp.sra.ebi.ac.uk:/vol1/fastq/SRR118/089/SRR11825889/SRR11825889_2.fastq.gz	ftp.sra.ebi.ac.uk/vol1/fastq/SRR118/089/SRR11825889/SRR11825889_1.fastq.gz;ftp.sra.ebi.ac.uk/vol1/fastq/SRR118/089/SRR11825889/SRR11825889_2.fastq.gz							LZX-AD		Metagenome or environmental sample from human gut metagenome		2020-05-22				GENERATED_FILE;GENERATED_FILE		
SRR11825874	PRJNA633959	SRP262626	SAMN14978585	SRS6691128	SRX8376553	SRA1078023	408170	human gut metagenome	ILLUMINA	Illumina MiSeq	C23.fq		PAIRED	AMPLICON	METAGENOMIC	PCR	45036	26841456	SUB7461200	2020-05-22	2020-05-22	Illumina MiSeq sequencing: Metagenome or environmental sample from human gut metagenome	Altered fecal microbiota in Chinese patients with AD	PRJNA633959	C23.fq	C23.R1.fq.gz	5038736;6802048	4925dbedfc04e7ad2e35aae9e4658b1c;1f2fd8f32c35abcf2fca693e028aa3b4	ftp.sra.ebi.ac.uk/vol1/fastq/SRR118/074/SRR11825874/SRR11825874_1.fastq.gz;ftp.sra.ebi.ac.uk/vol1/fastq/SRR118/074/SRR11825874/SRR11825874_2.fastq.gz	fasp.sra.ebi.ac.uk:/vol1/fastq/SRR118/074/SRR11825874/SRR11825874_1.fastq.gz;fasp.sra.ebi.ac.uk:/vol1/fastq/SRR118/074/SRR11825874/SRR11825874_2.fastq.gz	ftp.sra.ebi.ac.uk/vol1/fastq/SRR118/074/SRR11825874/SRR11825874_1.fastq.gz;ftp.sra.ebi.ac.uk/vol1/fastq/SRR118/074/SRR11825874/SRR11825874_2.fastq.gz							LZX-AD		Metagenome or environmental sample from human gut metagenome		2020-05-22				GENERATED_FILE;GENERATED_FILE		
SRR11825888	PRJNA633959	SRP262626	SAMN14978585	SRS6691128	SRX8376539	SRA1078023	408170	human gut metagenome	ILLUMINA	Illumina MiSeq	C09.fq		PAIRED	AMPLICON	METAGENOMIC	PCR	67049	40162351	SUB7461200	2020-05-22	2020-05-22	Illumina MiSeq sequencing: Metagenome or environmental sample from human gut metagenome	Altered fecal microbiota in Chinese patients with AD	PRJNA633959	C09.fq	C09.R1.fq.gz	6632610;10122379	d4996faa130393a56264a69025818a63;0b2bc6a6a5a6974fff4ba4d2c173fb2c	ftp.sra.ebi.ac.uk/vol1/fastq/SRR118/088/SRR11825888/SRR11825888_1.fastq.gz;ftp.sra.ebi.ac.uk/vol1/fastq/SRR118/088/SRR11825888/SRR11825888_2.fastq.gz	fasp.sra.ebi.ac.uk:/vol1/fastq/SRR118/088/SRR11825888/SRR11825888_1.fastq.gz;fasp.sra.ebi.ac.uk:/vol1/fastq/SRR118/088/SRR11825888/SRR11825888_2.fastq.gz	ftp.sra.ebi.ac.uk/vol1/fastq/SRR118/088/SRR11825888/SRR11825888_1.fastq.gz;ftp.sra.ebi.ac.uk/vol1/fastq/SRR118/088/SRR11825888/SRR11825888_2.fastq.gz							LZX-AD		Metagenome or environmental sample from human gut metagenome		2020-05-22				GENERATED_FILE;GENERATED_FILE		
SRR11825878	PRJNA633959	SRP262626	SAMN14978585	SRS6691128	SRX8376549	SRA1078023	408170	human gut metagenome	ILLUMINA	Illumina MiSeq	C19.fq		PAIRED	AMPLICON	METAGENOMIC	PCR	56805	33855780	SUB7461200	2020-05-22	2020-05-22	Illumina MiSeq sequencing: Metagenome or environmental sample from human gut metagenome	Altered fecal microbiota in Chinese patients with AD	PRJNA633959	C19.fq	C19.R1.fq.gz	6600944;8736381	0b03e8132d1e06a60693cea296260d02;8db605ae31ddd8539a6a56f15e56924d	ftp.sra.ebi.ac.uk/vol1/fastq/SRR118/078/SRR11825878/SRR11825878_1.fastq.gz;ftp.sra.ebi.ac.uk/vol1/fastq/SRR118/078/SRR11825878/SRR11825878_2.fastq.gz	fasp.sra.ebi.ac.uk:/vol1/fastq/SRR118/078/SRR11825878/SRR11825878_1.fastq.gz;fasp.sra.ebi.ac.uk:/vol1/fastq/SRR118/078/SRR11825878/SRR11825878_2.fastq.gz	ftp.sra.ebi.ac.uk/vol1/fastq/SRR118/078/SRR11825878/SRR11825878_1.fastq.gz;ftp.sra.ebi.ac.uk/vol1/fastq/SRR118/078/SRR11825878/SRR11825878_2.fastq.gz							LZX-AD		Metagenome or environmental sample from human gut metagenome		2020-05-22				GENERATED_FILE;GENERATED_FILE		
SRR11825894	PRJNA633959	SRP262626	SAMN14978585	SRS6691128	SRX8376533	SRA1078023	408170	human gut metagenome	ILLUMINA	Illumina MiSeq	C01.fq		PAIRED	AMPLICON	METAGENOMIC	PCR	57881	34381314	SUB7461200	2020-05-22	2020-05-22	Illumina MiSeq sequencing: Metagenome or environmental sample from human gut metagenome	Altered fecal microbiota in Chinese patients with AD	PRJNA633959	C01.fq	C01.R1.fq.gz	6084774;8898926	ca1645bcc53970336688ee2ca6000e5f;d373c4e27be1ac66f0902387f951dfcb	ftp.sra.ebi.ac.uk/vol1/fastq/SRR118/094/SRR11825894/SRR11825894_1.fastq.gz;ftp.sra.ebi.ac.uk/vol1/fastq/SRR118/094/SRR11825894/SRR11825894_2.fastq.gz	fasp.sra.ebi.ac.uk:/vol1/fastq/SRR118/094/SRR11825894/SRR11825894_1.fastq.gz;fasp.sra.ebi.ac.uk:/vol1/fastq/SRR118/094/SRR11825894/SRR11825894_2.fastq.gz	ftp.sra.ebi.ac.uk/vol1/fastq/SRR118/094/SRR11825894/SRR11825894_1.fastq.gz;ftp.sra.ebi.ac.uk/vol1/fastq/SRR118/094/SRR11825894/SRR11825894_2.fastq.gz							LZX-AD		Metagenome or environmental sample from human gut metagenome		2020-05-22				GENERATED_FILE;GENERATED_FILE		
SRR11825893	PRJNA633959	SRP262626	SAMN14978585	SRS6691128	SRX8376534	SRA1078023	408170	human gut metagenome	ILLUMINA	Illumina MiSeq	C02.fq		PAIRED	AMPLICON	METAGENOMIC	PCR	58391	34450690	SUB7461200	2020-05-22	2020-05-22	Illumina MiSeq sequencing: Metagenome or environmental sample from human gut metagenome	Altered fecal microbiota in Chinese patients with AD	PRJNA633959	C02.fq	C02.R1.fq.gz	5549865;8257750	27457fec641d74969edb2a32551955fd;d4c59fd6b4eb9f3860824571d5e8cf2f	ftp.sra.ebi.ac.uk/vol1/fastq/SRR118/093/SRR11825893/SRR11825893_1.fastq.gz;ftp.sra.ebi.ac.uk/vol1/fastq/SRR118/093/SRR11825893/SRR11825893_2.fastq.gz	fasp.sra.ebi.ac.uk:/vol1/fastq/SRR118/093/SRR11825893/SRR11825893_1.fastq.gz;fasp.sra.ebi.ac.uk:/vol1/fastq/SRR118/093/SRR11825893/SRR11825893_2.fastq.gz	ftp.sra.ebi.ac.uk/vol1/fastq/SRR118/093/SRR11825893/SRR11825893_1.fastq.gz;ftp.sra.ebi.ac.uk/vol1/fastq/SRR118/093/SRR11825893/SRR11825893_2.fastq.gz							LZX-AD		Metagenome or environmental sample from human gut metagenome		2020-05-22				GENERATED_FILE;GENERATED_FILE		
SRR11825884	PRJNA633959	SRP262626	SAMN14978585	SRS6691128	SRX8376543	SRA1078023	408170	human gut metagenome	ILLUMINA	Illumina MiSeq	AD16.fq		PAIRED	AMPLICON	METAGENOMIC	PCR	44537	26677663	SUB7461200	2020-05-22	2020-05-22	Illumina MiSeq sequencing: Metagenome or environmental sample from human gut metagenome	Altered fecal microbiota in Chinese patients with AD	PRJNA633959	AD16.fq	AD16.R1.fq.gz	4694039;7004509	50175a7af0d0247709a08121e26fb0e8;c61bf0c83dac3b8c9b07d8918c1dd971	ftp.sra.ebi.ac.uk/vol1/fastq/SRR118/084/SRR11825884/SRR11825884_1.fastq.gz;ftp.sra.ebi.ac.uk/vol1/fastq/SRR118/084/SRR11825884/SRR11825884_2.fastq.gz	fasp.sra.ebi.ac.uk:/vol1/fastq/SRR118/084/SRR11825884/SRR11825884_1.fastq.gz;fasp.sra.ebi.ac.uk:/vol1/fastq/SRR118/084/SRR11825884/SRR11825884_2.fastq.gz	ftp.sra.ebi.ac.uk/vol1/fastq/SRR118/084/SRR11825884/SRR11825884_1.fastq.gz;ftp.sra.ebi.ac.uk/vol1/fastq/SRR118/084/SRR11825884/SRR11825884_2.fastq.gz							LZX-AD		Metagenome or environmental sample from human gut metagenome		2020-05-22				GENERATED_FILE;GENERATED_FILE		
SRR11825895	PRJNA633959	SRP262626	SAMN14978585	SRS6691128	SRX8376532	SRA1078023	408170	human gut metagenome	ILLUMINA	Illumina MiSeq	AD14.fq		PAIRED	AMPLICON	METAGENOMIC	PCR	46898	27669820	SUB7461200	2020-05-22	2020-05-22	Illumina MiSeq sequencing: Metagenome or environmental sample from human gut metagenome	Altered fecal microbiota in Chinese patients with AD	PRJNA633959	AD14.fq	AD14.R1.fq.gz	4999605;7219006	0b9a69e90b47e377cc604889082d30e2;fae51e582dff22761a3f2d52cd513c58	ftp.sra.ebi.ac.uk/vol1/fastq/SRR118/095/SRR11825895/SRR11825895_1.fastq.gz;ftp.sra.ebi.ac.uk/vol1/fastq/SRR118/095/SRR11825895/SRR11825895_2.fastq.gz	fasp.sra.ebi.ac.uk:/vol1/fastq/SRR118/095/SRR11825895/SRR11825895_1.fastq.gz;fasp.sra.ebi.ac.uk:/vol1/fastq/SRR118/095/SRR11825895/SRR11825895_2.fastq.gz	ftp.sra.ebi.ac.uk/vol1/fastq/SRR118/095/SRR11825895/SRR11825895_1.fastq.gz;ftp.sra.ebi.ac.uk/vol1/fastq/SRR118/095/SRR11825895/SRR11825895_2.fastq.gz							LZX-AD		Metagenome or environmental sample from human gut metagenome		2020-05-22				GENERATED_FILE;GENERATED_FILE		
SRR11825896	PRJNA633959	SRP262626	SAMN14978585	SRS6691128	SRX8376531	SRA1078023	408170	human gut metagenome	ILLUMINA	Illumina MiSeq	AD04.fq		PAIRED	AMPLICON	METAGENOMIC	PCR	36979	21965526	SUB7461200	2020-05-22	2020-05-22	Illumina MiSeq sequencing: Metagenome or environmental sample from human gut metagenome	Altered fecal microbiota in Chinese patients with AD	PRJNA633959	AD04.fq	AD04.R1.fq.gz	3934441;5845069	d5e1d060fc4e7507b4e8f9b86da41e56;585ee5f942131d1e129f174de85efb9e	ftp.sra.ebi.ac.uk/vol1/fastq/SRR118/096/SRR11825896/SRR11825896_1.fastq.gz;ftp.sra.ebi.ac.uk/vol1/fastq/SRR118/096/SRR11825896/SRR11825896_2.fastq.gz	fasp.sra.ebi.ac.uk:/vol1/fastq/SRR118/096/SRR11825896/SRR11825896_1.fastq.gz;fasp.sra.ebi.ac.uk:/vol1/fastq/SRR118/096/SRR11825896/SRR11825896_2.fastq.gz	ftp.sra.ebi.ac.uk/vol1/fastq/SRR118/096/SRR11825896/SRR11825896_1.fastq.gz;ftp.sra.ebi.ac.uk/vol1/fastq/SRR118/096/SRR11825896/SRR11825896_2.fastq.gz							LZX-AD		Metagenome or environmental sample from human gut metagenome		2020-05-22				GENERATED_FILE;GENERATED_FILE		
SRR11825887	PRJNA633959	SRP262626	SAMN14978585	SRS6691128	SRX8376540	SRA1078023	408170	human gut metagenome	ILLUMINA	Illumina MiSeq	C10.fq		PAIRED	AMPLICON	METAGENOMIC	PCR	49662	29598552	SUB7461200	2020-05-22	2020-05-22	Illumina MiSeq sequencing: Metagenome or environmental sample from human gut metagenome	Altered fecal microbiota in Chinese patients with AD	PRJNA633959	C10.fq	C10.R1.fq.gz	5629804;7612441	bda60a98208bd03d40ebb9d4f646ede5;cef078a510405279c4b55289c8fa51cb	ftp.sra.ebi.ac.uk/vol1/fastq/SRR118/087/SRR11825887/SRR11825887_1.fastq.gz;ftp.sra.ebi.ac.uk/vol1/fastq/SRR118/087/SRR11825887/SRR11825887_2.fastq.gz	fasp.sra.ebi.ac.uk:/vol1/fastq/SRR118/087/SRR11825887/SRR11825887_1.fastq.gz;fasp.sra.ebi.ac.uk:/vol1/fastq/SRR118/087/SRR11825887/SRR11825887_2.fastq.gz	ftp.sra.ebi.ac.uk/vol1/fastq/SRR118/087/SRR11825887/SRR11825887_1.fastq.gz;ftp.sra.ebi.ac.uk/vol1/fastq/SRR118/087/SRR11825887/SRR11825887_2.fastq.gz							LZX-AD		Metagenome or environmental sample from human gut metagenome		2020-05-22				GENERATED_FILE;GENERATED_FILE		
SRR11825897	PRJNA633959	SRP262626	SAMN14978585	SRS6691128	SRX8376530	SRA1078023	408170	human gut metagenome	ILLUMINA	Illumina MiSeq	AD01.fq		PAIRED	AMPLICON	METAGENOMIC	PCR	38658	23040168	SUB7461200	2020-05-22	2020-05-22	Illumina MiSeq sequencing: Metagenome or environmental sample from human gut metagenome	Altered fecal microbiota in Chinese patients with AD	PRJNA633959	AD01.fq	AD01.R1.fq.gz	4816906;6531440	a9ad1521236c80b72413cd16b9c086f8;f3c5b53604f32fe76e4dc50827ee84a8	ftp.sra.ebi.ac.uk/vol1/fastq/SRR118/097/SRR11825897/SRR11825897_1.fastq.gz;ftp.sra.ebi.ac.uk/vol1/fastq/SRR118/097/SRR11825897/SRR11825897_2.fastq.gz	fasp.sra.ebi.ac.uk:/vol1/fastq/SRR118/097/SRR11825897/SRR11825897_1.fastq.gz;fasp.sra.ebi.ac.uk:/vol1/fastq/SRR118/097/SRR11825897/SRR11825897_2.fastq.gz	ftp.sra.ebi.ac.uk/vol1/fastq/SRR118/097/SRR11825897/SRR11825897_1.fastq.gz;ftp.sra.ebi.ac.uk/vol1/fastq/SRR118/097/SRR11825897/SRR11825897_2.fastq.gz							LZX-AD		Metagenome or environmental sample from human gut metagenome		2020-05-22				GENERATED_FILE;GENERATED_FILE		
SRR11825904	PRJNA633959	SRP262626	SAMN14978585	SRS6691128	SRX8376522	SRA1078023	408170	human gut metagenome	ILLUMINA	Illumina MiSeq	AD08.fq		PAIRED	AMPLICON	METAGENOMIC	PCR	44976	26805696	SUB7461200	2020-05-22	2020-05-22	Illumina MiSeq sequencing: Metagenome or environmental sample from human gut metagenome	Altered fecal microbiota in Chinese patients with AD	PRJNA633959	AD08.fq	AD08.R1.fq.gz	4651395;6671071	c659a871e4b9c4d3638409db499dd058;c96e78c8a9306172fa692c538ce825bb	ftp.sra.ebi.ac.uk/vol1/fastq/SRR118/004/SRR11825904/SRR11825904_1.fastq.gz;ftp.sra.ebi.ac.uk/vol1/fastq/SRR118/004/SRR11825904/SRR11825904_2.fastq.gz	fasp.sra.ebi.ac.uk:/vol1/fastq/SRR118/004/SRR11825904/SRR11825904_1.fastq.gz;fasp.sra.ebi.ac.uk:/vol1/fastq/SRR118/004/SRR11825904/SRR11825904_2.fastq.gz	ftp.sra.ebi.ac.uk/vol1/fastq/SRR118/004/SRR11825904/SRR11825904_1.fastq.gz;ftp.sra.ebi.ac.uk/vol1/fastq/SRR118/004/SRR11825904/SRR11825904_2.fastq.gz							LZX-AD		Metagenome or environmental sample from human gut metagenome		2020-05-22				GENERATED_FILE;GENERATED_FILE		
SRR11825890	PRJNA633959	SRP262626	SAMN14978585	SRS6691128	SRX8376537	SRA1078023	408170	human gut metagenome	ILLUMINA	Illumina MiSeq	C07.fq		PAIRED	AMPLICON	METAGENOMIC	PCR	56000	33264000	SUB7461200	2020-05-22	2020-05-22	Illumina MiSeq sequencing: Metagenome or environmental sample from human gut metagenome	Altered fecal microbiota in Chinese patients with AD	PRJNA633959	C07.fq	C07.R1.fq.gz	5502865;8289704	1f37a6032e80c0f339b2fccd523f2524;c92fe4414e9541f4f287e436d3f205c8	ftp.sra.ebi.ac.uk/vol1/fastq/SRR118/090/SRR11825890/SRR11825890_1.fastq.gz;ftp.sra.ebi.ac.uk/vol1/fastq/SRR118/090/SRR11825890/SRR11825890_2.fastq.gz	fasp.sra.ebi.ac.uk:/vol1/fastq/SRR118/090/SRR11825890/SRR11825890_1.fastq.gz;fasp.sra.ebi.ac.uk:/vol1/fastq/SRR118/090/SRR11825890/SRR11825890_2.fastq.gz	ftp.sra.ebi.ac.uk/vol1/fastq/SRR118/090/SRR11825890/SRR11825890_1.fastq.gz;ftp.sra.ebi.ac.uk/vol1/fastq/SRR118/090/SRR11825890/SRR11825890_2.fastq.gz							LZX-AD		Metagenome or environmental sample from human gut metagenome		2020-05-22				GENERATED_FILE;GENERATED_FILE		
SRR11825900	PRJNA633959	SRP262626	SAMN14978585	SRS6691128	SRX8376526	SRA1078023	408170	human gut metagenome	ILLUMINA	Illumina MiSeq	AD62.fq		PAIRED	AMPLICON	METAGENOMIC	PCR	41416	24683936	SUB7461200	2020-05-22	2020-05-22	Illumina MiSeq sequencing: Metagenome or environmental sample from human gut metagenome	Altered fecal microbiota in Chinese patients with AD	PRJNA633959	AD62.fq	AD62.R1.fq.gz	4617836;6479031	3032522b0f31d5b3caa8d6e4c3e7a3e4;00ba621bf17f7d4ef0bd1f7501de05ab	ftp.sra.ebi.ac.uk/vol1/fastq/SRR118/000/SRR11825900/SRR11825900_1.fastq.gz;ftp.sra.ebi.ac.uk/vol1/fastq/SRR118/000/SRR11825900/SRR11825900_2.fastq.gz	fasp.sra.ebi.ac.uk:/vol1/fastq/SRR118/000/SRR11825900/SRR11825900_1.fastq.gz;fasp.sra.ebi.ac.uk:/vol1/fastq/SRR118/000/SRR11825900/SRR11825900_2.fastq.gz	ftp.sra.ebi.ac.uk/vol1/fastq/SRR118/000/SRR11825900/SRR11825900_1.fastq.gz;ftp.sra.ebi.ac.uk/vol1/fastq/SRR118/000/SRR11825900/SRR11825900_2.fastq.gz							LZX-AD		Metagenome or environmental sample from human gut metagenome		2020-05-22				GENERATED_FILE;GENERATED_FILE		
SRR11825905	PRJNA633959	SRP262626	SAMN14978585	SRS6691128	SRX8376521	SRA1078023	408170	human gut metagenome	ILLUMINA	Illumina MiSeq	AD58.fq		PAIRED	AMPLICON	METAGENOMIC	PCR	45585	27168660	SUB7461200	2020-05-22	2020-05-22	Illumina MiSeq sequencing: Metagenome or environmental sample from human gut metagenome	Altered fecal microbiota in Chinese patients with AD	PRJNA633959	AD58.fq	AD58.R1.fq.gz	4893350;7085080	148abdef9593083a359d3a450d100e60;fa7c91e8517cb80f7a1b8ae9802ad9d9	ftp.sra.ebi.ac.uk/vol1/fastq/SRR118/005/SRR11825905/SRR11825905_1.fastq.gz;ftp.sra.ebi.ac.uk/vol1/fastq/SRR118/005/SRR11825905/SRR11825905_2.fastq.gz	fasp.sra.ebi.ac.uk:/vol1/fastq/SRR118/005/SRR11825905/SRR11825905_1.fastq.gz;fasp.sra.ebi.ac.uk:/vol1/fastq/SRR118/005/SRR11825905/SRR11825905_2.fastq.gz	ftp.sra.ebi.ac.uk/vol1/fastq/SRR118/005/SRR11825905/SRR11825905_1.fastq.gz;ftp.sra.ebi.ac.uk/vol1/fastq/SRR118/005/SRR11825905/SRR11825905_2.fastq.gz							LZX-AD		Metagenome or environmental sample from human gut metagenome		2020-05-22				GENERATED_FILE;GENERATED_FILE		
SRR11825891	PRJNA633959	SRP262626	SAMN14978585	SRS6691128	SRX8376536	SRA1078023	408170	human gut metagenome	ILLUMINA	Illumina MiSeq	C05.fq		PAIRED	AMPLICON	METAGENOMIC	PCR	42276	25196496	SUB7461200	2020-05-22	2020-05-22	Illumina MiSeq sequencing: Metagenome or environmental sample from human gut metagenome	Altered fecal microbiota in Chinese patients with AD	PRJNA633959	C05.fq	C05.R1.fq.gz	4427086;6138847	8db77be73db236ecee9871cdd6a1d5d7;9ffd686288c58ab8b5938766a2bfe6dd	ftp.sra.ebi.ac.uk/vol1/fastq/SRR118/091/SRR11825891/SRR11825891_1.fastq.gz;ftp.sra.ebi.ac.uk/vol1/fastq/SRR118/091/SRR11825891/SRR11825891_2.fastq.gz	fasp.sra.ebi.ac.uk:/vol1/fastq/SRR118/091/SRR11825891/SRR11825891_1.fastq.gz;fasp.sra.ebi.ac.uk:/vol1/fastq/SRR118/091/SRR11825891/SRR11825891_2.fastq.gz	ftp.sra.ebi.ac.uk/vol1/fastq/SRR118/091/SRR11825891/SRR11825891_1.fastq.gz;ftp.sra.ebi.ac.uk/vol1/fastq/SRR118/091/SRR11825891/SRR11825891_2.fastq.gz							LZX-AD		Metagenome or environmental sample from human gut metagenome		2020-05-22				GENERATED_FILE;GENERATED_FILE		
SRR11825901	PRJNA633959	SRP262626	SAMN14978585	SRS6691128	SRX8376525	SRA1078023	408170	human gut metagenome	ILLUMINA	Illumina MiSeq	AD61.fq		PAIRED	AMPLICON	METAGENOMIC	PCR	54060	32381940	SUB7461200	2020-05-22	2020-05-22	Illumina MiSeq sequencing: Metagenome or environmental sample from human gut metagenome	Altered fecal microbiota in Chinese patients with AD	PRJNA633959	AD61.fq	AD61.R1.fq.gz	5251034;8180625	39bf734ec257968116e0ca642f9338c3;60af7949c7f04e09eb6d909ec6bd055f	ftp.sra.ebi.ac.uk/vol1/fastq/SRR118/001/SRR11825901/SRR11825901_1.fastq.gz;ftp.sra.ebi.ac.uk/vol1/fastq/SRR118/001/SRR11825901/SRR11825901_2.fastq.gz	fasp.sra.ebi.ac.uk:/vol1/fastq/SRR118/001/SRR11825901/SRR11825901_1.fastq.gz;fasp.sra.ebi.ac.uk:/vol1/fastq/SRR118/001/SRR11825901/SRR11825901_2.fastq.gz	ftp.sra.ebi.ac.uk/vol1/fastq/SRR118/001/SRR11825901/SRR11825901_1.fastq.gz;ftp.sra.ebi.ac.uk/vol1/fastq/SRR118/001/SRR11825901/SRR11825901_2.fastq.gz							LZX-AD		Metagenome or environmental sample from human gut metagenome		2020-05-22				GENERATED_FILE;GENERATED_FILE		
SRR11825907	PRJNA633959	SRP262626	SAMN14978585	SRS6691128	SRX8376519	SRA1078023	408170	human gut metagenome	ILLUMINA	Illumina MiSeq	AD54.fq		PAIRED	AMPLICON	METAGENOMIC	PCR	59650	35193500	SUB7461200	2020-05-22	2020-05-22	Illumina MiSeq sequencing: Metagenome or environmental sample from human gut metagenome	Altered fecal microbiota in Chinese patients with AD	PRJNA633959	AD54.fq	AD54.R1.fq.gz	6454315;9400851	e0f022ed862f1e41b1654267421c617a;3833926bdfcafa857a7454c5c5984b33	ftp.sra.ebi.ac.uk/vol1/fastq/SRR118/007/SRR11825907/SRR11825907_1.fastq.gz;ftp.sra.ebi.ac.uk/vol1/fastq/SRR118/007/SRR11825907/SRR11825907_2.fastq.gz	fasp.sra.ebi.ac.uk:/vol1/fastq/SRR118/007/SRR11825907/SRR11825907_1.fastq.gz;fasp.sra.ebi.ac.uk:/vol1/fastq/SRR118/007/SRR11825907/SRR11825907_2.fastq.gz	ftp.sra.ebi.ac.uk/vol1/fastq/SRR118/007/SRR11825907/SRR11825907_1.fastq.gz;ftp.sra.ebi.ac.uk/vol1/fastq/SRR118/007/SRR11825907/SRR11825907_2.fastq.gz							LZX-AD		Metagenome or environmental sample from human gut metagenome		2020-05-22				GENERATED_FILE;GENERATED_FILE		
SRR11825892	PRJNA633959	SRP262626	SAMN14978585	SRS6691128	SRX8376535	SRA1078023	408170	human gut metagenome	ILLUMINA	Illumina MiSeq	C03.fq		PAIRED	AMPLICON	METAGENOMIC	PCR	75994	45520406	SUB7461200	2020-05-22	2020-05-22	Illumina MiSeq sequencing: Metagenome or environmental sample from human gut metagenome	Altered fecal microbiota in Chinese patients with AD	PRJNA633959	C03.fq	C03.R1.fq.gz	8013421;11693794	5a0b1ec9f41e0a6c6c3d042fa82c1045;e2bd6c3ca7af64e176356cf84f11f886	ftp.sra.ebi.ac.uk/vol1/fastq/SRR118/092/SRR11825892/SRR11825892_1.fastq.gz;ftp.sra.ebi.ac.uk/vol1/fastq/SRR118/092/SRR11825892/SRR11825892_2.fastq.gz	fasp.sra.ebi.ac.uk:/vol1/fastq/SRR118/092/SRR11825892/SRR11825892_1.fastq.gz;fasp.sra.ebi.ac.uk:/vol1/fastq/SRR118/092/SRR11825892/SRR11825892_2.fastq.gz	ftp.sra.ebi.ac.uk/vol1/fastq/SRR118/092/SRR11825892/SRR11825892_1.fastq.gz;ftp.sra.ebi.ac.uk/vol1/fastq/SRR118/092/SRR11825892/SRR11825892_2.fastq.gz							LZX-AD		Metagenome or environmental sample from human gut metagenome		2020-05-22				GENERATED_FILE;GENERATED_FILE		
SRR11825902	PRJNA633959	SRP262626	SAMN14978585	SRS6691128	SRX8376524	SRA1078023	408170	human gut metagenome	ILLUMINA	Illumina MiSeq	AD60.fq		PAIRED	AMPLICON	METAGENOMIC	PCR	59561	35140990	SUB7461200	2020-05-22	2020-05-22	Illumina MiSeq sequencing: Metagenome or environmental sample from human gut metagenome	Altered fecal microbiota in Chinese patients with AD	PRJNA633959	AD60.fq	AD60.R1.fq.gz	6688702;9270679	f65665b881bbf772306a508049d09434;132a1f3e9dd4b6aa1baa60f586ecf646	ftp.sra.ebi.ac.uk/vol1/fastq/SRR118/002/SRR11825902/SRR11825902_1.fastq.gz;ftp.sra.ebi.ac.uk/vol1/fastq/SRR118/002/SRR11825902/SRR11825902_2.fastq.gz	fasp.sra.ebi.ac.uk:/vol1/fastq/SRR118/002/SRR11825902/SRR11825902_1.fastq.gz;fasp.sra.ebi.ac.uk:/vol1/fastq/SRR118/002/SRR11825902/SRR11825902_2.fastq.gz	ftp.sra.ebi.ac.uk/vol1/fastq/SRR118/002/SRR11825902/SRR11825902_1.fastq.gz;ftp.sra.ebi.ac.uk/vol1/fastq/SRR118/002/SRR11825902/SRR11825902_2.fastq.gz							LZX-AD		Metagenome or environmental sample from human gut metagenome		2020-05-22				GENERATED_FILE;GENERATED_FILE		
SRR11825910	PRJNA633959	SRP262626	SAMN14978585	SRS6691128	SRX8376516	SRA1078023	408170	human gut metagenome	ILLUMINA	Illumina MiSeq	AD47.fq		PAIRED	AMPLICON	METAGENOMIC	PCR	50934	30051060	SUB7461200	2020-05-22	2020-05-22	Illumina MiSeq sequencing: Metagenome or environmental sample from human gut metagenome	Altered fecal microbiota in Chinese patients with AD	PRJNA633959	AD47.fq	AD47.R1.fq.gz	5451475;7410484	9edfe77ced43bd5f271f7d9acbba38aa;d093f44d2f56e564edc7ce6f59d701d9	ftp.sra.ebi.ac.uk/vol1/fastq/SRR118/010/SRR11825910/SRR11825910_1.fastq.gz;ftp.sra.ebi.ac.uk/vol1/fastq/SRR118/010/SRR11825910/SRR11825910_2.fastq.gz	fasp.sra.ebi.ac.uk:/vol1/fastq/SRR118/010/SRR11825910/SRR11825910_1.fastq.gz;fasp.sra.ebi.ac.uk:/vol1/fastq/SRR118/010/SRR11825910/SRR11825910_2.fastq.gz	ftp.sra.ebi.ac.uk/vol1/fastq/SRR118/010/SRR11825910/SRR11825910_1.fastq.gz;ftp.sra.ebi.ac.uk/vol1/fastq/SRR118/010/SRR11825910/SRR11825910_2.fastq.gz							LZX-AD		Metagenome or environmental sample from human gut metagenome		2020-05-22				GENERATED_FILE;GENERATED_FILE		
SRR11825898	PRJNA633959	SRP262626	SAMN14978585	SRS6691128	SRX8376528	SRA1078023	408170	human gut metagenome	ILLUMINA	Illumina MiSeq	AD64.fq		PAIRED	AMPLICON	METAGENOMIC	PCR	56029	33057110	SUB7461200	2020-05-22	2020-05-22	Illumina MiSeq sequencing: Metagenome or environmental sample from human gut metagenome	Altered fecal microbiota in Chinese patients with AD	PRJNA633959	AD64.fq	AD64.R1.fq.gz	5717542;8384541	a5e3a290111cee45512eadc158517d10;c1da815bfb4d721ef678931f6121ebbc	ftp.sra.ebi.ac.uk/vol1/fastq/SRR118/098/SRR11825898/SRR11825898_1.fastq.gz;ftp.sra.ebi.ac.uk/vol1/fastq/SRR118/098/SRR11825898/SRR11825898_2.fastq.gz	fasp.sra.ebi.ac.uk:/vol1/fastq/SRR118/098/SRR11825898/SRR11825898_1.fastq.gz;fasp.sra.ebi.ac.uk:/vol1/fastq/SRR118/098/SRR11825898/SRR11825898_2.fastq.gz	ftp.sra.ebi.ac.uk/vol1/fastq/SRR118/098/SRR11825898/SRR11825898_1.fastq.gz;ftp.sra.ebi.ac.uk/vol1/fastq/SRR118/098/SRR11825898/SRR11825898_2.fastq.gz							LZX-AD		Metagenome or environmental sample from human gut metagenome		2020-05-22				GENERATED_FILE;GENERATED_FILE		
SRR11825903	PRJNA633959	SRP262626	SAMN14978585	SRS6691128	SRX8376523	SRA1078023	408170	human gut metagenome	ILLUMINA	Illumina MiSeq	AD59.fq		PAIRED	AMPLICON	METAGENOMIC	PCR	55945	33231330	SUB7461200	2020-05-22	2020-05-22	Illumina MiSeq sequencing: Metagenome or environmental sample from human gut metagenome	Altered fecal microbiota in Chinese patients with AD	PRJNA633959	AD59.fq	AD59.R1.fq.gz	5734341;8575666	a6e2b42e0921b56376835d1d91a5f82f;37ab8f865f378cf6beb12aa5283c1373	ftp.sra.ebi.ac.uk/vol1/fastq/SRR118/003/SRR11825903/SRR11825903_1.fastq.gz;ftp.sra.ebi.ac.uk/vol1/fastq/SRR118/003/SRR11825903/SRR11825903_2.fastq.gz	fasp.sra.ebi.ac.uk:/vol1/fastq/SRR118/003/SRR11825903/SRR11825903_1.fastq.gz;fasp.sra.ebi.ac.uk:/vol1/fastq/SRR118/003/SRR11825903/SRR11825903_2.fastq.gz	ftp.sra.ebi.ac.uk/vol1/fastq/SRR118/003/SRR11825903/SRR11825903_1.fastq.gz;ftp.sra.ebi.ac.uk/vol1/fastq/SRR118/003/SRR11825903/SRR11825903_2.fastq.gz							LZX-AD		Metagenome or environmental sample from human gut metagenome		2020-05-22				GENERATED_FILE;GENERATED_FILE		
SRR11825911	PRJNA633959	SRP262626	SAMN14978585	SRS6691128	SRX8376515	SRA1078023	408170	human gut metagenome	ILLUMINA	Illumina MiSeq	AD41.fq		PAIRED	AMPLICON	METAGENOMIC	PCR	51725	30724650	SUB7461200	2020-05-22	2020-05-22	Illumina MiSeq sequencing: Metagenome or environmental sample from human gut metagenome	Altered fecal microbiota in Chinese patients with AD	PRJNA633959	AD41.fq	AD41.R1.fq.gz	5409801;8004834	c595469b7b5c1c9c9d4576a0cbbbec0c;146babcf6e4e37eaea8af7b197302326	ftp.sra.ebi.ac.uk/vol1/fastq/SRR118/011/SRR11825911/SRR11825911_1.fastq.gz;ftp.sra.ebi.ac.uk/vol1/fastq/SRR118/011/SRR11825911/SRR11825911_2.fastq.gz	fasp.sra.ebi.ac.uk:/vol1/fastq/SRR118/011/SRR11825911/SRR11825911_1.fastq.gz;fasp.sra.ebi.ac.uk:/vol1/fastq/SRR118/011/SRR11825911/SRR11825911_2.fastq.gz	ftp.sra.ebi.ac.uk/vol1/fastq/SRR118/011/SRR11825911/SRR11825911_1.fastq.gz;ftp.sra.ebi.ac.uk/vol1/fastq/SRR118/011/SRR11825911/SRR11825911_2.fastq.gz							LZX-AD		Metagenome or environmental sample from human gut metagenome		2020-05-22				GENERATED_FILE;GENERATED_FILE		
SRR11825899	PRJNA633959	SRP262626	SAMN14978585	SRS6691128	SRX8376527	SRA1078023	408170	human gut metagenome	ILLUMINA	Illumina MiSeq	AD63.fq		PAIRED	AMPLICON	METAGENOMIC	PCR	52826	31378644	SUB7461200	2020-05-22	2020-05-22	Illumina MiSeq sequencing: Metagenome or environmental sample from human gut metagenome	Altered fecal microbiota in Chinese patients with AD	PRJNA633959	AD63.fq	AD63.R1.fq.gz	5487800;8244117	16de496342fc4a94038e91618069a140;ce813a2680f709775ca7a244438fbf1a	ftp.sra.ebi.ac.uk/vol1/fastq/SRR118/099/SRR11825899/SRR11825899_1.fastq.gz;ftp.sra.ebi.ac.uk/vol1/fastq/SRR118/099/SRR11825899/SRR11825899_2.fastq.gz	fasp.sra.ebi.ac.uk:/vol1/fastq/SRR118/099/SRR11825899/SRR11825899_1.fastq.gz;fasp.sra.ebi.ac.uk:/vol1/fastq/SRR118/099/SRR11825899/SRR11825899_2.fastq.gz	ftp.sra.ebi.ac.uk/vol1/fastq/SRR118/099/SRR11825899/SRR11825899_1.fastq.gz;ftp.sra.ebi.ac.uk/vol1/fastq/SRR118/099/SRR11825899/SRR11825899_2.fastq.gz							LZX-AD		Metagenome or environmental sample from human gut metagenome		2020-05-22				GENERATED_FILE;GENERATED_FILE		
SRR11825909	PRJNA633959	SRP262626	SAMN14978585	SRS6691128	SRX8376517	SRA1078023	408170	human gut metagenome	ILLUMINA	Illumina MiSeq	AD50.fq		PAIRED	AMPLICON	METAGENOMIC	PCR	50394	30034824	SUB7461200	2020-05-22	2020-05-22	Illumina MiSeq sequencing: Metagenome or environmental sample from human gut metagenome	Altered fecal microbiota in Chinese patients with AD	PRJNA633959	AD50.fq	AD50.R1.fq.gz	5804935;7725537	54263aed2dd48d28937c4810fa7f8cb2;c395f4374c29b57d24cf72d33ab3f0d4	ftp.sra.ebi.ac.uk/vol1/fastq/SRR118/009/SRR11825909/SRR11825909_1.fastq.gz;ftp.sra.ebi.ac.uk/vol1/fastq/SRR118/009/SRR11825909/SRR11825909_2.fastq.gz	fasp.sra.ebi.ac.uk:/vol1/fastq/SRR118/009/SRR11825909/SRR11825909_1.fastq.gz;fasp.sra.ebi.ac.uk:/vol1/fastq/SRR118/009/SRR11825909/SRR11825909_2.fastq.gz	ftp.sra.ebi.ac.uk/vol1/fastq/SRR118/009/SRR11825909/SRR11825909_1.fastq.gz;ftp.sra.ebi.ac.uk/vol1/fastq/SRR118/009/SRR11825909/SRR11825909_2.fastq.gz							LZX-AD		Metagenome or environmental sample from human gut metagenome		2020-05-22				GENERATED_FILE;GENERATED_FILE		
SRR11825912	PRJNA633959	SRP262626	SAMN14978585	SRS6691128	SRX8376514	SRA1078023	408170	human gut metagenome	ILLUMINA	Illumina MiSeq	AD40.fq		PAIRED	AMPLICON	METAGENOMIC	PCR	48372	28829712	SUB7461200	2020-05-22	2020-05-22	Illumina MiSeq sequencing: Metagenome or environmental sample from human gut metagenome	Altered fecal microbiota in Chinese patients with AD	PRJNA633959	AD40.fq	AD40.R1.fq.gz	5523362;7430240	e63065c1a039bc84cdf796354e27d110;a36f261fa999c616c791aae7d9f4286d	ftp.sra.ebi.ac.uk/vol1/fastq/SRR118/012/SRR11825912/SRR11825912_1.fastq.gz;ftp.sra.ebi.ac.uk/vol1/fastq/SRR118/012/SRR11825912/SRR11825912_2.fastq.gz	fasp.sra.ebi.ac.uk:/vol1/fastq/SRR118/012/SRR11825912/SRR11825912_1.fastq.gz;fasp.sra.ebi.ac.uk:/vol1/fastq/SRR118/012/SRR11825912/SRR11825912_2.fastq.gz	ftp.sra.ebi.ac.uk/vol1/fastq/SRR118/012/SRR11825912/SRR11825912_1.fastq.gz;ftp.sra.ebi.ac.uk/vol1/fastq/SRR118/012/SRR11825912/SRR11825912_2.fastq.gz							LZX-AD		Metagenome or environmental sample from human gut metagenome		2020-05-22				GENERATED_FILE;GENERATED_FILE		
SRR11825906	PRJNA633959	SRP262626	SAMN14978585	SRS6691128	SRX8376520	SRA1078023	408170	human gut metagenome	ILLUMINA	Illumina MiSeq	AD55.fq		PAIRED	AMPLICON	METAGENOMIC	PCR	67511	40439089	SUB7461200	2020-05-22	2020-05-22	Illumina MiSeq sequencing: Metagenome or environmental sample from human gut metagenome	Altered fecal microbiota in Chinese patients with AD	PRJNA633959	AD55.fq	AD55.R1.fq.gz	6961748;10258001	aa46b3f2245f09ebee0a3348280377dc;1889713f73f85e6c9e2804f432ed177a	ftp.sra.ebi.ac.uk/vol1/fastq/SRR118/006/SRR11825906/SRR11825906_1.fastq.gz;ftp.sra.ebi.ac.uk/vol1/fastq/SRR118/006/SRR11825906/SRR11825906_2.fastq.gz	fasp.sra.ebi.ac.uk:/vol1/fastq/SRR118/006/SRR11825906/SRR11825906_1.fastq.gz;fasp.sra.ebi.ac.uk:/vol1/fastq/SRR118/006/SRR11825906/SRR11825906_2.fastq.gz	ftp.sra.ebi.ac.uk/vol1/fastq/SRR118/006/SRR11825906/SRR11825906_1.fastq.gz;ftp.sra.ebi.ac.uk/vol1/fastq/SRR118/006/SRR11825906/SRR11825906_2.fastq.gz							LZX-AD		Metagenome or environmental sample from human gut metagenome		2020-05-22				GENERATED_FILE;GENERATED_FILE		
SRR11825914	PRJNA633959	SRP262626	SAMN14978585	SRS6691128	SRX8376512	SRA1078023	408170	human gut metagenome	ILLUMINA	Illumina MiSeq	AD36.fq		PAIRED	AMPLICON	METAGENOMIC	PCR	63632	37542880	SUB7461200	2020-05-22	2020-05-22	Illumina MiSeq sequencing: Metagenome or environmental sample from human gut metagenome	Altered fecal microbiota in Chinese patients with AD	PRJNA633959	AD36.fq	AD36.R1.fq.gz	6538494;9510828	05a50e98eb1a4c7912f03c53332965f7;0f079c761a3432b449b074ebdf81d0a0	ftp.sra.ebi.ac.uk/vol1/fastq/SRR118/014/SRR11825914/SRR11825914_1.fastq.gz;ftp.sra.ebi.ac.uk/vol1/fastq/SRR118/014/SRR11825914/SRR11825914_2.fastq.gz	fasp.sra.ebi.ac.uk:/vol1/fastq/SRR118/014/SRR11825914/SRR11825914_1.fastq.gz;fasp.sra.ebi.ac.uk:/vol1/fastq/SRR118/014/SRR11825914/SRR11825914_2.fastq.gz	ftp.sra.ebi.ac.uk/vol1/fastq/SRR118/014/SRR11825914/SRR11825914_1.fastq.gz;ftp.sra.ebi.ac.uk/vol1/fastq/SRR118/014/SRR11825914/SRR11825914_2.fastq.gz							LZX-AD		Metagenome or environmental sample from human gut metagenome		2020-05-22				GENERATED_FILE;GENERATED_FILE		
SRR11825913	PRJNA633959	SRP262626	SAMN14978585	SRS6691128	SRX8376513	SRA1078023	408170	human gut metagenome	ILLUMINA	Illumina MiSeq	AD37.fq		PAIRED	AMPLICON	METAGENOMIC	PCR	61671	36940929	SUB7461200	2020-05-22	2020-05-22	Illumina MiSeq sequencing: Metagenome or environmental sample from human gut metagenome	Altered fecal microbiota in Chinese patients with AD	PRJNA633959	AD37.fq	AD37.R1.fq.gz	6763894;10117344	4c04b094f4646f7bc5577a335ebfa9f7;617bd250ccb62c045869e5d322b61d29	ftp.sra.ebi.ac.uk/vol1/fastq/SRR118/013/SRR11825913/SRR11825913_1.fastq.gz;ftp.sra.ebi.ac.uk/vol1/fastq/SRR118/013/SRR11825913/SRR11825913_2.fastq.gz	fasp.sra.ebi.ac.uk:/vol1/fastq/SRR118/013/SRR11825913/SRR11825913_1.fastq.gz;fasp.sra.ebi.ac.uk:/vol1/fastq/SRR118/013/SRR11825913/SRR11825913_2.fastq.gz	ftp.sra.ebi.ac.uk/vol1/fastq/SRR118/013/SRR11825913/SRR11825913_1.fastq.gz;ftp.sra.ebi.ac.uk/vol1/fastq/SRR118/013/SRR11825913/SRR11825913_2.fastq.gz							LZX-AD		Metagenome or environmental sample from human gut metagenome		2020-05-22				GENERATED_FILE;GENERATED_FILE		
SRR11825908	PRJNA633959	SRP262626	SAMN14978585	SRS6691128	SRX8376518	SRA1078023	408170	human gut metagenome	ILLUMINA	Illumina MiSeq	AD53.fq		PAIRED	AMPLICON	METAGENOMIC	PCR	65291	38782854	SUB7461200	2020-05-22	2020-05-22	Illumina MiSeq sequencing: Metagenome or environmental sample from human gut metagenome	Altered fecal microbiota in Chinese patients with AD	PRJNA633959	AD53.fq	AD53.R1.fq.gz	6547306;10073216	500b3a64d62b56b1d9a79be8fe24849d;0230cafc171d76e02e3ca90abde22a6e	ftp.sra.ebi.ac.uk/vol1/fastq/SRR118/008/SRR11825908/SRR11825908_1.fastq.gz;ftp.sra.ebi.ac.uk/vol1/fastq/SRR118/008/SRR11825908/SRR11825908_2.fastq.gz	fasp.sra.ebi.ac.uk:/vol1/fastq/SRR118/008/SRR11825908/SRR11825908_1.fastq.gz;fasp.sra.ebi.ac.uk:/vol1/fastq/SRR118/008/SRR11825908/SRR11825908_2.fastq.gz	ftp.sra.ebi.ac.uk/vol1/fastq/SRR118/008/SRR11825908/SRR11825908_1.fastq.gz;ftp.sra.ebi.ac.uk/vol1/fastq/SRR118/008/SRR11825908/SRR11825908_2.fastq.gz							LZX-AD		Metagenome or environmental sample from human gut metagenome		2020-05-22				GENERATED_FILE;GENERATED_FILE		
SRR11825916	PRJNA633959	SRP262626	SAMN14978585	SRS6691128	SRX8376510	SRA1078023	408170	human gut metagenome	ILLUMINA	Illumina MiSeq	AD35.fq		PAIRED	AMPLICON	METAGENOMIC	PCR	55114	32737716	SUB7461200	2020-05-22	2020-05-22	Illumina MiSeq sequencing: Metagenome or environmental sample from human gut metagenome	Altered fecal microbiota in Chinese patients with AD	PRJNA633959	AD35.fq	AD35.R1.fq.gz	5530024;8405259	3da3f590240cce30e5de23cf126b08ee;5653286a440df4a0c5abf4b08a8a7a2e	ftp.sra.ebi.ac.uk/vol1/fastq/SRR118/016/SRR11825916/SRR11825916_1.fastq.gz;ftp.sra.ebi.ac.uk/vol1/fastq/SRR118/016/SRR11825916/SRR11825916_2.fastq.gz	fasp.sra.ebi.ac.uk:/vol1/fastq/SRR118/016/SRR11825916/SRR11825916_1.fastq.gz;fasp.sra.ebi.ac.uk:/vol1/fastq/SRR118/016/SRR11825916/SRR11825916_2.fastq.gz	ftp.sra.ebi.ac.uk/vol1/fastq/SRR118/016/SRR11825916/SRR11825916_1.fastq.gz;ftp.sra.ebi.ac.uk/vol1/fastq/SRR118/016/SRR11825916/SRR11825916_2.fastq.gz							LZX-AD		Metagenome or environmental sample from human gut metagenome		2020-05-22				GENERATED_FILE;GENERATED_FILE		
SRR11825920	PRJNA633959	SRP262626	SAMN14978585	SRS6691128	SRX8376506	SRA1078023	408170	human gut metagenome	ILLUMINA	Illumina MiSeq	AD31.fq		PAIRED	AMPLICON	METAGENOMIC	PCR	61968	36808992	SUB7461200	2020-05-22	2020-05-22	Illumina MiSeq sequencing: Metagenome or environmental sample from human gut metagenome	Altered fecal microbiota in Chinese patients with AD	PRJNA633959	AD31.fq	AD31.R1.fq.gz	6677427;9987284	597196094939820651a8cc05054ef74c;9c8702ba5a11332d2a57da6bbb5983c0	ftp.sra.ebi.ac.uk/vol1/fastq/SRR118/020/SRR11825920/SRR11825920_1.fastq.gz;ftp.sra.ebi.ac.uk/vol1/fastq/SRR118/020/SRR11825920/SRR11825920_2.fastq.gz	fasp.sra.ebi.ac.uk:/vol1/fastq/SRR118/020/SRR11825920/SRR11825920_1.fastq.gz;fasp.sra.ebi.ac.uk:/vol1/fastq/SRR118/020/SRR11825920/SRR11825920_2.fastq.gz	ftp.sra.ebi.ac.uk/vol1/fastq/SRR118/020/SRR11825920/SRR11825920_1.fastq.gz;ftp.sra.ebi.ac.uk/vol1/fastq/SRR118/020/SRR11825920/SRR11825920_2.fastq.gz							LZX-AD		Metagenome or environmental sample from human gut metagenome		2020-05-22				GENERATED_FILE;GENERATED_FILE		
SRR11825915	PRJNA633959	SRP262626	SAMN14978585	SRS6691128	SRX8376511	SRA1078023	408170	human gut metagenome	ILLUMINA	Illumina MiSeq	AD07.fq		PAIRED	AMPLICON	METAGENOMIC	PCR	73633	44106167	SUB7461200	2020-05-22	2020-05-22	Illumina MiSeq sequencing: Metagenome or environmental sample from human gut metagenome	Altered fecal microbiota in Chinese patients with AD	PRJNA633959	AD07.fq	AD07.R1.fq.gz	7838141;11567617	1f215d0032bfcb6614d73057bce3d538;e4f7b859cb5d7781098267535a3e89e2	ftp.sra.ebi.ac.uk/vol1/fastq/SRR118/015/SRR11825915/SRR11825915_1.fastq.gz;ftp.sra.ebi.ac.uk/vol1/fastq/SRR118/015/SRR11825915/SRR11825915_2.fastq.gz	fasp.sra.ebi.ac.uk:/vol1/fastq/SRR118/015/SRR11825915/SRR11825915_1.fastq.gz;fasp.sra.ebi.ac.uk:/vol1/fastq/SRR118/015/SRR11825915/SRR11825915_2.fastq.gz	ftp.sra.ebi.ac.uk/vol1/fastq/SRR118/015/SRR11825915/SRR11825915_1.fastq.gz;ftp.sra.ebi.ac.uk/vol1/fastq/SRR118/015/SRR11825915/SRR11825915_2.fastq.gz							LZX-AD		Metagenome or environmental sample from human gut metagenome		2020-05-22				GENERATED_FILE;GENERATED_FILE		
SRR11825917	PRJNA633959	SRP262626	SAMN14978585	SRS6691128	SRX8376509	SRA1078023	408170	human gut metagenome	ILLUMINA	Illumina MiSeq	AD34.fq		PAIRED	AMPLICON	METAGENOMIC	PCR	53928	32141088	SUB7461200	2020-05-22	2020-05-22	Illumina MiSeq sequencing: Metagenome or environmental sample from human gut metagenome	Altered fecal microbiota in Chinese patients with AD	PRJNA633959	AD34.fq	AD34.R1.fq.gz	5629195;8028104	a0127436c33b38cc210d7308f3f543a4;c91e8316f805d97a15c73331eaa4592f	ftp.sra.ebi.ac.uk/vol1/fastq/SRR118/017/SRR11825917/SRR11825917_1.fastq.gz;ftp.sra.ebi.ac.uk/vol1/fastq/SRR118/017/SRR11825917/SRR11825917_2.fastq.gz	fasp.sra.ebi.ac.uk:/vol1/fastq/SRR118/017/SRR11825917/SRR11825917_1.fastq.gz;fasp.sra.ebi.ac.uk:/vol1/fastq/SRR118/017/SRR11825917/SRR11825917_2.fastq.gz	ftp.sra.ebi.ac.uk/vol1/fastq/SRR118/017/SRR11825917/SRR11825917_1.fastq.gz;ftp.sra.ebi.ac.uk/vol1/fastq/SRR118/017/SRR11825917/SRR11825917_2.fastq.gz							LZX-AD		Metagenome or environmental sample from human gut metagenome		2020-05-22				GENERATED_FILE;GENERATED_FILE		
SRR11825927	PRJNA633959	SRP262626	SAMN14978585	SRS6691128	SRX8376499	SRA1078023	408170	human gut metagenome	ILLUMINA	Illumina MiSeq	AD24.fq		PAIRED	AMPLICON	METAGENOMIC	PCR	37384	22393016	SUB7461200	2020-05-22	2020-05-22	Illumina MiSeq sequencing: Metagenome or environmental sample from human gut metagenome	Altered fecal microbiota in Chinese patients with AD	PRJNA633959	AD24.fq	AD24.R1.fq.gz	3824259;5889882	c42da1ff0aec829e6b15b89381338b6c;c03e8f212caf3d82954270535c0d88eb	ftp.sra.ebi.ac.uk/vol1/fastq/SRR118/027/SRR11825927/SRR11825927_1.fastq.gz;ftp.sra.ebi.ac.uk/vol1/fastq/SRR118/027/SRR11825927/SRR11825927_2.fastq.gz	fasp.sra.ebi.ac.uk:/vol1/fastq/SRR118/027/SRR11825927/SRR11825927_1.fastq.gz;fasp.sra.ebi.ac.uk:/vol1/fastq/SRR118/027/SRR11825927/SRR11825927_2.fastq.gz	ftp.sra.ebi.ac.uk/vol1/fastq/SRR118/027/SRR11825927/SRR11825927_1.fastq.gz;ftp.sra.ebi.ac.uk/vol1/fastq/SRR118/027/SRR11825927/SRR11825927_2.fastq.gz							LZX-AD		Metagenome or environmental sample from human gut metagenome		2020-05-22				GENERATED_FILE;GENERATED_FILE		
SRR11825918	PRJNA633959	SRP262626	SAMN14978585	SRS6691128	SRX8376508	SRA1078023	408170	human gut metagenome	ILLUMINA	Illumina MiSeq	AD33.fq		PAIRED	AMPLICON	METAGENOMIC	PCR	72109	43193291	SUB7461200	2020-05-22	2020-05-22	Illumina MiSeq sequencing: Metagenome or environmental sample from human gut metagenome	Altered fecal microbiota in Chinese patients with AD	PRJNA633959	AD33.fq	AD33.R1.fq.gz	7581988;11298300	e9dfba65d09fb02f8ca2e6fc54d0a238;419d223d058ddc4441295a535e1d9e21	ftp.sra.ebi.ac.uk/vol1/fastq/SRR118/018/SRR11825918/SRR11825918_1.fastq.gz;ftp.sra.ebi.ac.uk/vol1/fastq/SRR118/018/SRR11825918/SRR11825918_2.fastq.gz	fasp.sra.ebi.ac.uk:/vol1/fastq/SRR118/018/SRR11825918/SRR11825918_1.fastq.gz;fasp.sra.ebi.ac.uk:/vol1/fastq/SRR118/018/SRR11825918/SRR11825918_2.fastq.gz	ftp.sra.ebi.ac.uk/vol1/fastq/SRR118/018/SRR11825918/SRR11825918_1.fastq.gz;ftp.sra.ebi.ac.uk/vol1/fastq/SRR118/018/SRR11825918/SRR11825918_2.fastq.gz							LZX-AD		Metagenome or environmental sample from human gut metagenome		2020-05-22				GENERATED_FILE;GENERATED_FILE		
SRR11825922	PRJNA633959	SRP262626	SAMN14978585	SRS6691128	SRX8376504	SRA1078023	408170	human gut metagenome	ILLUMINA	Illumina MiSeq	AD29.fq		PAIRED	AMPLICON	METAGENOMIC	PCR	75478	45211322	SUB7461200	2020-05-22	2020-05-22	Illumina MiSeq sequencing: Metagenome or environmental sample from human gut metagenome	Altered fecal microbiota in Chinese patients with AD	PRJNA633959	AD29.fq	AD29.R1.fq.gz	8253466;12041864	a7732ea6541e51e7e5ea0cf2d4ff4a52;413dc1b1db094800c1a341f066d240a7	ftp.sra.ebi.ac.uk/vol1/fastq/SRR118/022/SRR11825922/SRR11825922_1.fastq.gz;ftp.sra.ebi.ac.uk/vol1/fastq/SRR118/022/SRR11825922/SRR11825922_2.fastq.gz	fasp.sra.ebi.ac.uk:/vol1/fastq/SRR118/022/SRR11825922/SRR11825922_1.fastq.gz;fasp.sra.ebi.ac.uk:/vol1/fastq/SRR118/022/SRR11825922/SRR11825922_2.fastq.gz	ftp.sra.ebi.ac.uk/vol1/fastq/SRR118/022/SRR11825922/SRR11825922_1.fastq.gz;ftp.sra.ebi.ac.uk/vol1/fastq/SRR118/022/SRR11825922/SRR11825922_2.fastq.gz							LZX-AD		Metagenome or environmental sample from human gut metagenome		2020-05-22				GENERATED_FILE;GENERATED_FILE		
SRR11825919	PRJNA633959	SRP262626	SAMN14978585	SRS6691128	SRX8376507	SRA1078023	408170	human gut metagenome	ILLUMINA	Illumina MiSeq	AD32.fq		PAIRED	AMPLICON	METAGENOMIC	PCR	59843	35307370	SUB7461200	2020-05-22	2020-05-22	Illumina MiSeq sequencing: Metagenome or environmental sample from human gut metagenome	Altered fecal microbiota in Chinese patients with AD	PRJNA633959	AD32.fq	AD32.R1.fq.gz	5664385;8363192	9477a40c344288ece9d18fb734f963dd;962d9464795412358a5283995db228d0	ftp.sra.ebi.ac.uk/vol1/fastq/SRR118/019/SRR11825919/SRR11825919_1.fastq.gz;ftp.sra.ebi.ac.uk/vol1/fastq/SRR118/019/SRR11825919/SRR11825919_2.fastq.gz	fasp.sra.ebi.ac.uk:/vol1/fastq/SRR118/019/SRR11825919/SRR11825919_1.fastq.gz;fasp.sra.ebi.ac.uk:/vol1/fastq/SRR118/019/SRR11825919/SRR11825919_2.fastq.gz	ftp.sra.ebi.ac.uk/vol1/fastq/SRR118/019/SRR11825919/SRR11825919_1.fastq.gz;ftp.sra.ebi.ac.uk/vol1/fastq/SRR118/019/SRR11825919/SRR11825919_2.fastq.gz							LZX-AD		Metagenome or environmental sample from human gut metagenome		2020-05-22				GENERATED_FILE;GENERATED_FILE		
SRR11825933	PRJNA633959	SRP262626	SAMN14978585	SRS6691128	SRX8376493	SRA1078023	408170	human gut metagenome	ILLUMINA	Illumina MiSeq	C85.fq		PAIRED	AMPLICON	METAGENOMIC	PCR	34973	20843908	SUB7461200	2020-05-22	2020-05-22	Illumina MiSeq sequencing: Metagenome or environmental sample from human gut metagenome	Altered fecal microbiota in Chinese patients with AD	PRJNA633959	C85.fq	C85.R1.fq.gz	3957542;5527420	b468714d66581eedc24f3509d720b88e;b546135cdc84a7c9e5d408f007da5b42	ftp.sra.ebi.ac.uk/vol1/fastq/SRR118/033/SRR11825933/SRR11825933_1.fastq.gz;ftp.sra.ebi.ac.uk/vol1/fastq/SRR118/033/SRR11825933/SRR11825933_2.fastq.gz	fasp.sra.ebi.ac.uk:/vol1/fastq/SRR118/033/SRR11825933/SRR11825933_1.fastq.gz;fasp.sra.ebi.ac.uk:/vol1/fastq/SRR118/033/SRR11825933/SRR11825933_2.fastq.gz	ftp.sra.ebi.ac.uk/vol1/fastq/SRR118/033/SRR11825933/SRR11825933_1.fastq.gz;ftp.sra.ebi.ac.uk/vol1/fastq/SRR118/033/SRR11825933/SRR11825933_2.fastq.gz							LZX-AD		Metagenome or environmental sample from human gut metagenome		2020-05-22				GENERATED_FILE;GENERATED_FILE		
SRR11825925	PRJNA633959	SRP262626	SAMN14978585	SRS6691128	SRX8376501	SRA1078023	408170	human gut metagenome	ILLUMINA	Illumina MiSeq	AD25.fq		PAIRED	AMPLICON	METAGENOMIC	PCR	28061	16724356	SUB7461200	2020-05-22	2020-05-22	Illumina MiSeq sequencing: Metagenome or environmental sample from human gut metagenome	Altered fecal microbiota in Chinese patients with AD	PRJNA633959	AD25.fq	AD25.R1.fq.gz	3003246;4529218	89ce2baec213336fa76ec3eec1f20ef6;34f8882e85babf2b86c5c9363d0024e8	ftp.sra.ebi.ac.uk/vol1/fastq/SRR118/025/SRR11825925/SRR11825925_1.fastq.gz;ftp.sra.ebi.ac.uk/vol1/fastq/SRR118/025/SRR11825925/SRR11825925_2.fastq.gz	fasp.sra.ebi.ac.uk:/vol1/fastq/SRR118/025/SRR11825925/SRR11825925_1.fastq.gz;fasp.sra.ebi.ac.uk:/vol1/fastq/SRR118/025/SRR11825925/SRR11825925_2.fastq.gz	ftp.sra.ebi.ac.uk/vol1/fastq/SRR118/025/SRR11825925/SRR11825925_1.fastq.gz;ftp.sra.ebi.ac.uk/vol1/fastq/SRR118/025/SRR11825925/SRR11825925_2.fastq.gz							LZX-AD		Metagenome or environmental sample from human gut metagenome		2020-05-22				GENERATED_FILE;GENERATED_FILE		
SRR11825921	PRJNA633959	SRP262626	SAMN14978585	SRS6691128	SRX8376505	SRA1078023	408170	human gut metagenome	ILLUMINA	Illumina MiSeq	AD30.fq		PAIRED	AMPLICON	METAGENOMIC	PCR	53001	31588596	SUB7461200	2020-05-22	2020-05-22	Illumina MiSeq sequencing: Metagenome or environmental sample from human gut metagenome	Altered fecal microbiota in Chinese patients with AD	PRJNA633959	AD30.fq	AD30.R1.fq.gz	5873884;7971022	e05672d50a4f8cb0e976e284206d9bb2;0207cd7343c6269feed78581e7dd0c55	ftp.sra.ebi.ac.uk/vol1/fastq/SRR118/021/SRR11825921/SRR11825921_1.fastq.gz;ftp.sra.ebi.ac.uk/vol1/fastq/SRR118/021/SRR11825921/SRR11825921_2.fastq.gz	fasp.sra.ebi.ac.uk:/vol1/fastq/SRR118/021/SRR11825921/SRR11825921_1.fastq.gz;fasp.sra.ebi.ac.uk:/vol1/fastq/SRR118/021/SRR11825921/SRR11825921_2.fastq.gz	ftp.sra.ebi.ac.uk/vol1/fastq/SRR118/021/SRR11825921/SRR11825921_1.fastq.gz;ftp.sra.ebi.ac.uk/vol1/fastq/SRR118/021/SRR11825921/SRR11825921_2.fastq.gz							LZX-AD		Metagenome or environmental sample from human gut metagenome		2020-05-22				GENERATED_FILE;GENERATED_FILE		
SRR11825936	PRJNA633959	SRP262626	SAMN14978585	SRS6691128	SRX8376490	SRA1078023	408170	human gut metagenome	ILLUMINA	Illumina MiSeq	C82.fq		PAIRED	AMPLICON	METAGENOMIC	PCR	44556	26466264	SUB7461200	2020-05-22	2020-05-22	Illumina MiSeq sequencing: Metagenome or environmental sample from human gut metagenome	Altered fecal microbiota in Chinese patients with AD	PRJNA633959	C82.fq	C82.R1.fq.gz	4775184;7149510	83b79f09eafda54d0ebe8e7738d8fae1;71e545b8e94aee194a274f1e06694ed3	ftp.sra.ebi.ac.uk/vol1/fastq/SRR118/036/SRR11825936/SRR11825936_1.fastq.gz;ftp.sra.ebi.ac.uk/vol1/fastq/SRR118/036/SRR11825936/SRR11825936_2.fastq.gz	fasp.sra.ebi.ac.uk:/vol1/fastq/SRR118/036/SRR11825936/SRR11825936_1.fastq.gz;fasp.sra.ebi.ac.uk:/vol1/fastq/SRR118/036/SRR11825936/SRR11825936_2.fastq.gz	ftp.sra.ebi.ac.uk/vol1/fastq/SRR118/036/SRR11825936/SRR11825936_1.fastq.gz;ftp.sra.ebi.ac.uk/vol1/fastq/SRR118/036/SRR11825936/SRR11825936_2.fastq.gz							LZX-AD		Metagenome or environmental sample from human gut metagenome		2020-05-22				GENERATED_FILE;GENERATED_FILE		
SRR11825928	PRJNA633959	SRP262626	SAMN14978585	SRS6691128	SRX8376498	SRA1078023	408170	human gut metagenome	ILLUMINA	Illumina MiSeq	AD23.fq		PAIRED	AMPLICON	METAGENOMIC	PCR	37866	22340940	SUB7461200	2020-05-22	2020-05-22	Illumina MiSeq sequencing: Metagenome or environmental sample from human gut metagenome	Altered fecal microbiota in Chinese patients with AD	PRJNA633959	AD23.fq	AD23.R1.fq.gz	3835527;5688249	edfa6a9ac52269b7de4c61b19d4bcbb3;f1432a0407247f4a77c209c5cafc33fd	ftp.sra.ebi.ac.uk/vol1/fastq/SRR118/028/SRR11825928/SRR11825928_1.fastq.gz;ftp.sra.ebi.ac.uk/vol1/fastq/SRR118/028/SRR11825928/SRR11825928_2.fastq.gz	fasp.sra.ebi.ac.uk:/vol1/fastq/SRR118/028/SRR11825928/SRR11825928_1.fastq.gz;fasp.sra.ebi.ac.uk:/vol1/fastq/SRR118/028/SRR11825928/SRR11825928_2.fastq.gz	ftp.sra.ebi.ac.uk/vol1/fastq/SRR118/028/SRR11825928/SRR11825928_1.fastq.gz;ftp.sra.ebi.ac.uk/vol1/fastq/SRR118/028/SRR11825928/SRR11825928_2.fastq.gz							LZX-AD		Metagenome or environmental sample from human gut metagenome		2020-05-22				GENERATED_FILE;GENERATED_FILE		
SRR11825923	PRJNA633959	SRP262626	SAMN14978585	SRS6691128	SRX8376503	SRA1078023	408170	human gut metagenome	ILLUMINA	Illumina MiSeq	AD27.fq		PAIRED	AMPLICON	METAGENOMIC	PCR	39519	23316210	SUB7461200	2020-05-22	2020-05-22	Illumina MiSeq sequencing: Metagenome or environmental sample from human gut metagenome	Altered fecal microbiota in Chinese patients with AD	PRJNA633959	AD27.fq	AD27.R1.fq.gz	4300355;6296876	8639f94f64043a0306380f2638ea3e33;2006507791fbad43c97a33d8a2f9d3bc	ftp.sra.ebi.ac.uk/vol1/fastq/SRR118/023/SRR11825923/SRR11825923_1.fastq.gz;ftp.sra.ebi.ac.uk/vol1/fastq/SRR118/023/SRR11825923/SRR11825923_2.fastq.gz	fasp.sra.ebi.ac.uk:/vol1/fastq/SRR118/023/SRR11825923/SRR11825923_1.fastq.gz;fasp.sra.ebi.ac.uk:/vol1/fastq/SRR118/023/SRR11825923/SRR11825923_2.fastq.gz	ftp.sra.ebi.ac.uk/vol1/fastq/SRR118/023/SRR11825923/SRR11825923_1.fastq.gz;ftp.sra.ebi.ac.uk/vol1/fastq/SRR118/023/SRR11825923/SRR11825923_2.fastq.gz							LZX-AD		Metagenome or environmental sample from human gut metagenome		2020-05-22				GENERATED_FILE;GENERATED_FILE		
SRR11825938	PRJNA633959	SRP262626	SAMN14978585	SRS6691128	SRX8376488	SRA1078023	408170	human gut metagenome	ILLUMINA	Illumina MiSeq	C80.fq		PAIRED	AMPLICON	METAGENOMIC	PCR	48747	29199453	SUB7461200	2020-05-22	2020-05-22	Illumina MiSeq sequencing: Metagenome or environmental sample from human gut metagenome	Altered fecal microbiota in Chinese patients with AD	PRJNA633959	C80.fq	C80.R1.fq.gz	4952528;7489067	32af3442fad07128961e1e325a1f2826;4dd2eb25064dbc160b77b74f693c5587	ftp.sra.ebi.ac.uk/vol1/fastq/SRR118/038/SRR11825938/SRR11825938_1.fastq.gz;ftp.sra.ebi.ac.uk/vol1/fastq/SRR118/038/SRR11825938/SRR11825938_2.fastq.gz	fasp.sra.ebi.ac.uk:/vol1/fastq/SRR118/038/SRR11825938/SRR11825938_1.fastq.gz;fasp.sra.ebi.ac.uk:/vol1/fastq/SRR118/038/SRR11825938/SRR11825938_2.fastq.gz	ftp.sra.ebi.ac.uk/vol1/fastq/SRR118/038/SRR11825938/SRR11825938_1.fastq.gz;ftp.sra.ebi.ac.uk/vol1/fastq/SRR118/038/SRR11825938/SRR11825938_2.fastq.gz							LZX-AD		Metagenome or environmental sample from human gut metagenome		2020-05-22				GENERATED_FILE;GENERATED_FILE		
SRR11825929	PRJNA633959	SRP262626	SAMN14978585	SRS6691128	SRX8376497	SRA1078023	408170	human gut metagenome	ILLUMINA	Illumina MiSeq	C88.fq		PAIRED	AMPLICON	METAGENOMIC	PCR	49160	29446840	SUB7461200	2020-05-22	2020-05-22	Illumina MiSeq sequencing: Metagenome or environmental sample from human gut metagenome	Altered fecal microbiota in Chinese patients with AD	PRJNA633959	C88.fq	C88.R1.fq.gz	5445471;8134072	95ed62f8b461b2b74485e6fe98cefc64;c5f4a62024eccb0da3425724f817fb0e	ftp.sra.ebi.ac.uk/vol1/fastq/SRR118/029/SRR11825929/SRR11825929_1.fastq.gz;ftp.sra.ebi.ac.uk/vol1/fastq/SRR118/029/SRR11825929/SRR11825929_2.fastq.gz	fasp.sra.ebi.ac.uk:/vol1/fastq/SRR118/029/SRR11825929/SRR11825929_1.fastq.gz;fasp.sra.ebi.ac.uk:/vol1/fastq/SRR118/029/SRR11825929/SRR11825929_2.fastq.gz	ftp.sra.ebi.ac.uk/vol1/fastq/SRR118/029/SRR11825929/SRR11825929_1.fastq.gz;ftp.sra.ebi.ac.uk/vol1/fastq/SRR118/029/SRR11825929/SRR11825929_2.fastq.gz							LZX-AD		Metagenome or environmental sample from human gut metagenome		2020-05-22				GENERATED_FILE;GENERATED_FILE		
SRR11825924	PRJNA633959	SRP262626	SAMN14978585	SRS6691128	SRX8376502	SRA1078023	408170	human gut metagenome	ILLUMINA	Illumina MiSeq	AD26.fq		PAIRED	AMPLICON	METAGENOMIC	PCR	38380	22797720	SUB7461200	2020-05-22	2020-05-22	Illumina MiSeq sequencing: Metagenome or environmental sample from human gut metagenome	Altered fecal microbiota in Chinese patients with AD	PRJNA633959	AD26.fq	AD26.R1.fq.gz	4373723;6437069	db4f6eacd5c60ec4a2eb6f8ab734d55b;c4d0327ab729c7259bfe70a20c5c2c6d	ftp.sra.ebi.ac.uk/vol1/fastq/SRR118/024/SRR11825924/SRR11825924_1.fastq.gz;ftp.sra.ebi.ac.uk/vol1/fastq/SRR118/024/SRR11825924/SRR11825924_2.fastq.gz	fasp.sra.ebi.ac.uk:/vol1/fastq/SRR118/024/SRR11825924/SRR11825924_1.fastq.gz;fasp.sra.ebi.ac.uk:/vol1/fastq/SRR118/024/SRR11825924/SRR11825924_2.fastq.gz	ftp.sra.ebi.ac.uk/vol1/fastq/SRR118/024/SRR11825924/SRR11825924_1.fastq.gz;ftp.sra.ebi.ac.uk/vol1/fastq/SRR118/024/SRR11825924/SRR11825924_2.fastq.gz							LZX-AD		Metagenome or environmental sample from human gut metagenome		2020-05-22				GENERATED_FILE;GENERATED_FILE		
SRR11825931	PRJNA633959	SRP262626	SAMN14978585	SRS6691128	SRX8376495	SRA1078023	408170	human gut metagenome	ILLUMINA	Illumina MiSeq	C87.fq		PAIRED	AMPLICON	METAGENOMIC	PCR	47364	27944760	SUB7461200	2020-05-22	2020-05-22	Illumina MiSeq sequencing: Metagenome or environmental sample from human gut metagenome	Altered fecal microbiota in Chinese patients with AD	PRJNA633959	C87.fq	C87.R1.fq.gz	4904234;7201301	23f32fe1b2f8d4ea846a5ddeca9f6939;c8a4e4b4d2c40cf1b4ae414d8a55afce	ftp.sra.ebi.ac.uk/vol1/fastq/SRR118/031/SRR11825931/SRR11825931_1.fastq.gz;ftp.sra.ebi.ac.uk/vol1/fastq/SRR118/031/SRR11825931/SRR11825931_2.fastq.gz	fasp.sra.ebi.ac.uk:/vol1/fastq/SRR118/031/SRR11825931/SRR11825931_1.fastq.gz;fasp.sra.ebi.ac.uk:/vol1/fastq/SRR118/031/SRR11825931/SRR11825931_2.fastq.gz	ftp.sra.ebi.ac.uk/vol1/fastq/SRR118/031/SRR11825931/SRR11825931_1.fastq.gz;ftp.sra.ebi.ac.uk/vol1/fastq/SRR118/031/SRR11825931/SRR11825931_2.fastq.gz							LZX-AD		Metagenome or environmental sample from human gut metagenome		2020-05-22				GENERATED_FILE;GENERATED_FILE		
SRR11825940	PRJNA633959	SRP262626	SAMN14978585	SRS6691128	SRX8376486	SRA1078023	408170	human gut metagenome	ILLUMINA	Illumina MiSeq	C78.fq		PAIRED	AMPLICON	METAGENOMIC	PCR	40869	24276186	SUB7461200	2020-05-22	2020-05-22	Illumina MiSeq sequencing: Metagenome or environmental sample from human gut metagenome	Altered fecal microbiota in Chinese patients with AD	PRJNA633959	C78.fq	C78.R1.fq.gz	4000885;6101760	4b5f49afc21b9b9169d1e553fadd1112;5e953ec93421314ffa7d51c6f0b44164	ftp.sra.ebi.ac.uk/vol1/fastq/SRR118/040/SRR11825940/SRR11825940_1.fastq.gz;ftp.sra.ebi.ac.uk/vol1/fastq/SRR118/040/SRR11825940/SRR11825940_2.fastq.gz	fasp.sra.ebi.ac.uk:/vol1/fastq/SRR118/040/SRR11825940/SRR11825940_1.fastq.gz;fasp.sra.ebi.ac.uk:/vol1/fastq/SRR118/040/SRR11825940/SRR11825940_2.fastq.gz	ftp.sra.ebi.ac.uk/vol1/fastq/SRR118/040/SRR11825940/SRR11825940_1.fastq.gz;ftp.sra.ebi.ac.uk/vol1/fastq/SRR118/040/SRR11825940/SRR11825940_2.fastq.gz							LZX-AD		Metagenome or environmental sample from human gut metagenome		2020-05-22				GENERATED_FILE;GENERATED_FILE		
SRR11825926	PRJNA633959	SRP262626	SAMN14978585	SRS6691128	SRX8376500	SRA1078023	408170	human gut metagenome	ILLUMINA	Illumina MiSeq	AD05.fq		PAIRED	AMPLICON	METAGENOMIC	PCR	42351	24987090	SUB7461200	2020-05-22	2020-05-22	Illumina MiSeq sequencing: Metagenome or environmental sample from human gut metagenome	Altered fecal microbiota in Chinese patients with AD	PRJNA633959	AD05.fq	AD05.R1.fq.gz	4279213;6596281	b37857f4f5f45791497ab72b8ed7b9fe;6c76191139112696f4c89cd76a6d8bf0	ftp.sra.ebi.ac.uk/vol1/fastq/SRR118/026/SRR11825926/SRR11825926_1.fastq.gz;ftp.sra.ebi.ac.uk/vol1/fastq/SRR118/026/SRR11825926/SRR11825926_2.fastq.gz	fasp.sra.ebi.ac.uk:/vol1/fastq/SRR118/026/SRR11825926/SRR11825926_1.fastq.gz;fasp.sra.ebi.ac.uk:/vol1/fastq/SRR118/026/SRR11825926/SRR11825926_2.fastq.gz	ftp.sra.ebi.ac.uk/vol1/fastq/SRR118/026/SRR11825926/SRR11825926_1.fastq.gz;ftp.sra.ebi.ac.uk/vol1/fastq/SRR118/026/SRR11825926/SRR11825926_2.fastq.gz							LZX-AD		Metagenome or environmental sample from human gut metagenome		2020-05-22				GENERATED_FILE;GENERATED_FILE		
SRR11825934	PRJNA633959	SRP262626	SAMN14978585	SRS6691128	SRX8376492	SRA1078023	408170	human gut metagenome	ILLUMINA	Illumina MiSeq	C84.fq		PAIRED	AMPLICON	METAGENOMIC	PCR	44825	26850175	SUB7461200	2020-05-22	2020-05-22	Illumina MiSeq sequencing: Metagenome or environmental sample from human gut metagenome	Altered fecal microbiota in Chinese patients with AD	PRJNA633959	C84.fq	C84.R1.fq.gz	4897639;7183171	3a5f73865e49ce1dcf575809e8d970da;2d739b8fd7ae9f06516a9cbee6523cb8	ftp.sra.ebi.ac.uk/vol1/fastq/SRR118/034/SRR11825934/SRR11825934_1.fastq.gz;ftp.sra.ebi.ac.uk/vol1/fastq/SRR118/034/SRR11825934/SRR11825934_2.fastq.gz	fasp.sra.ebi.ac.uk:/vol1/fastq/SRR118/034/SRR11825934/SRR11825934_1.fastq.gz;fasp.sra.ebi.ac.uk:/vol1/fastq/SRR118/034/SRR11825934/SRR11825934_2.fastq.gz	ftp.sra.ebi.ac.uk/vol1/fastq/SRR118/034/SRR11825934/SRR11825934_1.fastq.gz;ftp.sra.ebi.ac.uk/vol1/fastq/SRR118/034/SRR11825934/SRR11825934_2.fastq.gz							LZX-AD		Metagenome or environmental sample from human gut metagenome		2020-05-22				GENERATED_FILE;GENERATED_FILE		
SRR11825941	PRJNA633959	SRP262626	SAMN14978585	SRS6691128	SRX8376485	SRA1078023	408170	human gut metagenome	ILLUMINA	Illumina MiSeq	AD21.fq		PAIRED	AMPLICON	METAGENOMIC	PCR	31940	19036240	SUB7461200	2020-05-22	2020-05-22	Illumina MiSeq sequencing: Metagenome or environmental sample from human gut metagenome	Altered fecal microbiota in Chinese patients with AD	PRJNA633959	AD21.fq	AD21.R1.fq.gz	3362114;4850157	4bc18fe2f66c731293e2d1430af062ab;27d386a6f263d64784ef062c34e27959	ftp.sra.ebi.ac.uk/vol1/fastq/SRR118/041/SRR11825941/SRR11825941_1.fastq.gz;ftp.sra.ebi.ac.uk/vol1/fastq/SRR118/041/SRR11825941/SRR11825941_2.fastq.gz	fasp.sra.ebi.ac.uk:/vol1/fastq/SRR118/041/SRR11825941/SRR11825941_1.fastq.gz;fasp.sra.ebi.ac.uk:/vol1/fastq/SRR118/041/SRR11825941/SRR11825941_2.fastq.gz	ftp.sra.ebi.ac.uk/vol1/fastq/SRR118/041/SRR11825941/SRR11825941_1.fastq.gz;ftp.sra.ebi.ac.uk/vol1/fastq/SRR118/041/SRR11825941/SRR11825941_2.fastq.gz							LZX-AD		Metagenome or environmental sample from human gut metagenome		2020-05-22				GENERATED_FILE;GENERATED_FILE		
SRR11825930	PRJNA633959	SRP262626	SAMN14978585	SRS6691128	SRX8376496	SRA1078023	408170	human gut metagenome	ILLUMINA	Illumina MiSeq	AD22.fq		PAIRED	AMPLICON	METAGENOMIC	PCR	36561	21717234	SUB7461200	2020-05-22	2020-05-22	Illumina MiSeq sequencing: Metagenome or environmental sample from human gut metagenome	Altered fecal microbiota in Chinese patients with AD	PRJNA633959	AD22.fq	AD22.R1.fq.gz	4119430;6208031	479bd5872d241bc5c6f4565a248a5dfd;626442e5688cf8f7b15948ff139f523d	ftp.sra.ebi.ac.uk/vol1/fastq/SRR118/030/SRR11825930/SRR11825930_1.fastq.gz;ftp.sra.ebi.ac.uk/vol1/fastq/SRR118/030/SRR11825930/SRR11825930_2.fastq.gz	fasp.sra.ebi.ac.uk:/vol1/fastq/SRR118/030/SRR11825930/SRR11825930_1.fastq.gz;fasp.sra.ebi.ac.uk:/vol1/fastq/SRR118/030/SRR11825930/SRR11825930_2.fastq.gz	ftp.sra.ebi.ac.uk/vol1/fastq/SRR118/030/SRR11825930/SRR11825930_1.fastq.gz;ftp.sra.ebi.ac.uk/vol1/fastq/SRR118/030/SRR11825930/SRR11825930_2.fastq.gz							LZX-AD		Metagenome or environmental sample from human gut metagenome		2020-05-22				GENERATED_FILE;GENERATED_FILE		
SRR11825948	PRJNA633959	SRP262626	SAMN14978585	SRS6691128	SRX8376478	SRA1078023	408170	human gut metagenome	ILLUMINA	Illumina MiSeq	C71.fq		PAIRED	AMPLICON	METAGENOMIC	PCR	53897	31799230	SUB7461200	2020-05-22	2020-05-22	Illumina MiSeq sequencing: Metagenome or environmental sample from human gut metagenome	Altered fecal microbiota in Chinese patients with AD	PRJNA633959	C71.fq	C71.R1.fq.gz	5495337;7979005	5a9447eaad0972547769646207ef9a12;f62f4a3170ef9353807f509eac28605c	ftp.sra.ebi.ac.uk/vol1/fastq/SRR118/048/SRR11825948/SRR11825948_1.fastq.gz;ftp.sra.ebi.ac.uk/vol1/fastq/SRR118/048/SRR11825948/SRR11825948_2.fastq.gz	fasp.sra.ebi.ac.uk:/vol1/fastq/SRR118/048/SRR11825948/SRR11825948_1.fastq.gz;fasp.sra.ebi.ac.uk:/vol1/fastq/SRR118/048/SRR11825948/SRR11825948_2.fastq.gz	ftp.sra.ebi.ac.uk/vol1/fastq/SRR118/048/SRR11825948/SRR11825948_1.fastq.gz;ftp.sra.ebi.ac.uk/vol1/fastq/SRR118/048/SRR11825948/SRR11825948_2.fastq.gz							LZX-AD		Metagenome or environmental sample from human gut metagenome		2020-05-22				GENERATED_FILE;GENERATED_FILE		
SRR11825932	PRJNA633959	SRP262626	SAMN14978585	SRS6691128	SRX8376494	SRA1078023	408170	human gut metagenome	ILLUMINA	Illumina MiSeq	C86.fq		PAIRED	AMPLICON	METAGENOMIC	PCR	46384	27552096	SUB7461200	2020-05-22	2020-05-22	Illumina MiSeq sequencing: Metagenome or environmental sample from human gut metagenome	Altered fecal microbiota in Chinese patients with AD	PRJNA633959	C86.fq	C86.R1.fq.gz	5354188;7808639	e3d5e2be948361b2397f5c2f48cf2017;944966a2907f51c8f2d5c0016967d958	ftp.sra.ebi.ac.uk/vol1/fastq/SRR118/032/SRR11825932/SRR11825932_1.fastq.gz;ftp.sra.ebi.ac.uk/vol1/fastq/SRR118/032/SRR11825932/SRR11825932_2.fastq.gz	fasp.sra.ebi.ac.uk:/vol1/fastq/SRR118/032/SRR11825932/SRR11825932_1.fastq.gz;fasp.sra.ebi.ac.uk:/vol1/fastq/SRR118/032/SRR11825932/SRR11825932_2.fastq.gz	ftp.sra.ebi.ac.uk/vol1/fastq/SRR118/032/SRR11825932/SRR11825932_1.fastq.gz;ftp.sra.ebi.ac.uk/vol1/fastq/SRR118/032/SRR11825932/SRR11825932_2.fastq.gz							LZX-AD		Metagenome or environmental sample from human gut metagenome		2020-05-22				GENERATED_FILE;GENERATED_FILE		
SRR11825939	PRJNA633959	SRP262626	SAMN14978585	SRS6691128	SRX8376487	SRA1078023	408170	human gut metagenome	ILLUMINA	Illumina MiSeq	C79.fq		PAIRED	AMPLICON	METAGENOMIC	PCR	45119	26620210	SUB7461200	2020-05-22	2020-05-22	Illumina MiSeq sequencing: Metagenome or environmental sample from human gut metagenome	Altered fecal microbiota in Chinese patients with AD	PRJNA633959	C79.fq	C79.R1.fq.gz	4880176;7104462	2b3f61e44e05c52bcfd97f50e3b5d494;1b06f471a1c46ac98ac10e2c60ee6456	ftp.sra.ebi.ac.uk/vol1/fastq/SRR118/039/SRR11825939/SRR11825939_1.fastq.gz;ftp.sra.ebi.ac.uk/vol1/fastq/SRR118/039/SRR11825939/SRR11825939_2.fastq.gz	fasp.sra.ebi.ac.uk:/vol1/fastq/SRR118/039/SRR11825939/SRR11825939_1.fastq.gz;fasp.sra.ebi.ac.uk:/vol1/fastq/SRR118/039/SRR11825939/SRR11825939_2.fastq.gz	ftp.sra.ebi.ac.uk/vol1/fastq/SRR118/039/SRR11825939/SRR11825939_1.fastq.gz;ftp.sra.ebi.ac.uk/vol1/fastq/SRR118/039/SRR11825939/SRR11825939_2.fastq.gz							LZX-AD		Metagenome or environmental sample from human gut metagenome		2020-05-22				GENERATED_FILE;GENERATED_FILE		
SRR11825935	PRJNA633959	SRP262626	SAMN14978585	SRS6691128	SRX8376491	SRA1078023	408170	human gut metagenome	ILLUMINA	Illumina MiSeq	C83.fq		PAIRED	AMPLICON	METAGENOMIC	PCR	39708	23427720	SUB7461200	2020-05-22	2020-05-22	Illumina MiSeq sequencing: Metagenome or environmental sample from human gut metagenome	Altered fecal microbiota in Chinese patients with AD	PRJNA633959	C83.fq	C83.R1.fq.gz	4058983;5837703	8e164eded4a0ccd6a9212b8c65943db0;e6de00ee83b41d30bcb0efa83fb44c94	ftp.sra.ebi.ac.uk/vol1/fastq/SRR118/035/SRR11825935/SRR11825935_1.fastq.gz;ftp.sra.ebi.ac.uk/vol1/fastq/SRR118/035/SRR11825935/SRR11825935_2.fastq.gz	fasp.sra.ebi.ac.uk:/vol1/fastq/SRR118/035/SRR11825935/SRR11825935_1.fastq.gz;fasp.sra.ebi.ac.uk:/vol1/fastq/SRR118/035/SRR11825935/SRR11825935_2.fastq.gz	ftp.sra.ebi.ac.uk/vol1/fastq/SRR118/035/SRR11825935/SRR11825935_1.fastq.gz;ftp.sra.ebi.ac.uk/vol1/fastq/SRR118/035/SRR11825935/SRR11825935_2.fastq.gz							LZX-AD		Metagenome or environmental sample from human gut metagenome		2020-05-22				GENERATED_FILE;GENERATED_FILE		
SRR11825952	PRJNA633959	SRP262626	SAMN14978585	SRS6691128	SRX8376474	SRA1078023	408170	human gut metagenome	ILLUMINA	Illumina MiSeq	AD20.fq		PAIRED	AMPLICON	METAGENOMIC	PCR	38215	22890785	SUB7461200	2020-05-22	2020-05-22	Illumina MiSeq sequencing: Metagenome or environmental sample from human gut metagenome	Altered fecal microbiota in Chinese patients with AD	PRJNA633959	AD20.fq	AD20.R1.fq.gz	4156474;6406874	029c648acfd9d9d2f75f93ac80b3c6dc;ccc22580ba7d70826253ee2a67da50a4	ftp.sra.ebi.ac.uk/vol1/fastq/SRR118/052/SRR11825952/SRR11825952_1.fastq.gz;ftp.sra.ebi.ac.uk/vol1/fastq/SRR118/052/SRR11825952/SRR11825952_2.fastq.gz	fasp.sra.ebi.ac.uk:/vol1/fastq/SRR118/052/SRR11825952/SRR11825952_1.fastq.gz;fasp.sra.ebi.ac.uk:/vol1/fastq/SRR118/052/SRR11825952/SRR11825952_2.fastq.gz	ftp.sra.ebi.ac.uk/vol1/fastq/SRR118/052/SRR11825952/SRR11825952_1.fastq.gz;ftp.sra.ebi.ac.uk/vol1/fastq/SRR118/052/SRR11825952/SRR11825952_2.fastq.gz							LZX-AD		Metagenome or environmental sample from human gut metagenome		2020-05-22				GENERATED_FILE;GENERATED_FILE		
SRR11825942	PRJNA633959	SRP262626	SAMN14978585	SRS6691128	SRX8376484	SRA1078023	408170	human gut metagenome	ILLUMINA	Illumina MiSeq	C77.fq		PAIRED	AMPLICON	METAGENOMIC	PCR	43108	25692368	SUB7461200	2020-05-22	2020-05-22	Illumina MiSeq sequencing: Metagenome or environmental sample from human gut metagenome	Altered fecal microbiota in Chinese patients with AD	PRJNA633959	C77.fq	C77.R1.fq.gz	4542440;6371057	0b78c5857148da798084e8178b25b001;fbed80a2786f429b6232005cf9f8065d	ftp.sra.ebi.ac.uk/vol1/fastq/SRR118/042/SRR11825942/SRR11825942_1.fastq.gz;ftp.sra.ebi.ac.uk/vol1/fastq/SRR118/042/SRR11825942/SRR11825942_2.fastq.gz	fasp.sra.ebi.ac.uk:/vol1/fastq/SRR118/042/SRR11825942/SRR11825942_1.fastq.gz;fasp.sra.ebi.ac.uk:/vol1/fastq/SRR118/042/SRR11825942/SRR11825942_2.fastq.gz	ftp.sra.ebi.ac.uk/vol1/fastq/SRR118/042/SRR11825942/SRR11825942_1.fastq.gz;ftp.sra.ebi.ac.uk/vol1/fastq/SRR118/042/SRR11825942/SRR11825942_2.fastq.gz							LZX-AD		Metagenome or environmental sample from human gut metagenome		2020-05-22				GENERATED_FILE;GENERATED_FILE		
SRR11825937	PRJNA633959	SRP262626	SAMN14978585	SRS6691128	SRX8376489	SRA1078023	408170	human gut metagenome	ILLUMINA	Illumina MiSeq	C81.fq		PAIRED	AMPLICON	METAGENOMIC	PCR	41425	24689300	SUB7461200	2020-05-22	2020-05-22	Illumina MiSeq sequencing: Metagenome or environmental sample from human gut metagenome	Altered fecal microbiota in Chinese patients with AD	PRJNA633959	C81.fq	C81.R1.fq.gz	4719183;6478577	7dd72e668637e8a720ba0c079ed1daa1;8c844e327e3fab0a94fafcbd61cf4bd4	ftp.sra.ebi.ac.uk/vol1/fastq/SRR118/037/SRR11825937/SRR11825937_1.fastq.gz;ftp.sra.ebi.ac.uk/vol1/fastq/SRR118/037/SRR11825937/SRR11825937_2.fastq.gz	fasp.sra.ebi.ac.uk:/vol1/fastq/SRR118/037/SRR11825937/SRR11825937_1.fastq.gz;fasp.sra.ebi.ac.uk:/vol1/fastq/SRR118/037/SRR11825937/SRR11825937_2.fastq.gz	ftp.sra.ebi.ac.uk/vol1/fastq/SRR118/037/SRR11825937/SRR11825937_1.fastq.gz;ftp.sra.ebi.ac.uk/vol1/fastq/SRR118/037/SRR11825937/SRR11825937_2.fastq.gz							LZX-AD		Metagenome or environmental sample from human gut metagenome		2020-05-22				GENERATED_FILE;GENERATED_FILE		
SRR11825955	PRJNA633959	SRP262626	SAMN14978585	SRS6691128	SRX8376471	SRA1078023	408170	human gut metagenome	ILLUMINA	Illumina MiSeq	C59.fq		PAIRED	AMPLICON	METAGENOMIC	PCR	43439	25889644	SUB7461200	2020-05-22	2020-05-22	Illumina MiSeq sequencing: Metagenome or environmental sample from human gut metagenome	Altered fecal microbiota in Chinese patients with AD	PRJNA633959	C59.fq	C59.R1.fq.gz	4854098;6481486	d6d374af679e9e46db3f6cb3932fab71;7ca05544b5e104b1c08d68e3bfb0d26d	ftp.sra.ebi.ac.uk/vol1/fastq/SRR118/055/SRR11825955/SRR11825955_1.fastq.gz;ftp.sra.ebi.ac.uk/vol1/fastq/SRR118/055/SRR11825955/SRR11825955_2.fastq.gz	fasp.sra.ebi.ac.uk:/vol1/fastq/SRR118/055/SRR11825955/SRR11825955_1.fastq.gz;fasp.sra.ebi.ac.uk:/vol1/fastq/SRR118/055/SRR11825955/SRR11825955_2.fastq.gz	ftp.sra.ebi.ac.uk/vol1/fastq/SRR118/055/SRR11825955/SRR11825955_1.fastq.gz;ftp.sra.ebi.ac.uk/vol1/fastq/SRR118/055/SRR11825955/SRR11825955_2.fastq.gz							LZX-AD		Metagenome or environmental sample from human gut metagenome		2020-05-22				GENERATED_FILE;GENERATED_FILE		
SRR11825943	PRJNA633959	SRP262626	SAMN14978585	SRS6691128	SRX8376483	SRA1078023	408170	human gut metagenome	ILLUMINA	Illumina MiSeq	C76.fq		PAIRED	AMPLICON	METAGENOMIC	PCR	56893	34078907	SUB7461200	2020-05-22	2020-05-22	Illumina MiSeq sequencing: Metagenome or environmental sample from human gut metagenome	Altered fecal microbiota in Chinese patients with AD	PRJNA633959	C76.fq	C76.R1.fq.gz	5622915;8586971	3d26856955d2538e3223ce73f29878a1;d4680f9d65effafb3df07c4ace50f371	ftp.sra.ebi.ac.uk/vol1/fastq/SRR118/043/SRR11825943/SRR11825943_1.fastq.gz;ftp.sra.ebi.ac.uk/vol1/fastq/SRR118/043/SRR11825943/SRR11825943_2.fastq.gz	fasp.sra.ebi.ac.uk:/vol1/fastq/SRR118/043/SRR11825943/SRR11825943_1.fastq.gz;fasp.sra.ebi.ac.uk:/vol1/fastq/SRR118/043/SRR11825943/SRR11825943_2.fastq.gz	ftp.sra.ebi.ac.uk/vol1/fastq/SRR118/043/SRR11825943/SRR11825943_1.fastq.gz;ftp.sra.ebi.ac.uk/vol1/fastq/SRR118/043/SRR11825943/SRR11825943_2.fastq.gz							LZX-AD		Metagenome or environmental sample from human gut metagenome		2020-05-22				GENERATED_FILE;GENERATED_FILE		
SRR11825944	PRJNA633959	SRP262626	SAMN14978585	SRS6691128	SRX8376482	SRA1078023	408170	human gut metagenome	ILLUMINA	Illumina MiSeq	C75.fq		PAIRED	AMPLICON	METAGENOMIC	PCR	50179	29605610	SUB7461200	2020-05-22	2020-05-22	Illumina MiSeq sequencing: Metagenome or environmental sample from human gut metagenome	Altered fecal microbiota in Chinese patients with AD	PRJNA633959	C75.fq	C75.R1.fq.gz	5366694;7692882	745774c6148c4924b69b72985209a83e;218e2f150a8a2806adc5b716d6c797b0	ftp.sra.ebi.ac.uk/vol1/fastq/SRR118/044/SRR11825944/SRR11825944_1.fastq.gz;ftp.sra.ebi.ac.uk/vol1/fastq/SRR118/044/SRR11825944/SRR11825944_2.fastq.gz	fasp.sra.ebi.ac.uk:/vol1/fastq/SRR118/044/SRR11825944/SRR11825944_1.fastq.gz;fasp.sra.ebi.ac.uk:/vol1/fastq/SRR118/044/SRR11825944/SRR11825944_2.fastq.gz	ftp.sra.ebi.ac.uk/vol1/fastq/SRR118/044/SRR11825944/SRR11825944_1.fastq.gz;ftp.sra.ebi.ac.uk/vol1/fastq/SRR118/044/SRR11825944/SRR11825944_2.fastq.gz							LZX-AD		Metagenome or environmental sample from human gut metagenome		2020-05-22				GENERATED_FILE;GENERATED_FILE		
SRR11825949	PRJNA633959	SRP262626	SAMN14978585	SRS6691128	SRX8376477	SRA1078023	408170	human gut metagenome	ILLUMINA	Illumina MiSeq	C64.fq		PAIRED	AMPLICON	METAGENOMIC	PCR	48019	28523286	SUB7461200	2020-05-22	2020-05-22	Illumina MiSeq sequencing: Metagenome or environmental sample from human gut metagenome	Altered fecal microbiota in Chinese patients with AD	PRJNA633959	C64.fq	C64.R1.fq.gz	4731681;7242081	0c07edf6943382205b18d224944eaafc;ad09e659cfe7b96646d44e1591641c23	ftp.sra.ebi.ac.uk/vol1/fastq/SRR118/049/SRR11825949/SRR11825949_1.fastq.gz;ftp.sra.ebi.ac.uk/vol1/fastq/SRR118/049/SRR11825949/SRR11825949_2.fastq.gz	fasp.sra.ebi.ac.uk:/vol1/fastq/SRR118/049/SRR11825949/SRR11825949_1.fastq.gz;fasp.sra.ebi.ac.uk:/vol1/fastq/SRR118/049/SRR11825949/SRR11825949_2.fastq.gz	ftp.sra.ebi.ac.uk/vol1/fastq/SRR118/049/SRR11825949/SRR11825949_1.fastq.gz;ftp.sra.ebi.ac.uk/vol1/fastq/SRR118/049/SRR11825949/SRR11825949_2.fastq.gz							LZX-AD		Metagenome or environmental sample from human gut metagenome		2020-05-22				GENERATED_FILE;GENERATED_FILE		
SRR11825963	PRJNA633959	SRP262626	SAMN14978585	SRS6691128	SRX8376463	SRA1078023	408170	human gut metagenome	ILLUMINA	Illumina MiSeq	AD19.fq		PAIRED	AMPLICON	METAGENOMIC	PCR	43923	25914570	SUB7461200	2020-05-22	2020-05-22	Illumina MiSeq sequencing: Metagenome or environmental sample from human gut metagenome	Altered fecal microbiota in Chinese patients with AD	PRJNA633959	AD19.fq	AD19.R1.fq.gz	4825852;6940744	21744355caffe264cccc087700220aed;157d00134ac43cc44d1c09a86557e7be	ftp.sra.ebi.ac.uk/vol1/fastq/SRR118/063/SRR11825963/SRR11825963_1.fastq.gz;ftp.sra.ebi.ac.uk/vol1/fastq/SRR118/063/SRR11825963/SRR11825963_2.fastq.gz	fasp.sra.ebi.ac.uk:/vol1/fastq/SRR118/063/SRR11825963/SRR11825963_1.fastq.gz;fasp.sra.ebi.ac.uk:/vol1/fastq/SRR118/063/SRR11825963/SRR11825963_2.fastq.gz	ftp.sra.ebi.ac.uk/vol1/fastq/SRR118/063/SRR11825963/SRR11825963_1.fastq.gz;ftp.sra.ebi.ac.uk/vol1/fastq/SRR118/063/SRR11825963/SRR11825963_2.fastq.gz							LZX-AD		Metagenome or environmental sample from human gut metagenome		2020-05-22				GENERATED_FILE;GENERATED_FILE		
SRR11825953	PRJNA633959	SRP262626	SAMN14978585	SRS6691128	SRX8376473	SRA1078023	408170	human gut metagenome	ILLUMINA	Illumina MiSeq	C61.fq		PAIRED	AMPLICON	METAGENOMIC	PCR	57179	33735610	SUB7461200	2020-05-22	2020-05-22	Illumina MiSeq sequencing: Metagenome or environmental sample from human gut metagenome	Altered fecal microbiota in Chinese patients with AD	PRJNA633959	C61.fq	C61.R1.fq.gz	6159477;8720213	9af8834b407d3d40147bf8d7d4e97e81;d235de3ab5632bea4c9adcd501171d47	ftp.sra.ebi.ac.uk/vol1/fastq/SRR118/053/SRR11825953/SRR11825953_1.fastq.gz;ftp.sra.ebi.ac.uk/vol1/fastq/SRR118/053/SRR11825953/SRR11825953_2.fastq.gz	fasp.sra.ebi.ac.uk:/vol1/fastq/SRR118/053/SRR11825953/SRR11825953_1.fastq.gz;fasp.sra.ebi.ac.uk:/vol1/fastq/SRR118/053/SRR11825953/SRR11825953_2.fastq.gz	ftp.sra.ebi.ac.uk/vol1/fastq/SRR118/053/SRR11825953/SRR11825953_1.fastq.gz;ftp.sra.ebi.ac.uk/vol1/fastq/SRR118/053/SRR11825953/SRR11825953_2.fastq.gz							LZX-AD		Metagenome or environmental sample from human gut metagenome		2020-05-22				GENERATED_FILE;GENERATED_FILE		
SRR11825945	PRJNA633959	SRP262626	SAMN14978585	SRS6691128	SRX8376481	SRA1078023	408170	human gut metagenome	ILLUMINA	Illumina MiSeq	C74.fq		PAIRED	AMPLICON	METAGENOMIC	PCR	45210	26854740	SUB7461200	2020-05-22	2020-05-22	Illumina MiSeq sequencing: Metagenome or environmental sample from human gut metagenome	Altered fecal microbiota in Chinese patients with AD	PRJNA633959	C74.fq	C74.R1.fq.gz	4452178;6904660	1e88f29d9e675c2323957b6aa837c32b;c5cd3cc0c9a91a41130a5211a2732381	ftp.sra.ebi.ac.uk/vol1/fastq/SRR118/045/SRR11825945/SRR11825945_1.fastq.gz;ftp.sra.ebi.ac.uk/vol1/fastq/SRR118/045/SRR11825945/SRR11825945_2.fastq.gz	fasp.sra.ebi.ac.uk:/vol1/fastq/SRR118/045/SRR11825945/SRR11825945_1.fastq.gz;fasp.sra.ebi.ac.uk:/vol1/fastq/SRR118/045/SRR11825945/SRR11825945_2.fastq.gz	ftp.sra.ebi.ac.uk/vol1/fastq/SRR118/045/SRR11825945/SRR11825945_1.fastq.gz;ftp.sra.ebi.ac.uk/vol1/fastq/SRR118/045/SRR11825945/SRR11825945_2.fastq.gz							LZX-AD		Metagenome or environmental sample from human gut metagenome		2020-05-22				GENERATED_FILE;GENERATED_FILE		
SRR11825965	PRJNA633959	SRP262626	SAMN14978585	SRS6691128	SRX8376461	SRA1078023	408170	human gut metagenome	ILLUMINA	Illumina MiSeq	C46.fq		PAIRED	AMPLICON	METAGENOMIC	PCR	57328	34339472	SUB7461200	2020-05-22	2020-05-22	Illumina MiSeq sequencing: Metagenome or environmental sample from human gut metagenome	Altered fecal microbiota in Chinese patients with AD	PRJNA633959	C46.fq	C46.R1.fq.gz	6049711;9084697	0cc85143ce6dc880f2d4fb6dbdf0d66c;ee0010503ed282a84ec1735686d0a0d5	ftp.sra.ebi.ac.uk/vol1/fastq/SRR118/065/SRR11825965/SRR11825965_1.fastq.gz;ftp.sra.ebi.ac.uk/vol1/fastq/SRR118/065/SRR11825965/SRR11825965_2.fastq.gz	fasp.sra.ebi.ac.uk:/vol1/fastq/SRR118/065/SRR11825965/SRR11825965_1.fastq.gz;fasp.sra.ebi.ac.uk:/vol1/fastq/SRR118/065/SRR11825965/SRR11825965_2.fastq.gz	ftp.sra.ebi.ac.uk/vol1/fastq/SRR118/065/SRR11825965/SRR11825965_1.fastq.gz;ftp.sra.ebi.ac.uk/vol1/fastq/SRR118/065/SRR11825965/SRR11825965_2.fastq.gz							LZX-AD		Metagenome or environmental sample from human gut metagenome		2020-05-22				GENERATED_FILE;GENERATED_FILE		
SRR11825954	PRJNA633959	SRP262626	SAMN14978585	SRS6691128	SRX8376472	SRA1078023	408170	human gut metagenome	ILLUMINA	Illumina MiSeq	C60.fq		PAIRED	AMPLICON	METAGENOMIC	PCR	45533	27046602	SUB7461200	2020-05-22	2020-05-22	Illumina MiSeq sequencing: Metagenome or environmental sample from human gut metagenome	Altered fecal microbiota in Chinese patients with AD	PRJNA633959	C60.fq	C60.R1.fq.gz	4505864;6806140	ab92bd0d2bb60f6e96cc3a40a5cf3fbb;9281b78427f7dc2bcb7a1444886a5b25	ftp.sra.ebi.ac.uk/vol1/fastq/SRR118/054/SRR11825954/SRR11825954_1.fastq.gz;ftp.sra.ebi.ac.uk/vol1/fastq/SRR118/054/SRR11825954/SRR11825954_2.fastq.gz	fasp.sra.ebi.ac.uk:/vol1/fastq/SRR118/054/SRR11825954/SRR11825954_1.fastq.gz;fasp.sra.ebi.ac.uk:/vol1/fastq/SRR118/054/SRR11825954/SRR11825954_2.fastq.gz	ftp.sra.ebi.ac.uk/vol1/fastq/SRR118/054/SRR11825954/SRR11825954_1.fastq.gz;ftp.sra.ebi.ac.uk/vol1/fastq/SRR118/054/SRR11825954/SRR11825954_2.fastq.gz							LZX-AD		Metagenome or environmental sample from human gut metagenome		2020-05-22				GENERATED_FILE;GENERATED_FILE		
SRR11825969	PRJNA633959	SRP262626	SAMN14978585	SRS6691128	SRX8376570	SRA1078023	408170	human gut metagenome	ILLUMINA	Illumina MiSeq	C40.fq		PAIRED	AMPLICON	METAGENOMIC	PCR	60564	36277836	SUB7461200	2020-05-22	2020-05-22	Illumina MiSeq sequencing: Metagenome or environmental sample from human gut metagenome	Altered fecal microbiota in Chinese patients with AD	PRJNA633959	C40.fq	C40.R1.fq.gz	5778612;9073000	1342ae7ea5727ee3178f9cf65ede6c20;b87cf3122c1f19d0d7a417f008edceb7	ftp.sra.ebi.ac.uk/vol1/fastq/SRR118/069/SRR11825969/SRR11825969_1.fastq.gz;ftp.sra.ebi.ac.uk/vol1/fastq/SRR118/069/SRR11825969/SRR11825969_2.fastq.gz	fasp.sra.ebi.ac.uk:/vol1/fastq/SRR118/069/SRR11825969/SRR11825969_1.fastq.gz;fasp.sra.ebi.ac.uk:/vol1/fastq/SRR118/069/SRR11825969/SRR11825969_2.fastq.gz	ftp.sra.ebi.ac.uk/vol1/fastq/SRR118/069/SRR11825969/SRR11825969_1.fastq.gz;ftp.sra.ebi.ac.uk/vol1/fastq/SRR118/069/SRR11825969/SRR11825969_2.fastq.gz							LZX-AD		Metagenome or environmental sample from human gut metagenome		2020-05-22				GENERATED_FILE;GENERATED_FILE		
SRR11825946	PRJNA633959	SRP262626	SAMN14978585	SRS6691128	SRX8376480	SRA1078023	408170	human gut metagenome	ILLUMINA	Illumina MiSeq	C73.fq		PAIRED	AMPLICON	METAGENOMIC	PCR	41425	24689300	SUB7461200	2020-05-22	2020-05-22	Illumina MiSeq sequencing: Metagenome or environmental sample from human gut metagenome	Altered fecal microbiota in Chinese patients with AD	PRJNA633959	C73.fq	C73.R1.fq.gz	4770761;6618656	1b30dac4c6be75aa0ef1c0419595f95d;c0b25813582559893a69b21c813b2d81	ftp.sra.ebi.ac.uk/vol1/fastq/SRR118/046/SRR11825946/SRR11825946_1.fastq.gz;ftp.sra.ebi.ac.uk/vol1/fastq/SRR118/046/SRR11825946/SRR11825946_2.fastq.gz	fasp.sra.ebi.ac.uk:/vol1/fastq/SRR118/046/SRR11825946/SRR11825946_1.fastq.gz;fasp.sra.ebi.ac.uk:/vol1/fastq/SRR118/046/SRR11825946/SRR11825946_2.fastq.gz	ftp.sra.ebi.ac.uk/vol1/fastq/SRR118/046/SRR11825946/SRR11825946_1.fastq.gz;ftp.sra.ebi.ac.uk/vol1/fastq/SRR118/046/SRR11825946/SRR11825946_2.fastq.gz							LZX-AD		Metagenome or environmental sample from human gut metagenome		2020-05-22				GENERATED_FILE;GENERATED_FILE		
SRR11825956	PRJNA633959	SRP262626	SAMN14978585	SRS6691128	SRX8376470	SRA1078023	408170	human gut metagenome	ILLUMINA	Illumina MiSeq	C58.fq		PAIRED	AMPLICON	METAGENOMIC	PCR	71647	42916553	SUB7461200	2020-05-22	2020-05-22	Illumina MiSeq sequencing: Metagenome or environmental sample from human gut metagenome	Altered fecal microbiota in Chinese patients with AD	PRJNA633959	C58.fq	C58.R1.fq.gz	7317607;10854333	64c5b19639f05df9f6e6eb23495fb9f7;a8c6596ee39d48e65c80193dc58e291d	ftp.sra.ebi.ac.uk/vol1/fastq/SRR118/056/SRR11825956/SRR11825956_1.fastq.gz;ftp.sra.ebi.ac.uk/vol1/fastq/SRR118/056/SRR11825956/SRR11825956_2.fastq.gz	fasp.sra.ebi.ac.uk:/vol1/fastq/SRR118/056/SRR11825956/SRR11825956_1.fastq.gz;fasp.sra.ebi.ac.uk:/vol1/fastq/SRR118/056/SRR11825956/SRR11825956_2.fastq.gz	ftp.sra.ebi.ac.uk/vol1/fastq/SRR118/056/SRR11825956/SRR11825956_1.fastq.gz;ftp.sra.ebi.ac.uk/vol1/fastq/SRR118/056/SRR11825956/SRR11825956_2.fastq.gz							LZX-AD		Metagenome or environmental sample from human gut metagenome		2020-05-22				GENERATED_FILE;GENERATED_FILE		
SRR11825970	PRJNA633959	SRP262626	SAMN14978585	SRS6691128	SRX8376456	SRA1078023	408170	human gut metagenome	ILLUMINA	Illumina MiSeq	AD103.fq		PAIRED	AMPLICON	METAGENOMIC	PCR	50211	30076389	SUB7461200	2020-05-22	2020-05-22	Illumina MiSeq sequencing: Metagenome or environmental sample from human gut metagenome	Altered fecal microbiota in Chinese patients with AD	PRJNA633959	AD103.fq	AD103.R1.fq.gz	5259890;7434580	a539a384243a6ca82e016e0728a192f5;355a4e6ec2a83d5f3079f20920f86921	ftp.sra.ebi.ac.uk/vol1/fastq/SRR118/070/SRR11825970/SRR11825970_1.fastq.gz;ftp.sra.ebi.ac.uk/vol1/fastq/SRR118/070/SRR11825970/SRR11825970_2.fastq.gz	fasp.sra.ebi.ac.uk:/vol1/fastq/SRR118/070/SRR11825970/SRR11825970_1.fastq.gz;fasp.sra.ebi.ac.uk:/vol1/fastq/SRR118/070/SRR11825970/SRR11825970_2.fastq.gz	ftp.sra.ebi.ac.uk/vol1/fastq/SRR118/070/SRR11825970/SRR11825970_1.fastq.gz;ftp.sra.ebi.ac.uk/vol1/fastq/SRR118/070/SRR11825970/SRR11825970_2.fastq.gz							LZX-AD		Metagenome or environmental sample from human gut metagenome		2020-05-22				GENERATED_FILE;GENERATED_FILE		
SRR11825947	PRJNA633959	SRP262626	SAMN14978585	SRS6691128	SRX8376479	SRA1078023	408170	human gut metagenome	ILLUMINA	Illumina MiSeq	C72.fq		PAIRED	AMPLICON	METAGENOMIC	PCR	58027	34758173	SUB7461200	2020-05-22	2020-05-22	Illumina MiSeq sequencing: Metagenome or environmental sample from human gut metagenome	Altered fecal microbiota in Chinese patients with AD	PRJNA633959	C72.fq	C72.R1.fq.gz	6599575;9834832	058be6e93cf9b0bf21398dde1d2ce405;0c99812605412c0e65d99033d61714b3	ftp.sra.ebi.ac.uk/vol1/fastq/SRR118/047/SRR11825947/SRR11825947_1.fastq.gz;ftp.sra.ebi.ac.uk/vol1/fastq/SRR118/047/SRR11825947/SRR11825947_2.fastq.gz	fasp.sra.ebi.ac.uk:/vol1/fastq/SRR118/047/SRR11825947/SRR11825947_1.fastq.gz;fasp.sra.ebi.ac.uk:/vol1/fastq/SRR118/047/SRR11825947/SRR11825947_2.fastq.gz	ftp.sra.ebi.ac.uk/vol1/fastq/SRR118/047/SRR11825947/SRR11825947_1.fastq.gz;ftp.sra.ebi.ac.uk/vol1/fastq/SRR118/047/SRR11825947/SRR11825947_2.fastq.gz							LZX-AD		Metagenome or environmental sample from human gut metagenome		2020-05-22				GENERATED_FILE;GENERATED_FILE		
SRR11825958	PRJNA633959	SRP262626	SAMN14978585	SRS6691128	SRX8376468	SRA1078023	408170	human gut metagenome	ILLUMINA	Illumina MiSeq	C55.fq		PAIRED	AMPLICON	METAGENOMIC	PCR	55252	32819688	SUB7461200	2020-05-22	2020-05-22	Illumina MiSeq sequencing: Metagenome or environmental sample from human gut metagenome	Altered fecal microbiota in Chinese patients with AD	PRJNA633959	C55.fq	C55.R1.fq.gz	5686517;8443313	4432ea9d8b54d76dad83fd4f91e0416b;836dc886e2528ac7d7aceea533e64ebb	ftp.sra.ebi.ac.uk/vol1/fastq/SRR118/058/SRR11825958/SRR11825958_1.fastq.gz;ftp.sra.ebi.ac.uk/vol1/fastq/SRR118/058/SRR11825958/SRR11825958_2.fastq.gz	fasp.sra.ebi.ac.uk:/vol1/fastq/SRR118/058/SRR11825958/SRR11825958_1.fastq.gz;fasp.sra.ebi.ac.uk:/vol1/fastq/SRR118/058/SRR11825958/SRR11825958_2.fastq.gz	ftp.sra.ebi.ac.uk/vol1/fastq/SRR118/058/SRR11825958/SRR11825958_1.fastq.gz;ftp.sra.ebi.ac.uk/vol1/fastq/SRR118/058/SRR11825958/SRR11825958_2.fastq.gz							LZX-AD		Metagenome or environmental sample from human gut metagenome		2020-05-22				GENERATED_FILE;GENERATED_FILE		
SRR11825972	PRJNA633959	SRP262626	SAMN14978585	SRS6691128	SRX8376454	SRA1078023	408170	human gut metagenome	ILLUMINA	Illumina MiSeq	AD101.fq		PAIRED	AMPLICON	METAGENOMIC	PCR	48744	28953936	SUB7461200	2020-05-22	2020-05-22	Illumina MiSeq sequencing: Metagenome or environmental sample from human gut metagenome	Altered fecal microbiota in Chinese patients with AD	PRJNA633959	AD101.fq	AD101.R1.fq.gz	5064677;7483519	65283b07cf9a0507ea9f059d988f5354;e2d54f58b91a686aab8b2551818a018d	ftp.sra.ebi.ac.uk/vol1/fastq/SRR118/072/SRR11825972/SRR11825972_1.fastq.gz;ftp.sra.ebi.ac.uk/vol1/fastq/SRR118/072/SRR11825972/SRR11825972_2.fastq.gz	fasp.sra.ebi.ac.uk:/vol1/fastq/SRR118/072/SRR11825972/SRR11825972_1.fastq.gz;fasp.sra.ebi.ac.uk:/vol1/fastq/SRR118/072/SRR11825972/SRR11825972_2.fastq.gz	ftp.sra.ebi.ac.uk/vol1/fastq/SRR118/072/SRR11825972/SRR11825972_1.fastq.gz;ftp.sra.ebi.ac.uk/vol1/fastq/SRR118/072/SRR11825972/SRR11825972_2.fastq.gz							LZX-AD		Metagenome or environmental sample from human gut metagenome		2020-05-22				GENERATED_FILE;GENERATED_FILE		
SRR11825950	PRJNA633959	SRP262626	SAMN14978585	SRS6691128	SRX8376476	SRA1078023	408170	human gut metagenome	ILLUMINA	Illumina MiSeq	C63.fq		PAIRED	AMPLICON	METAGENOMIC	PCR	49810	29686760	SUB7461200	2020-05-22	2020-05-22	Illumina MiSeq sequencing: Metagenome or environmental sample from human gut metagenome	Altered fecal microbiota in Chinese patients with AD	PRJNA633959	C63.fq	C63.R1.fq.gz	5227232;7328396	6fabd79865795376d48015c970e72a9c;a00b337d1b1cb651f05ad37c3661715c	ftp.sra.ebi.ac.uk/vol1/fastq/SRR118/050/SRR11825950/SRR11825950_1.fastq.gz;ftp.sra.ebi.ac.uk/vol1/fastq/SRR118/050/SRR11825950/SRR11825950_2.fastq.gz	fasp.sra.ebi.ac.uk:/vol1/fastq/SRR118/050/SRR11825950/SRR11825950_1.fastq.gz;fasp.sra.ebi.ac.uk:/vol1/fastq/SRR118/050/SRR11825950/SRR11825950_2.fastq.gz	ftp.sra.ebi.ac.uk/vol1/fastq/SRR118/050/SRR11825950/SRR11825950_1.fastq.gz;ftp.sra.ebi.ac.uk/vol1/fastq/SRR118/050/SRR11825950/SRR11825950_2.fastq.gz							LZX-AD		Metagenome or environmental sample from human gut metagenome		2020-05-22				GENERATED_FILE;GENERATED_FILE		
SRR11825960	PRJNA633959	SRP262626	SAMN14978585	SRS6691128	SRX8376466	SRA1078023	408170	human gut metagenome	ILLUMINA	Illumina MiSeq	C52.fq		PAIRED	AMPLICON	METAGENOMIC	PCR	64542	38660658	SUB7461200	2020-05-22	2020-05-22	Illumina MiSeq sequencing: Metagenome or environmental sample from human gut metagenome	Altered fecal microbiota in Chinese patients with AD	PRJNA633959	C52.fq	C52.R1.fq.gz	6705619;10098649	b6972a677e8f52d5a007d342d791c3b7;adc27ad8c10af27ffd72fe1c65eef324	ftp.sra.ebi.ac.uk/vol1/fastq/SRR118/060/SRR11825960/SRR11825960_1.fastq.gz;ftp.sra.ebi.ac.uk/vol1/fastq/SRR118/060/SRR11825960/SRR11825960_2.fastq.gz	fasp.sra.ebi.ac.uk:/vol1/fastq/SRR118/060/SRR11825960/SRR11825960_1.fastq.gz;fasp.sra.ebi.ac.uk:/vol1/fastq/SRR118/060/SRR11825960/SRR11825960_2.fastq.gz	ftp.sra.ebi.ac.uk/vol1/fastq/SRR118/060/SRR11825960/SRR11825960_1.fastq.gz;ftp.sra.ebi.ac.uk/vol1/fastq/SRR118/060/SRR11825960/SRR11825960_2.fastq.gz							LZX-AD		Metagenome or environmental sample from human gut metagenome		2020-05-22				GENERATED_FILE;GENERATED_FILE		
SRR11825973	PRJNA633959	SRP262626	SAMN14978585	SRS6691128	SRX8376453	SRA1078023	408170	human gut metagenome	ILLUMINA	Illumina MiSeq	AD100.fq		PAIRED	AMPLICON	METAGENOMIC	PCR	51558	30728568	SUB7461200	2020-05-22	2020-05-22	Illumina MiSeq sequencing: Metagenome or environmental sample from human gut metagenome	Altered fecal microbiota in Chinese patients with AD	PRJNA633959	AD100.fq	AD100.R1.fq.gz	5943525;8286388	14d440318a340a2bba43fec8d08aff52;1486ac66799ac832e57346000d2ea1a3	ftp.sra.ebi.ac.uk/vol1/fastq/SRR118/073/SRR11825973/SRR11825973_1.fastq.gz;ftp.sra.ebi.ac.uk/vol1/fastq/SRR118/073/SRR11825973/SRR11825973_2.fastq.gz	fasp.sra.ebi.ac.uk:/vol1/fastq/SRR118/073/SRR11825973/SRR11825973_1.fastq.gz;fasp.sra.ebi.ac.uk:/vol1/fastq/SRR118/073/SRR11825973/SRR11825973_2.fastq.gz	ftp.sra.ebi.ac.uk/vol1/fastq/SRR118/073/SRR11825973/SRR11825973_1.fastq.gz;ftp.sra.ebi.ac.uk/vol1/fastq/SRR118/073/SRR11825973/SRR11825973_2.fastq.gz							LZX-AD		Metagenome or environmental sample from human gut metagenome		2020-05-22				GENERATED_FILE;GENERATED_FILE		
SRR11825951	PRJNA633959	SRP262626	SAMN14978585	SRS6691128	SRX8376475	SRA1078023	408170	human gut metagenome	ILLUMINA	Illumina MiSeq	C62.fq		PAIRED	AMPLICON	METAGENOMIC	PCR	69834	41830566	SUB7461200	2020-05-22	2020-05-22	Illumina MiSeq sequencing: Metagenome or environmental sample from human gut metagenome	Altered fecal microbiota in Chinese patients with AD	PRJNA633959	C62.fq	C62.R1.fq.gz	7776976;11190571	9b453875669e06c3374f91eccfb6266e;4f0170b59e8940b3217ecee5a59a7b9a	ftp.sra.ebi.ac.uk/vol1/fastq/SRR118/051/SRR11825951/SRR11825951_1.fastq.gz;ftp.sra.ebi.ac.uk/vol1/fastq/SRR118/051/SRR11825951/SRR11825951_2.fastq.gz	fasp.sra.ebi.ac.uk:/vol1/fastq/SRR118/051/SRR11825951/SRR11825951_1.fastq.gz;fasp.sra.ebi.ac.uk:/vol1/fastq/SRR118/051/SRR11825951/SRR11825951_2.fastq.gz	ftp.sra.ebi.ac.uk/vol1/fastq/SRR118/051/SRR11825951/SRR11825951_1.fastq.gz;ftp.sra.ebi.ac.uk/vol1/fastq/SRR118/051/SRR11825951/SRR11825951_2.fastq.gz							LZX-AD		Metagenome or environmental sample from human gut metagenome		2020-05-22				GENERATED_FILE;GENERATED_FILE		
SRR11825962	PRJNA633959	SRP262626	SAMN14978585	SRS6691128	SRX8376464	SRA1078023	408170	human gut metagenome	ILLUMINA	Illumina MiSeq	C50.fq		PAIRED	AMPLICON	METAGENOMIC	PCR	43904	26078976	SUB7461200	2020-05-22	2020-05-22	Illumina MiSeq sequencing: Metagenome or environmental sample from human gut metagenome	Altered fecal microbiota in Chinese patients with AD	PRJNA633959	C50.fq	C50.R1.fq.gz	4905163;7101312	cb89301ac2630d09a83985a767d3d3c5;5797f52fd239b23368ff3d0fcc67f1bb	ftp.sra.ebi.ac.uk/vol1/fastq/SRR118/062/SRR11825962/SRR11825962_1.fastq.gz;ftp.sra.ebi.ac.uk/vol1/fastq/SRR118/062/SRR11825962/SRR11825962_2.fastq.gz	fasp.sra.ebi.ac.uk:/vol1/fastq/SRR118/062/SRR11825962/SRR11825962_1.fastq.gz;fasp.sra.ebi.ac.uk:/vol1/fastq/SRR118/062/SRR11825962/SRR11825962_2.fastq.gz	ftp.sra.ebi.ac.uk/vol1/fastq/SRR118/062/SRR11825962/SRR11825962_1.fastq.gz;ftp.sra.ebi.ac.uk/vol1/fastq/SRR118/062/SRR11825962/SRR11825962_2.fastq.gz							LZX-AD		Metagenome or environmental sample from human gut metagenome		2020-05-22				GENERATED_FILE;GENERATED_FILE		
SRR11825980	PRJNA633959	SRP262626	SAMN14978585	SRS6691128	SRX8376446	SRA1078023	408170	human gut metagenome	ILLUMINA	Illumina MiSeq	AD93.fq		PAIRED	AMPLICON	METAGENOMIC	PCR	60855	35904450	SUB7461200	2020-05-22	2020-05-22	Illumina MiSeq sequencing: Metagenome or environmental sample from human gut metagenome	Altered fecal microbiota in Chinese patients with AD	PRJNA633959	AD93.fq	AD93.R1.fq.gz	6174610;9464464	d9ba888042b175c419afcd9cc5a1bfde;49c4a267c09066579d8a4bf8ce7a12c6	ftp.sra.ebi.ac.uk/vol1/fastq/SRR118/080/SRR11825980/SRR11825980_1.fastq.gz;ftp.sra.ebi.ac.uk/vol1/fastq/SRR118/080/SRR11825980/SRR11825980_2.fastq.gz	fasp.sra.ebi.ac.uk:/vol1/fastq/SRR118/080/SRR11825980/SRR11825980_1.fastq.gz;fasp.sra.ebi.ac.uk:/vol1/fastq/SRR118/080/SRR11825980/SRR11825980_2.fastq.gz	ftp.sra.ebi.ac.uk/vol1/fastq/SRR118/080/SRR11825980/SRR11825980_1.fastq.gz;ftp.sra.ebi.ac.uk/vol1/fastq/SRR118/080/SRR11825980/SRR11825980_2.fastq.gz							LZX-AD		Metagenome or environmental sample from human gut metagenome		2020-05-22				GENERATED_FILE;GENERATED_FILE		
SRR11825957	PRJNA633959	SRP262626	SAMN14978585	SRS6691128	SRX8376469	SRA1078023	408170	human gut metagenome	ILLUMINA	Illumina MiSeq	C57.fq		PAIRED	AMPLICON	METAGENOMIC	PCR	55711	32869490	SUB7461200	2020-05-22	2020-05-22	Illumina MiSeq sequencing: Metagenome or environmental sample from human gut metagenome	Altered fecal microbiota in Chinese patients with AD	PRJNA633959	C57.fq	C57.R1.fq.gz	5650932;8317189	e14effa546e6a9c274472e8b48d4b7f1;fa9c2b9fa80d5ff3aa7b07202c1ef049	ftp.sra.ebi.ac.uk/vol1/fastq/SRR118/057/SRR11825957/SRR11825957_1.fastq.gz;ftp.sra.ebi.ac.uk/vol1/fastq/SRR118/057/SRR11825957/SRR11825957_2.fastq.gz	fasp.sra.ebi.ac.uk:/vol1/fastq/SRR118/057/SRR11825957/SRR11825957_1.fastq.gz;fasp.sra.ebi.ac.uk:/vol1/fastq/SRR118/057/SRR11825957/SRR11825957_2.fastq.gz	ftp.sra.ebi.ac.uk/vol1/fastq/SRR118/057/SRR11825957/SRR11825957_1.fastq.gz;ftp.sra.ebi.ac.uk/vol1/fastq/SRR118/057/SRR11825957/SRR11825957_2.fastq.gz							LZX-AD		Metagenome or environmental sample from human gut metagenome		2020-05-22				GENERATED_FILE;GENERATED_FILE		
SRR11825964	PRJNA633959	SRP262626	SAMN14978585	SRS6691128	SRX8376462	SRA1078023	408170	human gut metagenome	ILLUMINA	Illumina MiSeq	C49.fq		PAIRED	AMPLICON	METAGENOMIC	PCR	43084	25678064	SUB7461200	2020-05-22	2020-05-22	Illumina MiSeq sequencing: Metagenome or environmental sample from human gut metagenome	Altered fecal microbiota in Chinese patients with AD	PRJNA633959	C49.fq	C49.R1.fq.gz	4566428;6359452	0caff20b662150666ab2f9a805cd5c92;6ac857fe894308819a73f52e1166a4d8	ftp.sra.ebi.ac.uk/vol1/fastq/SRR118/064/SRR11825964/SRR11825964_1.fastq.gz;ftp.sra.ebi.ac.uk/vol1/fastq/SRR118/064/SRR11825964/SRR11825964_2.fastq.gz	fasp.sra.ebi.ac.uk:/vol1/fastq/SRR118/064/SRR11825964/SRR11825964_1.fastq.gz;fasp.sra.ebi.ac.uk:/vol1/fastq/SRR118/064/SRR11825964/SRR11825964_2.fastq.gz	ftp.sra.ebi.ac.uk/vol1/fastq/SRR118/064/SRR11825964/SRR11825964_1.fastq.gz;ftp.sra.ebi.ac.uk/vol1/fastq/SRR118/064/SRR11825964/SRR11825964_2.fastq.gz							LZX-AD		Metagenome or environmental sample from human gut metagenome		2020-05-22				GENERATED_FILE;GENERATED_FILE		
SRR11825981	PRJNA633959	SRP262626	SAMN14978585	SRS6691128	SRX8376445	SRA1078023	408170	human gut metagenome	ILLUMINA	Illumina MiSeq	AD92.fq		PAIRED	AMPLICON	METAGENOMIC	PCR	52629	31261626	SUB7461200	2020-05-22	2020-05-22	Illumina MiSeq sequencing: Metagenome or environmental sample from human gut metagenome	Altered fecal microbiota in Chinese patients with AD	PRJNA633959	AD92.fq	AD92.R1.fq.gz	5019271;8347471	1f02affaeef5ae9c5c77d7d6746b3e1d;7f482dd6d7e4148c8444a694e326b6f9	ftp.sra.ebi.ac.uk/vol1/fastq/SRR118/081/SRR11825981/SRR11825981_1.fastq.gz;ftp.sra.ebi.ac.uk/vol1/fastq/SRR118/081/SRR11825981/SRR11825981_2.fastq.gz	fasp.sra.ebi.ac.uk:/vol1/fastq/SRR118/081/SRR11825981/SRR11825981_1.fastq.gz;fasp.sra.ebi.ac.uk:/vol1/fastq/SRR118/081/SRR11825981/SRR11825981_2.fastq.gz	ftp.sra.ebi.ac.uk/vol1/fastq/SRR118/081/SRR11825981/SRR11825981_1.fastq.gz;ftp.sra.ebi.ac.uk/vol1/fastq/SRR118/081/SRR11825981/SRR11825981_2.fastq.gz							LZX-AD		Metagenome or environmental sample from human gut metagenome		2020-05-22				GENERATED_FILE;GENERATED_FILE		
SRR11825966	PRJNA633959	SRP262626	SAMN14978585	SRS6691128	SRX8376460	SRA1078023	408170	human gut metagenome	ILLUMINA	Illumina MiSeq	C44.fq		PAIRED	AMPLICON	METAGENOMIC	PCR	53841	31766190	SUB7461200	2020-05-22	2020-05-22	Illumina MiSeq sequencing: Metagenome or environmental sample from human gut metagenome	Altered fecal microbiota in Chinese patients with AD	PRJNA633959	C44.fq	C44.R1.fq.gz	5767411;8295368	3ffb4e5db0a249106d7f5ee84d30d335;0f0ab2f0ff453053ebf5d0c521e4b8c1	ftp.sra.ebi.ac.uk/vol1/fastq/SRR118/066/SRR11825966/SRR11825966_1.fastq.gz;ftp.sra.ebi.ac.uk/vol1/fastq/SRR118/066/SRR11825966/SRR11825966_2.fastq.gz	fasp.sra.ebi.ac.uk:/vol1/fastq/SRR118/066/SRR11825966/SRR11825966_1.fastq.gz;fasp.sra.ebi.ac.uk:/vol1/fastq/SRR118/066/SRR11825966/SRR11825966_2.fastq.gz	ftp.sra.ebi.ac.uk/vol1/fastq/SRR118/066/SRR11825966/SRR11825966_1.fastq.gz;ftp.sra.ebi.ac.uk/vol1/fastq/SRR118/066/SRR11825966/SRR11825966_2.fastq.gz							LZX-AD		Metagenome or environmental sample from human gut metagenome		2020-05-22				GENERATED_FILE;GENERATED_FILE		
SRR11825959	PRJNA633959	SRP262626	SAMN14978585	SRS6691128	SRX8376467	SRA1078023	408170	human gut metagenome	ILLUMINA	Illumina MiSeq	C54.fq		PAIRED	AMPLICON	METAGENOMIC	PCR	56482	33663272	SUB7461200	2020-05-22	2020-05-22	Illumina MiSeq sequencing: Metagenome or environmental sample from human gut metagenome	Altered fecal microbiota in Chinese patients with AD	PRJNA633959	C54.fq	C54.R1.fq.gz	5957554;8310002	9921ebaeabf787f0294c8807f665925f;3ce9ad143c2f4408b7dd4739e1c39d01	ftp.sra.ebi.ac.uk/vol1/fastq/SRR118/059/SRR11825959/SRR11825959_1.fastq.gz;ftp.sra.ebi.ac.uk/vol1/fastq/SRR118/059/SRR11825959/SRR11825959_2.fastq.gz	fasp.sra.ebi.ac.uk:/vol1/fastq/SRR118/059/SRR11825959/SRR11825959_1.fastq.gz;fasp.sra.ebi.ac.uk:/vol1/fastq/SRR118/059/SRR11825959/SRR11825959_2.fastq.gz	ftp.sra.ebi.ac.uk/vol1/fastq/SRR118/059/SRR11825959/SRR11825959_1.fastq.gz;ftp.sra.ebi.ac.uk/vol1/fastq/SRR118/059/SRR11825959/SRR11825959_2.fastq.gz							LZX-AD		Metagenome or environmental sample from human gut metagenome		2020-05-22				GENERATED_FILE;GENERATED_FILE		
SRR11825975	PRJNA633959	SRP262626	SAMN14978585	SRS6691128	SRX8376451	SRA1078023	408170	human gut metagenome	ILLUMINA	Illumina MiSeq	AD98.fq		PAIRED	AMPLICON	METAGENOMIC	PCR	58440	34479600	SUB7461200	2020-05-22	2020-05-22	Illumina MiSeq sequencing: Metagenome or environmental sample from human gut metagenome	Altered fecal microbiota in Chinese patients with AD	PRJNA633959	AD98.fq	AD98.R1.fq.gz	5916651;8975694	3c7872786e60b6a504210b855ae6e1aa;2c6d8c60745c4656c9412e5209b0d5c7	ftp.sra.ebi.ac.uk/vol1/fastq/SRR118/075/SRR11825975/SRR11825975_1.fastq.gz;ftp.sra.ebi.ac.uk/vol1/fastq/SRR118/075/SRR11825975/SRR11825975_2.fastq.gz	fasp.sra.ebi.ac.uk:/vol1/fastq/SRR118/075/SRR11825975/SRR11825975_1.fastq.gz;fasp.sra.ebi.ac.uk:/vol1/fastq/SRR118/075/SRR11825975/SRR11825975_2.fastq.gz	ftp.sra.ebi.ac.uk/vol1/fastq/SRR118/075/SRR11825975/SRR11825975_1.fastq.gz;ftp.sra.ebi.ac.uk/vol1/fastq/SRR118/075/SRR11825975/SRR11825975_2.fastq.gz							LZX-AD		Metagenome or environmental sample from human gut metagenome		2020-05-22				GENERATED_FILE;GENERATED_FILE		
SRR11825982	PRJNA633959	SRP262626	SAMN14978585	SRS6691128	SRX8376444	SRA1078023	408170	human gut metagenome	ILLUMINA	Illumina MiSeq	AD91.fq		PAIRED	AMPLICON	METAGENOMIC	PCR	49850	29710600	SUB7461200	2020-05-22	2020-05-22	Illumina MiSeq sequencing: Metagenome or environmental sample from human gut metagenome	Altered fecal microbiota in Chinese patients with AD	PRJNA633959	AD91.fq	AD91.R1.fq.gz	5759454;7778583	c45e8790282b24ada8155deccc66a559;aa19df0686907f4fec3c4908bfc3709d	ftp.sra.ebi.ac.uk/vol1/fastq/SRR118/082/SRR11825982/SRR11825982_1.fastq.gz;ftp.sra.ebi.ac.uk/vol1/fastq/SRR118/082/SRR11825982/SRR11825982_2.fastq.gz	fasp.sra.ebi.ac.uk:/vol1/fastq/SRR118/082/SRR11825982/SRR11825982_1.fastq.gz;fasp.sra.ebi.ac.uk:/vol1/fastq/SRR118/082/SRR11825982/SRR11825982_2.fastq.gz	ftp.sra.ebi.ac.uk/vol1/fastq/SRR118/082/SRR11825982/SRR11825982_1.fastq.gz;ftp.sra.ebi.ac.uk/vol1/fastq/SRR118/082/SRR11825982/SRR11825982_2.fastq.gz							LZX-AD		Metagenome or environmental sample from human gut metagenome		2020-05-22				GENERATED_FILE;GENERATED_FILE		
SRR11825961	PRJNA633959	SRP262626	SAMN14978585	SRS6691128	SRX8376465	SRA1078023	408170	human gut metagenome	ILLUMINA	Illumina MiSeq	C51.fq		PAIRED	AMPLICON	METAGENOMIC	PCR	50443	29761370	SUB7461200	2020-05-22	2020-05-22	Illumina MiSeq sequencing: Metagenome or environmental sample from human gut metagenome	Altered fecal microbiota in Chinese patients with AD	PRJNA633959	C51.fq	C51.R1.fq.gz	5409790;7909491	a802d9f8cc0396437eb1515f9c421dc7;4cfb744d8b5ec371c673f4029c61de38	ftp.sra.ebi.ac.uk/vol1/fastq/SRR118/061/SRR11825961/SRR11825961_1.fastq.gz;ftp.sra.ebi.ac.uk/vol1/fastq/SRR118/061/SRR11825961/SRR11825961_2.fastq.gz	fasp.sra.ebi.ac.uk:/vol1/fastq/SRR118/061/SRR11825961/SRR11825961_1.fastq.gz;fasp.sra.ebi.ac.uk:/vol1/fastq/SRR118/061/SRR11825961/SRR11825961_2.fastq.gz	ftp.sra.ebi.ac.uk/vol1/fastq/SRR118/061/SRR11825961/SRR11825961_1.fastq.gz;ftp.sra.ebi.ac.uk/vol1/fastq/SRR118/061/SRR11825961/SRR11825961_2.fastq.gz							LZX-AD		Metagenome or environmental sample from human gut metagenome		2020-05-22				GENERATED_FILE;GENERATED_FILE		
SRR11825976	PRJNA633959	SRP262626	SAMN14978585	SRS6691128	SRX8376450	SRA1078023	408170	human gut metagenome	ILLUMINA	Illumina MiSeq	AD97.fq		PAIRED	AMPLICON	METAGENOMIC	PCR	52234	31026996	SUB7461200	2020-05-22	2020-05-22	Illumina MiSeq sequencing: Metagenome or environmental sample from human gut metagenome	Altered fecal microbiota in Chinese patients with AD	PRJNA633959	AD97.fq	AD97.R1.fq.gz	5331197;7920848	f8d2ec37ab059feea281180ff03b8311;85a343e597870035b58ef742e34eee93	ftp.sra.ebi.ac.uk/vol1/fastq/SRR118/076/SRR11825976/SRR11825976_1.fastq.gz;ftp.sra.ebi.ac.uk/vol1/fastq/SRR118/076/SRR11825976/SRR11825976_2.fastq.gz	fasp.sra.ebi.ac.uk:/vol1/fastq/SRR118/076/SRR11825976/SRR11825976_1.fastq.gz;fasp.sra.ebi.ac.uk:/vol1/fastq/SRR118/076/SRR11825976/SRR11825976_2.fastq.gz	ftp.sra.ebi.ac.uk/vol1/fastq/SRR118/076/SRR11825976/SRR11825976_1.fastq.gz;ftp.sra.ebi.ac.uk/vol1/fastq/SRR118/076/SRR11825976/SRR11825976_2.fastq.gz							LZX-AD		Metagenome or environmental sample from human gut metagenome		2020-05-22				GENERATED_FILE;GENERATED_FILE		
SRR11825985	PRJNA633959	SRP262626	SAMN14978585	SRS6691128	SRX8376441	SRA1078023	408170	human gut metagenome	ILLUMINA	Illumina MiSeq	AD88.fq		PAIRED	AMPLICON	METAGENOMIC	PCR	54142	32160348	SUB7461200	2020-05-22	2020-05-22	Illumina MiSeq sequencing: Metagenome or environmental sample from human gut metagenome	Altered fecal microbiota in Chinese patients with AD	PRJNA633959	AD88.fq	AD88.R1.fq.gz	5745412;8417919	c092baba794c8d11d4d47f6ee5469290;47c6ff3927589fb99ef6b0a2df93a595	ftp.sra.ebi.ac.uk/vol1/fastq/SRR118/085/SRR11825985/SRR11825985_1.fastq.gz;ftp.sra.ebi.ac.uk/vol1/fastq/SRR118/085/SRR11825985/SRR11825985_2.fastq.gz	fasp.sra.ebi.ac.uk:/vol1/fastq/SRR118/085/SRR11825985/SRR11825985_1.fastq.gz;fasp.sra.ebi.ac.uk:/vol1/fastq/SRR118/085/SRR11825985/SRR11825985_2.fastq.gz	ftp.sra.ebi.ac.uk/vol1/fastq/SRR118/085/SRR11825985/SRR11825985_1.fastq.gz;ftp.sra.ebi.ac.uk/vol1/fastq/SRR118/085/SRR11825985/SRR11825985_2.fastq.gz							LZX-AD		Metagenome or environmental sample from human gut metagenome		2020-05-22				GENERATED_FILE;GENERATED_FILE		
SRR11825977	PRJNA633959	SRP262626	SAMN14978585	SRS6691128	SRX8376449	SRA1078023	408170	human gut metagenome	ILLUMINA	Illumina MiSeq	AD96.fq		PAIRED	AMPLICON	METAGENOMIC	PCR	50058	29834568	SUB7461200	2020-05-22	2020-05-22	Illumina MiSeq sequencing: Metagenome or environmental sample from human gut metagenome	Altered fecal microbiota in Chinese patients with AD	PRJNA633959	AD96.fq	AD96.R1.fq.gz	5355060;7410514	b521b8e8d04abb1254188288e2472271;ea37283a61563ad6562672730216f6c5	ftp.sra.ebi.ac.uk/vol1/fastq/SRR118/077/SRR11825977/SRR11825977_1.fastq.gz;ftp.sra.ebi.ac.uk/vol1/fastq/SRR118/077/SRR11825977/SRR11825977_2.fastq.gz	fasp.sra.ebi.ac.uk:/vol1/fastq/SRR118/077/SRR11825977/SRR11825977_1.fastq.gz;fasp.sra.ebi.ac.uk:/vol1/fastq/SRR118/077/SRR11825977/SRR11825977_2.fastq.gz	ftp.sra.ebi.ac.uk/vol1/fastq/SRR118/077/SRR11825977/SRR11825977_1.fastq.gz;ftp.sra.ebi.ac.uk/vol1/fastq/SRR118/077/SRR11825977/SRR11825977_2.fastq.gz							LZX-AD		Metagenome or environmental sample from human gut metagenome		2020-05-22				GENERATED_FILE;GENERATED_FILE		
SRR11825967	PRJNA633959	SRP262626	SAMN14978585	SRS6691128	SRX8376459	SRA1078023	408170	human gut metagenome	ILLUMINA	Illumina MiSeq	C43.fq		PAIRED	AMPLICON	METAGENOMIC	PCR	44185	26245890	SUB7461200	2020-05-22	2020-05-22	Illumina MiSeq sequencing: Metagenome or environmental sample from human gut metagenome	Altered fecal microbiota in Chinese patients with AD	PRJNA633959	C43.fq	C43.R1.fq.gz	5031736;7218737	5c015c745e6e0e8172a624d2ad83a004;4bedd1d5d7e7eb17c94792cde753c7c8	ftp.sra.ebi.ac.uk/vol1/fastq/SRR118/067/SRR11825967/SRR11825967_1.fastq.gz;ftp.sra.ebi.ac.uk/vol1/fastq/SRR118/067/SRR11825967/SRR11825967_2.fastq.gz	fasp.sra.ebi.ac.uk:/vol1/fastq/SRR118/067/SRR11825967/SRR11825967_1.fastq.gz;fasp.sra.ebi.ac.uk:/vol1/fastq/SRR118/067/SRR11825967/SRR11825967_2.fastq.gz	ftp.sra.ebi.ac.uk/vol1/fastq/SRR118/067/SRR11825967/SRR11825967_1.fastq.gz;ftp.sra.ebi.ac.uk/vol1/fastq/SRR118/067/SRR11825967/SRR11825967_2.fastq.gz							LZX-AD		Metagenome or environmental sample from human gut metagenome		2020-05-22				GENERATED_FILE;GENERATED_FILE		
SRR11825986	PRJNA633959	SRP262626	SAMN14978585	SRS6691128	SRX8376440	SRA1078023	408170	human gut metagenome	ILLUMINA	Illumina MiSeq	AD86.fq		PAIRED	AMPLICON	METAGENOMIC	PCR	52047	31020012	SUB7461200	2020-05-22	2020-05-22	Illumina MiSeq sequencing: Metagenome or environmental sample from human gut metagenome	Altered fecal microbiota in Chinese patients with AD	PRJNA633959	AD86.fq	AD86.R1.fq.gz	5635750;7958091	e1686d9cff868e97bd73c16a6f681281;f73023e4d5a86c8fc9f2f8ee72a41518	ftp.sra.ebi.ac.uk/vol1/fastq/SRR118/086/SRR11825986/SRR11825986_1.fastq.gz;ftp.sra.ebi.ac.uk/vol1/fastq/SRR118/086/SRR11825986/SRR11825986_2.fastq.gz	fasp.sra.ebi.ac.uk:/vol1/fastq/SRR118/086/SRR11825986/SRR11825986_1.fastq.gz;fasp.sra.ebi.ac.uk:/vol1/fastq/SRR118/086/SRR11825986/SRR11825986_2.fastq.gz	ftp.sra.ebi.ac.uk/vol1/fastq/SRR118/086/SRR11825986/SRR11825986_1.fastq.gz;ftp.sra.ebi.ac.uk/vol1/fastq/SRR118/086/SRR11825986/SRR11825986_2.fastq.gz							LZX-AD		Metagenome or environmental sample from human gut metagenome		2020-05-22				GENERATED_FILE;GENERATED_FILE		
SRR11825978	PRJNA633959	SRP262626	SAMN14978585	SRS6691128	SRX8376448	SRA1078023	408170	human gut metagenome	ILLUMINA	Illumina MiSeq	AD94.fq		PAIRED	AMPLICON	METAGENOMIC	PCR	62804	37619596	SUB7461200	2020-05-22	2020-05-22	Illumina MiSeq sequencing: Metagenome or environmental sample from human gut metagenome	Altered fecal microbiota in Chinese patients with AD	PRJNA633959	AD94.fq	AD94.R1.fq.gz	6437232;9516066	09dce77612425359b4badb93d9e6e354;f2ab7ef2fa18c00e253b7648d87bb687	ftp.sra.ebi.ac.uk/vol1/fastq/SRR118/078/SRR11825978/SRR11825978_1.fastq.gz;ftp.sra.ebi.ac.uk/vol1/fastq/SRR118/078/SRR11825978/SRR11825978_2.fastq.gz	fasp.sra.ebi.ac.uk:/vol1/fastq/SRR118/078/SRR11825978/SRR11825978_1.fastq.gz;fasp.sra.ebi.ac.uk:/vol1/fastq/SRR118/078/SRR11825978/SRR11825978_2.fastq.gz	ftp.sra.ebi.ac.uk/vol1/fastq/SRR118/078/SRR11825978/SRR11825978_1.fastq.gz;ftp.sra.ebi.ac.uk/vol1/fastq/SRR118/078/SRR11825978/SRR11825978_2.fastq.gz							LZX-AD		Metagenome or environmental sample from human gut metagenome		2020-05-22				GENERATED_FILE;GENERATED_FILE		
SRR11825968	PRJNA633959	SRP262626	SAMN14978585	SRS6691128	SRX8376458	SRA1078023	408170	human gut metagenome	ILLUMINA	Illumina MiSeq	C42.fq		PAIRED	AMPLICON	METAGENOMIC	PCR	45005	26822980	SUB7461200	2020-05-22	2020-05-22	Illumina MiSeq sequencing: Metagenome or environmental sample from human gut metagenome	Altered fecal microbiota in Chinese patients with AD	PRJNA633959	C42.fq	C42.R1.fq.gz	5153087;6948905	bd4b799c5650d0076e2bd9a67484b05b;993c98cdde6c38d255cb3beede701f3d	ftp.sra.ebi.ac.uk/vol1/fastq/SRR118/068/SRR11825968/SRR11825968_1.fastq.gz;ftp.sra.ebi.ac.uk/vol1/fastq/SRR118/068/SRR11825968/SRR11825968_2.fastq.gz	fasp.sra.ebi.ac.uk:/vol1/fastq/SRR118/068/SRR11825968/SRR11825968_1.fastq.gz;fasp.sra.ebi.ac.uk:/vol1/fastq/SRR118/068/SRR11825968/SRR11825968_2.fastq.gz	ftp.sra.ebi.ac.uk/vol1/fastq/SRR118/068/SRR11825968/SRR11825968_1.fastq.gz;ftp.sra.ebi.ac.uk/vol1/fastq/SRR118/068/SRR11825968/SRR11825968_2.fastq.gz							LZX-AD		Metagenome or environmental sample from human gut metagenome		2020-05-22				GENERATED_FILE;GENERATED_FILE		
SRR11825989	PRJNA633959	SRP262626	SAMN14978585	SRS6691128	SRX8376437	SRA1078023	408170	human gut metagenome	ILLUMINA	Illumina MiSeq	AD83.fq		PAIRED	AMPLICON	METAGENOMIC	PCR	63460	37695240	SUB7461200	2020-05-22	2020-05-22	Illumina MiSeq sequencing: Metagenome or environmental sample from human gut metagenome	Altered fecal microbiota in Chinese patients with AD	PRJNA633959	AD83.fq	AD83.R1.fq.gz	6344658;9909087	6f1a65a1a2b6450dbcf72ee6cff8c65e;3ae949867dc660c4821cf669fe39041c	ftp.sra.ebi.ac.uk/vol1/fastq/SRR118/089/SRR11825989/SRR11825989_1.fastq.gz;ftp.sra.ebi.ac.uk/vol1/fastq/SRR118/089/SRR11825989/SRR11825989_2.fastq.gz	fasp.sra.ebi.ac.uk:/vol1/fastq/SRR118/089/SRR11825989/SRR11825989_1.fastq.gz;fasp.sra.ebi.ac.uk:/vol1/fastq/SRR118/089/SRR11825989/SRR11825989_2.fastq.gz	ftp.sra.ebi.ac.uk/vol1/fastq/SRR118/089/SRR11825989/SRR11825989_1.fastq.gz;ftp.sra.ebi.ac.uk/vol1/fastq/SRR118/089/SRR11825989/SRR11825989_2.fastq.gz							LZX-AD		Metagenome or environmental sample from human gut metagenome		2020-05-22				GENERATED_FILE;GENERATED_FILE		
SRR11825971	PRJNA633959	SRP262626	SAMN14978585	SRS6691128	SRX8376455	SRA1078023	408170	human gut metagenome	ILLUMINA	Illumina MiSeq	AD102.fq		PAIRED	AMPLICON	METAGENOMIC	PCR	52868	31192120	SUB7461200	2020-05-22	2020-05-22	Illumina MiSeq sequencing: Metagenome or environmental sample from human gut metagenome	Altered fecal microbiota in Chinese patients with AD	PRJNA633959	AD102.fq	AD102.R1.fq.gz	5600663;7741152	cd8840b5aa74133545a16b5cdea77faa;c54f828690bc2402d9742c6ba920f86b	ftp.sra.ebi.ac.uk/vol1/fastq/SRR118/071/SRR11825971/SRR11825971_1.fastq.gz;ftp.sra.ebi.ac.uk/vol1/fastq/SRR118/071/SRR11825971/SRR11825971_2.fastq.gz	fasp.sra.ebi.ac.uk:/vol1/fastq/SRR118/071/SRR11825971/SRR11825971_1.fastq.gz;fasp.sra.ebi.ac.uk:/vol1/fastq/SRR118/071/SRR11825971/SRR11825971_2.fastq.gz	ftp.sra.ebi.ac.uk/vol1/fastq/SRR118/071/SRR11825971/SRR11825971_1.fastq.gz;ftp.sra.ebi.ac.uk/vol1/fastq/SRR118/071/SRR11825971/SRR11825971_2.fastq.gz							LZX-AD		Metagenome or environmental sample from human gut metagenome		2020-05-22				GENERATED_FILE;GENERATED_FILE		
SRR11825979	PRJNA633959	SRP262626	SAMN14978585	SRS6691128	SRX8376447	SRA1078023	408170	human gut metagenome	ILLUMINA	Illumina MiSeq	AD11.fq		PAIRED	AMPLICON	METAGENOMIC	PCR	49663	29748137	SUB7461200	2020-05-22	2020-05-22	Illumina MiSeq sequencing: Metagenome or environmental sample from human gut metagenome	Altered fecal microbiota in Chinese patients with AD	PRJNA633959	AD11.fq	AD11.R1.fq.gz	5426971;7964972	e3c4696892a107d75d2f9121fedf0254;16878ea3ad1a5a1bc376056e274aeedd	ftp.sra.ebi.ac.uk/vol1/fastq/SRR118/079/SRR11825979/SRR11825979_1.fastq.gz;ftp.sra.ebi.ac.uk/vol1/fastq/SRR118/079/SRR11825979/SRR11825979_2.fastq.gz	fasp.sra.ebi.ac.uk:/vol1/fastq/SRR118/079/SRR11825979/SRR11825979_1.fastq.gz;fasp.sra.ebi.ac.uk:/vol1/fastq/SRR118/079/SRR11825979/SRR11825979_2.fastq.gz	ftp.sra.ebi.ac.uk/vol1/fastq/SRR118/079/SRR11825979/SRR11825979_1.fastq.gz;ftp.sra.ebi.ac.uk/vol1/fastq/SRR118/079/SRR11825979/SRR11825979_2.fastq.gz							LZX-AD		Metagenome or environmental sample from human gut metagenome		2020-05-22				GENERATED_FILE;GENERATED_FILE		
SRR11825990	PRJNA633959	SRP262626	SAMN14978585	SRS6691128	SRX8376436	SRA1078023	408170	human gut metagenome	ILLUMINA	Illumina MiSeq	AD10.fq		PAIRED	AMPLICON	METAGENOMIC	PCR	45835	27042650	SUB7461200	2020-05-22	2020-05-22	Illumina MiSeq sequencing: Metagenome or environmental sample from human gut metagenome	Altered fecal microbiota in Chinese patients with AD	PRJNA633959	AD10.fq	AD10.R1.fq.gz	5098634;7207183	3f405b7b94e94965d2b6a730445a3259;eac70e79a7811bc7e91d6d2cc648caa1	ftp.sra.ebi.ac.uk/vol1/fastq/SRR118/090/SRR11825990/SRR11825990_1.fastq.gz;ftp.sra.ebi.ac.uk/vol1/fastq/SRR118/090/SRR11825990/SRR11825990_2.fastq.gz	fasp.sra.ebi.ac.uk:/vol1/fastq/SRR118/090/SRR11825990/SRR11825990_1.fastq.gz;fasp.sra.ebi.ac.uk:/vol1/fastq/SRR118/090/SRR11825990/SRR11825990_2.fastq.gz	ftp.sra.ebi.ac.uk/vol1/fastq/SRR118/090/SRR11825990/SRR11825990_1.fastq.gz;ftp.sra.ebi.ac.uk/vol1/fastq/SRR118/090/SRR11825990/SRR11825990_2.fastq.gz							LZX-AD		Metagenome or environmental sample from human gut metagenome		2020-05-22				GENERATED_FILE;GENERATED_FILE		
SRR11825974	PRJNA633959	SRP262626	SAMN14978585	SRS6691128	SRX8376452	SRA1078023	408170	human gut metagenome	ILLUMINA	Illumina MiSeq	AD99.fq		PAIRED	AMPLICON	METAGENOMIC	PCR	66171	39636429	SUB7461200	2020-05-22	2020-05-22	Illumina MiSeq sequencing: Metagenome or environmental sample from human gut metagenome	Altered fecal microbiota in Chinese patients with AD	PRJNA633959	AD99.fq	AD99.R1.fq.gz	6896060;10074889	26cb76d742deb2b1e9bd3798fe7cc604;3549da27577c8e72db1c990ad2076709	ftp.sra.ebi.ac.uk/vol1/fastq/SRR118/074/SRR11825974/SRR11825974_1.fastq.gz;ftp.sra.ebi.ac.uk/vol1/fastq/SRR118/074/SRR11825974/SRR11825974_2.fastq.gz	fasp.sra.ebi.ac.uk:/vol1/fastq/SRR118/074/SRR11825974/SRR11825974_1.fastq.gz;fasp.sra.ebi.ac.uk:/vol1/fastq/SRR118/074/SRR11825974/SRR11825974_2.fastq.gz	ftp.sra.ebi.ac.uk/vol1/fastq/SRR118/074/SRR11825974/SRR11825974_1.fastq.gz;ftp.sra.ebi.ac.uk/vol1/fastq/SRR118/074/SRR11825974/SRR11825974_2.fastq.gz							LZX-AD		Metagenome or environmental sample from human gut metagenome		2020-05-22				GENERATED_FILE;GENERATED_FILE		
SRR11825983	PRJNA633959	SRP262626	SAMN14978585	SRS6691128	SRX8376443	SRA1078023	408170	human gut metagenome	ILLUMINA	Illumina MiSeq	AD90.fq		PAIRED	AMPLICON	METAGENOMIC	PCR	74095	44382905	SUB7461200	2020-05-22	2020-05-22	Illumina MiSeq sequencing: Metagenome or environmental sample from human gut metagenome	Altered fecal microbiota in Chinese patients with AD	PRJNA633959	AD90.fq	AD90.R1.fq.gz	8179838;11839238	779408b15b697bb52ef454d59de3b12f;f8c6f7758cb3039a666322ac83e72874	ftp.sra.ebi.ac.uk/vol1/fastq/SRR118/083/SRR11825983/SRR11825983_1.fastq.gz;ftp.sra.ebi.ac.uk/vol1/fastq/SRR118/083/SRR11825983/SRR11825983_2.fastq.gz	fasp.sra.ebi.ac.uk:/vol1/fastq/SRR118/083/SRR11825983/SRR11825983_1.fastq.gz;fasp.sra.ebi.ac.uk:/vol1/fastq/SRR118/083/SRR11825983/SRR11825983_2.fastq.gz	ftp.sra.ebi.ac.uk/vol1/fastq/SRR118/083/SRR11825983/SRR11825983_1.fastq.gz;ftp.sra.ebi.ac.uk/vol1/fastq/SRR118/083/SRR11825983/SRR11825983_2.fastq.gz							LZX-AD		Metagenome or environmental sample from human gut metagenome		2020-05-22				GENERATED_FILE;GENERATED_FILE		
SRR11825996	PRJNA633959	SRP262626	SAMN14978585	SRS6691128	SRX8376430	SRA1078023	408170	human gut metagenome	ILLUMINA	Illumina MiSeq	AD75.fq		PAIRED	AMPLICON	METAGENOMIC	PCR	67263	40290537	SUB7461200	2020-05-22	2020-05-22	Illumina MiSeq sequencing: Metagenome or environmental sample from human gut metagenome	Altered fecal microbiota in Chinese patients with AD	PRJNA633959	AD75.fq	AD75.R1.fq.gz	7366052;10384627	1ea1a5eb7012a91ea243e21dda08fac0;3d490b29ec3b7a5563b62610117de2fa	ftp.sra.ebi.ac.uk/vol1/fastq/SRR118/096/SRR11825996/SRR11825996_1.fastq.gz;ftp.sra.ebi.ac.uk/vol1/fastq/SRR118/096/SRR11825996/SRR11825996_2.fastq.gz	fasp.sra.ebi.ac.uk:/vol1/fastq/SRR118/096/SRR11825996/SRR11825996_1.fastq.gz;fasp.sra.ebi.ac.uk:/vol1/fastq/SRR118/096/SRR11825996/SRR11825996_2.fastq.gz	ftp.sra.ebi.ac.uk/vol1/fastq/SRR118/096/SRR11825996/SRR11825996_1.fastq.gz;ftp.sra.ebi.ac.uk/vol1/fastq/SRR118/096/SRR11825996/SRR11825996_2.fastq.gz							LZX-AD		Metagenome or environmental sample from human gut metagenome		2020-05-22				GENERATED_FILE;GENERATED_FILE		
SRR11825984	PRJNA633959	SRP262626	SAMN14978585	SRS6691128	SRX8376442	SRA1078023	408170	human gut metagenome	ILLUMINA	Illumina MiSeq	AD89.fq		PAIRED	AMPLICON	METAGENOMIC	PCR	57362	33843580	SUB7461200	2020-05-22	2020-05-22	Illumina MiSeq sequencing: Metagenome or environmental sample from human gut metagenome	Altered fecal microbiota in Chinese patients with AD	PRJNA633959	AD89.fq	AD89.R1.fq.gz	5802918;8562772	f7f5045e8047c236b3de7ed9681ce56d;78d0f97b4cf6154d2bc088d0fa026f13	ftp.sra.ebi.ac.uk/vol1/fastq/SRR118/084/SRR11825984/SRR11825984_1.fastq.gz;ftp.sra.ebi.ac.uk/vol1/fastq/SRR118/084/SRR11825984/SRR11825984_2.fastq.gz	fasp.sra.ebi.ac.uk:/vol1/fastq/SRR118/084/SRR11825984/SRR11825984_1.fastq.gz;fasp.sra.ebi.ac.uk:/vol1/fastq/SRR118/084/SRR11825984/SRR11825984_2.fastq.gz	ftp.sra.ebi.ac.uk/vol1/fastq/SRR118/084/SRR11825984/SRR11825984_1.fastq.gz;ftp.sra.ebi.ac.uk/vol1/fastq/SRR118/084/SRR11825984/SRR11825984_2.fastq.gz							LZX-AD		Metagenome or environmental sample from human gut metagenome		2020-05-22				GENERATED_FILE;GENERATED_FILE		
SRR11825991	PRJNA633959	SRP262626	SAMN14978585	SRS6691128	SRX8376435	SRA1078023	408170	human gut metagenome	ILLUMINA	Illumina MiSeq	AD80.fq		PAIRED	AMPLICON	METAGENOMIC	PCR	50551	30128396	SUB7461200	2020-05-22	2020-05-22	Illumina MiSeq sequencing: Metagenome or environmental sample from human gut metagenome	Altered fecal microbiota in Chinese patients with AD	PRJNA633959	AD80.fq	AD80.R1.fq.gz	5468820;7532663	cd8872ac62c98986221dc06183c5b0d4;c6ffb5366d87c3755b29af68dc1a2219	ftp.sra.ebi.ac.uk/vol1/fastq/SRR118/091/SRR11825991/SRR11825991_1.fastq.gz;ftp.sra.ebi.ac.uk/vol1/fastq/SRR118/091/SRR11825991/SRR11825991_2.fastq.gz	fasp.sra.ebi.ac.uk:/vol1/fastq/SRR118/091/SRR11825991/SRR11825991_1.fastq.gz;fasp.sra.ebi.ac.uk:/vol1/fastq/SRR118/091/SRR11825991/SRR11825991_2.fastq.gz	ftp.sra.ebi.ac.uk/vol1/fastq/SRR118/091/SRR11825991/SRR11825991_1.fastq.gz;ftp.sra.ebi.ac.uk/vol1/fastq/SRR118/091/SRR11825991/SRR11825991_2.fastq.gz							LZX-AD		Metagenome or environmental sample from human gut metagenome		2020-05-22				GENERATED_FILE;GENERATED_FILE		
SRR11825997	PRJNA633959	SRP262626	SAMN14978585	SRS6691128	SRX8376429	SRA1078023	408170	human gut metagenome	ILLUMINA	Illumina MiSeq	AD74.fq		PAIRED	AMPLICON	METAGENOMIC	PCR	46298	27315820	SUB7461200	2020-05-22	2020-05-22	Illumina MiSeq sequencing: Metagenome or environmental sample from human gut metagenome	Altered fecal microbiota in Chinese patients with AD	PRJNA633959	AD74.fq	AD74.R1.fq.gz	5120603;7232621	44075a72b6edb1d0778e4a3b441aaa7c;d84c1bf9a13a5d0813c952038f3c4608	ftp.sra.ebi.ac.uk/vol1/fastq/SRR118/097/SRR11825997/SRR11825997_1.fastq.gz;ftp.sra.ebi.ac.uk/vol1/fastq/SRR118/097/SRR11825997/SRR11825997_2.fastq.gz	fasp.sra.ebi.ac.uk:/vol1/fastq/SRR118/097/SRR11825997/SRR11825997_1.fastq.gz;fasp.sra.ebi.ac.uk:/vol1/fastq/SRR118/097/SRR11825997/SRR11825997_2.fastq.gz	ftp.sra.ebi.ac.uk/vol1/fastq/SRR118/097/SRR11825997/SRR11825997_1.fastq.gz;ftp.sra.ebi.ac.uk/vol1/fastq/SRR118/097/SRR11825997/SRR11825997_2.fastq.gz							LZX-AD		Metagenome or environmental sample from human gut metagenome		2020-05-22				GENERATED_FILE;GENERATED_FILE		
SRR11825987	PRJNA633959	SRP262626	SAMN14978585	SRS6691128	SRX8376439	SRA1078023	408170	human gut metagenome	ILLUMINA	Illumina MiSeq	AD85.fq		PAIRED	AMPLICON	METAGENOMIC	PCR	70126	42005474	SUB7461200	2020-05-22	2020-05-22	Illumina MiSeq sequencing: Metagenome or environmental sample from human gut metagenome	Altered fecal microbiota in Chinese patients with AD	PRJNA633959	AD85.fq	AD85.R1.fq.gz	7281167;10869258	7a4553a55cb8c699e6f144f7bfb4eafc;673d29565375960555920dcd28ec3c2e	ftp.sra.ebi.ac.uk/vol1/fastq/SRR118/087/SRR11825987/SRR11825987_1.fastq.gz;ftp.sra.ebi.ac.uk/vol1/fastq/SRR118/087/SRR11825987/SRR11825987_2.fastq.gz	fasp.sra.ebi.ac.uk:/vol1/fastq/SRR118/087/SRR11825987/SRR11825987_1.fastq.gz;fasp.sra.ebi.ac.uk:/vol1/fastq/SRR118/087/SRR11825987/SRR11825987_2.fastq.gz	ftp.sra.ebi.ac.uk/vol1/fastq/SRR118/087/SRR11825987/SRR11825987_1.fastq.gz;ftp.sra.ebi.ac.uk/vol1/fastq/SRR118/087/SRR11825987/SRR11825987_2.fastq.gz							LZX-AD		Metagenome or environmental sample from human gut metagenome		2020-05-22				GENERATED_FILE;GENERATED_FILE		
SRR11825993	PRJNA633959	SRP262626	SAMN14978585	SRS6691128	SRX8376433	SRA1078023	408170	human gut metagenome	ILLUMINA	Illumina MiSeq	AD78.fq		PAIRED	AMPLICON	METAGENOMIC	PCR	70822	41784980	SUB7461200	2020-05-22	2020-05-22	Illumina MiSeq sequencing: Metagenome or environmental sample from human gut metagenome	Altered fecal microbiota in Chinese patients with AD	PRJNA633959	AD78.fq	AD78.R1.fq.gz	7893509;10890475	3e73fc9be0065f80698bc9500729344f;4f85c5e1355bf5b076c7e68fdf5d3e5e	ftp.sra.ebi.ac.uk/vol1/fastq/SRR118/093/SRR11825993/SRR11825993_1.fastq.gz;ftp.sra.ebi.ac.uk/vol1/fastq/SRR118/093/SRR11825993/SRR11825993_2.fastq.gz	fasp.sra.ebi.ac.uk:/vol1/fastq/SRR118/093/SRR11825993/SRR11825993_1.fastq.gz;fasp.sra.ebi.ac.uk:/vol1/fastq/SRR118/093/SRR11825993/SRR11825993_2.fastq.gz	ftp.sra.ebi.ac.uk/vol1/fastq/SRR118/093/SRR11825993/SRR11825993_1.fastq.gz;ftp.sra.ebi.ac.uk/vol1/fastq/SRR118/093/SRR11825993/SRR11825993_2.fastq.gz							LZX-AD		Metagenome or environmental sample from human gut metagenome		2020-05-22				GENERATED_FILE;GENERATED_FILE		
SRR11826000	PRJNA633959	SRP262626	SAMN14978585	SRS6691128	SRX8376426	SRA1078023	408170	human gut metagenome	ILLUMINA	Illumina MiSeq	AD69.fq		PAIRED	AMPLICON	METAGENOMIC	PCR	60374	36164026	SUB7461200	2020-05-22	2020-05-22	Illumina MiSeq sequencing: Metagenome or environmental sample from human gut metagenome	Altered fecal microbiota in Chinese patients with AD	PRJNA633959	AD69.fq	AD69.R1.fq.gz	6436053;9573556	63b91a123f312d3bcff00dfa4e482756;1fdfbf2618569149479a371f84d1088a	ftp.sra.ebi.ac.uk/vol1/fastq/SRR118/000/SRR11826000/SRR11826000_1.fastq.gz;ftp.sra.ebi.ac.uk/vol1/fastq/SRR118/000/SRR11826000/SRR11826000_2.fastq.gz	fasp.sra.ebi.ac.uk:/vol1/fastq/SRR118/000/SRR11826000/SRR11826000_1.fastq.gz;fasp.sra.ebi.ac.uk:/vol1/fastq/SRR118/000/SRR11826000/SRR11826000_2.fastq.gz	ftp.sra.ebi.ac.uk/vol1/fastq/SRR118/000/SRR11826000/SRR11826000_1.fastq.gz;ftp.sra.ebi.ac.uk/vol1/fastq/SRR118/000/SRR11826000/SRR11826000_2.fastq.gz							LZX-AD		Metagenome or environmental sample from human gut metagenome		2020-05-22				GENERATED_FILE;GENERATED_FILE		
SRR11825994	PRJNA633959	SRP262626	SAMN14978585	SRS6691128	SRX8376432	SRA1078023	408170	human gut metagenome	ILLUMINA	Illumina MiSeq	AD77.fq		PAIRED	AMPLICON	METAGENOMIC	PCR	58883	34976502	SUB7461200	2020-05-22	2020-05-22	Illumina MiSeq sequencing: Metagenome or environmental sample from human gut metagenome	Altered fecal microbiota in Chinese patients with AD	PRJNA633959	AD77.fq	AD77.R1.fq.gz	6175296;8750353	69578e66d841cc12cc32914d4c8768e2;bd079b56f6fcf7d084c149cb7fdcb848	ftp.sra.ebi.ac.uk/vol1/fastq/SRR118/094/SRR11825994/SRR11825994_1.fastq.gz;ftp.sra.ebi.ac.uk/vol1/fastq/SRR118/094/SRR11825994/SRR11825994_2.fastq.gz	fasp.sra.ebi.ac.uk:/vol1/fastq/SRR118/094/SRR11825994/SRR11825994_1.fastq.gz;fasp.sra.ebi.ac.uk:/vol1/fastq/SRR118/094/SRR11825994/SRR11825994_2.fastq.gz	ftp.sra.ebi.ac.uk/vol1/fastq/SRR118/094/SRR11825994/SRR11825994_1.fastq.gz;ftp.sra.ebi.ac.uk/vol1/fastq/SRR118/094/SRR11825994/SRR11825994_2.fastq.gz							LZX-AD		Metagenome or environmental sample from human gut metagenome		2020-05-22				GENERATED_FILE;GENERATED_FILE		
SRR11825988	PRJNA633959	SRP262626	SAMN14978585	SRS6691128	SRX8376438	SRA1078023	408170	human gut metagenome	ILLUMINA	Illumina MiSeq	AD84.fq		PAIRED	AMPLICON	METAGENOMIC	PCR	66652	39324680	SUB7461200	2020-05-22	2020-05-22	Illumina MiSeq sequencing: Metagenome or environmental sample from human gut metagenome	Altered fecal microbiota in Chinese patients with AD	PRJNA633959	AD84.fq	AD84.R1.fq.gz	6596837;9665733	0c2c1492f4b23dc98a706621cf4e6136;10c9ae156d5d75e8ecef07da207752f4	ftp.sra.ebi.ac.uk/vol1/fastq/SRR118/088/SRR11825988/SRR11825988_1.fastq.gz;ftp.sra.ebi.ac.uk/vol1/fastq/SRR118/088/SRR11825988/SRR11825988_2.fastq.gz	fasp.sra.ebi.ac.uk:/vol1/fastq/SRR118/088/SRR11825988/SRR11825988_1.fastq.gz;fasp.sra.ebi.ac.uk:/vol1/fastq/SRR118/088/SRR11825988/SRR11825988_2.fastq.gz	ftp.sra.ebi.ac.uk/vol1/fastq/SRR118/088/SRR11825988/SRR11825988_1.fastq.gz;ftp.sra.ebi.ac.uk/vol1/fastq/SRR118/088/SRR11825988/SRR11825988_2.fastq.gz							LZX-AD		Metagenome or environmental sample from human gut metagenome		2020-05-22				GENERATED_FILE;GENERATED_FILE		
SRR11826004	PRJNA633959	SRP262626	SAMN14978585	SRS6691128	SRX8376422	SRA1078023	408170	human gut metagenome	ILLUMINA	Illumina MiSeq	AD66.fq		PAIRED	AMPLICON	METAGENOMIC	PCR	36591	21808236	SUB7461200	2020-05-22	2020-05-22	Illumina MiSeq sequencing: Metagenome or environmental sample from human gut metagenome	Altered fecal microbiota in Chinese patients with AD	PRJNA633959	AD66.fq	AD66.R1.fq.gz	4154531;5795006	9504917f182f8d59be89cdd2746a2032;4f2b6efb8b6a26c8ba869d99e50744d6	ftp.sra.ebi.ac.uk/vol1/fastq/SRR118/004/SRR11826004/SRR11826004_1.fastq.gz;ftp.sra.ebi.ac.uk/vol1/fastq/SRR118/004/SRR11826004/SRR11826004_2.fastq.gz	fasp.sra.ebi.ac.uk:/vol1/fastq/SRR118/004/SRR11826004/SRR11826004_1.fastq.gz;fasp.sra.ebi.ac.uk:/vol1/fastq/SRR118/004/SRR11826004/SRR11826004_2.fastq.gz	ftp.sra.ebi.ac.uk/vol1/fastq/SRR118/004/SRR11826004/SRR11826004_1.fastq.gz;ftp.sra.ebi.ac.uk/vol1/fastq/SRR118/004/SRR11826004/SRR11826004_2.fastq.gz							LZX-AD		Metagenome or environmental sample from human gut metagenome		2020-05-22				GENERATED_FILE;GENERATED_FILE		
SRR11825992	PRJNA633959	SRP262626	SAMN14978585	SRS6691128	SRX8376434	SRA1078023	408170	human gut metagenome	ILLUMINA	Illumina MiSeq	AD79.fq		PAIRED	AMPLICON	METAGENOMIC	PCR	80882	48448318	SUB7461200	2020-05-22	2020-05-22	Illumina MiSeq sequencing: Metagenome or environmental sample from human gut metagenome	Altered fecal microbiota in Chinese patients with AD	PRJNA633959	AD79.fq	AD79.R1.fq.gz	8164929;12738098	64b129769c1a28b7747379f84322b197;8cc105c22f1ab6cf6aac2dc06f8b233c	ftp.sra.ebi.ac.uk/vol1/fastq/SRR118/092/SRR11825992/SRR11825992_1.fastq.gz;ftp.sra.ebi.ac.uk/vol1/fastq/SRR118/092/SRR11825992/SRR11825992_2.fastq.gz	fasp.sra.ebi.ac.uk:/vol1/fastq/SRR118/092/SRR11825992/SRR11825992_1.fastq.gz;fasp.sra.ebi.ac.uk:/vol1/fastq/SRR118/092/SRR11825992/SRR11825992_2.fastq.gz	ftp.sra.ebi.ac.uk/vol1/fastq/SRR118/092/SRR11825992/SRR11825992_1.fastq.gz;ftp.sra.ebi.ac.uk/vol1/fastq/SRR118/092/SRR11825992/SRR11825992_2.fastq.gz							LZX-AD		Metagenome or environmental sample from human gut metagenome		2020-05-22				GENERATED_FILE;GENERATED_FILE		
SRR11825998	PRJNA633959	SRP262626	SAMN14978585	SRS6691128	SRX8376428	SRA1078023	408170	human gut metagenome	ILLUMINA	Illumina MiSeq	AD71.fq		PAIRED	AMPLICON	METAGENOMIC	PCR	41554	24683076	SUB7461200	2020-05-22	2020-05-22	Illumina MiSeq sequencing: Metagenome or environmental sample from human gut metagenome	Altered fecal microbiota in Chinese patients with AD	PRJNA633959	AD71.fq	AD71.R1.fq.gz	3850305;6549666	f599602cfba7567654a1d71889735815;c69c6de8c16a4baa194ee14669117e0f	ftp.sra.ebi.ac.uk/vol1/fastq/SRR118/098/SRR11825998/SRR11825998_1.fastq.gz;ftp.sra.ebi.ac.uk/vol1/fastq/SRR118/098/SRR11825998/SRR11825998_2.fastq.gz	fasp.sra.ebi.ac.uk:/vol1/fastq/SRR118/098/SRR11825998/SRR11825998_1.fastq.gz;fasp.sra.ebi.ac.uk:/vol1/fastq/SRR118/098/SRR11825998/SRR11825998_2.fastq.gz	ftp.sra.ebi.ac.uk/vol1/fastq/SRR118/098/SRR11825998/SRR11825998_1.fastq.gz;ftp.sra.ebi.ac.uk/vol1/fastq/SRR118/098/SRR11825998/SRR11825998_2.fastq.gz							LZX-AD		Metagenome or environmental sample from human gut metagenome		2020-05-22				GENERATED_FILE;GENERATED_FILE		
SRR11825995	PRJNA633959	SRP262626	SAMN14978585	SRS6691128	SRX8376431	SRA1078023	408170	human gut metagenome	ILLUMINA	Illumina MiSeq	AD76.fq		PAIRED	AMPLICON	METAGENOMIC	PCR	58892	35099632	SUB7461200	2020-05-22	2020-05-22	Illumina MiSeq sequencing: Metagenome or environmental sample from human gut metagenome	Altered fecal microbiota in Chinese patients with AD	PRJNA633959	AD76.fq	AD76.R1.fq.gz	6473997;9108097	1a020017b3f3552faf57a809692e57e7;32e2cdf2ae575a8d025dbed4f892d5e2	ftp.sra.ebi.ac.uk/vol1/fastq/SRR118/095/SRR11825995/SRR11825995_1.fastq.gz;ftp.sra.ebi.ac.uk/vol1/fastq/SRR118/095/SRR11825995/SRR11825995_2.fastq.gz	fasp.sra.ebi.ac.uk:/vol1/fastq/SRR118/095/SRR11825995/SRR11825995_1.fastq.gz;fasp.sra.ebi.ac.uk:/vol1/fastq/SRR118/095/SRR11825995/SRR11825995_2.fastq.gz	ftp.sra.ebi.ac.uk/vol1/fastq/SRR118/095/SRR11825995/SRR11825995_1.fastq.gz;ftp.sra.ebi.ac.uk/vol1/fastq/SRR118/095/SRR11825995/SRR11825995_2.fastq.gz							LZX-AD		Metagenome or environmental sample from human gut metagenome		2020-05-22				GENERATED_FILE;GENERATED_FILE		
SRR11826009	PRJNA633959	SRP262626	SAMN14978585	SRS6691128	SRX8376418	SRA1078023	408170	human gut metagenome	ILLUMINA	Illumina MiSeq	AD123.fq		PAIRED	AMPLICON	METAGENOMIC	PCR	56266	33422004	SUB7461200	2020-05-22	2020-05-22	Illumina MiSeq sequencing: Metagenome or environmental sample from human gut metagenome	Altered fecal microbiota in Chinese patients with AD	PRJNA633959	AD123.fq	AD123.R1.fq.gz	6045577;9009462	0856c4f75c0d00803687bf822892a7fa;14c4f06f7ffe9081e78af8ef0e227b62	ftp.sra.ebi.ac.uk/vol1/fastq/SRR118/009/SRR11826009/SRR11826009_1.fastq.gz;ftp.sra.ebi.ac.uk/vol1/fastq/SRR118/009/SRR11826009/SRR11826009_2.fastq.gz	fasp.sra.ebi.ac.uk:/vol1/fastq/SRR118/009/SRR11826009/SRR11826009_1.fastq.gz;fasp.sra.ebi.ac.uk:/vol1/fastq/SRR118/009/SRR11826009/SRR11826009_2.fastq.gz	ftp.sra.ebi.ac.uk/vol1/fastq/SRR118/009/SRR11826009/SRR11826009_1.fastq.gz;ftp.sra.ebi.ac.uk/vol1/fastq/SRR118/009/SRR11826009/SRR11826009_2.fastq.gz							LZX-AD		Metagenome or environmental sample from human gut metagenome		2020-05-22				GENERATED_FILE;GENERATED_FILE		
SRR11826001	PRJNA633959	SRP262626	SAMN14978585	SRS6691128	SRX8376425	SRA1078023	408170	human gut metagenome	ILLUMINA	Illumina MiSeq	AD09.fq		PAIRED	AMPLICON	METAGENOMIC	PCR	49296	29281824	SUB7461200	2020-05-22	2020-05-22	Illumina MiSeq sequencing: Metagenome or environmental sample from human gut metagenome	Altered fecal microbiota in Chinese patients with AD	PRJNA633959	AD09.fq	AD09.R1.fq.gz	5612233;8031839	ddfe8ac99c03fea69200bf7c63b4eab2;451fea5f955ddc1c292e5d7d8c4b13a3	ftp.sra.ebi.ac.uk/vol1/fastq/SRR118/001/SRR11826001/SRR11826001_1.fastq.gz;ftp.sra.ebi.ac.uk/vol1/fastq/SRR118/001/SRR11826001/SRR11826001_2.fastq.gz	fasp.sra.ebi.ac.uk:/vol1/fastq/SRR118/001/SRR11826001/SRR11826001_1.fastq.gz;fasp.sra.ebi.ac.uk:/vol1/fastq/SRR118/001/SRR11826001/SRR11826001_2.fastq.gz	ftp.sra.ebi.ac.uk/vol1/fastq/SRR118/001/SRR11826001/SRR11826001_1.fastq.gz;ftp.sra.ebi.ac.uk/vol1/fastq/SRR118/001/SRR11826001/SRR11826001_2.fastq.gz							LZX-AD		Metagenome or environmental sample from human gut metagenome		2020-05-22				GENERATED_FILE;GENERATED_FILE		
SRR11825999	PRJNA633959	SRP262626	SAMN14978585	SRS6691128	SRX8376427	SRA1078023	408170	human gut metagenome	ILLUMINA	Illumina MiSeq	AD70.fq		PAIRED	AMPLICON	METAGENOMIC	PCR	41115	24504540	SUB7461200	2020-05-22	2020-05-22	Illumina MiSeq sequencing: Metagenome or environmental sample from human gut metagenome	Altered fecal microbiota in Chinese patients with AD	PRJNA633959	AD70.fq	AD70.R1.fq.gz	4778328;6628768	eebd93aacbd474e26ca586b387240adb;48fa5a527a7d4153807a551de4982b49	ftp.sra.ebi.ac.uk/vol1/fastq/SRR118/099/SRR11825999/SRR11825999_1.fastq.gz;ftp.sra.ebi.ac.uk/vol1/fastq/SRR118/099/SRR11825999/SRR11825999_2.fastq.gz	fasp.sra.ebi.ac.uk:/vol1/fastq/SRR118/099/SRR11825999/SRR11825999_1.fastq.gz;fasp.sra.ebi.ac.uk:/vol1/fastq/SRR118/099/SRR11825999/SRR11825999_2.fastq.gz	ftp.sra.ebi.ac.uk/vol1/fastq/SRR118/099/SRR11825999/SRR11825999_1.fastq.gz;ftp.sra.ebi.ac.uk/vol1/fastq/SRR118/099/SRR11825999/SRR11825999_2.fastq.gz							LZX-AD		Metagenome or environmental sample from human gut metagenome		2020-05-22				GENERATED_FILE;GENERATED_FILE		
SRR11826010	PRJNA633959	SRP262626	SAMN14978585	SRS6691128	SRX8376417	SRA1078023	408170	human gut metagenome	ILLUMINA	Illumina MiSeq	AD122.fq		PAIRED	AMPLICON	METAGENOMIC	PCR	58742	35010232	SUB7461200	2020-05-22	2020-05-22	Illumina MiSeq sequencing: Metagenome or environmental sample from human gut metagenome	Altered fecal microbiota in Chinese patients with AD	PRJNA633959	AD122.fq	AD122.R1.fq.gz	6626501;9134260	74aae47d3a2c4b42b9409423bf6a09ae;115a80b3db7ec17cf7fa581cfd744a56	ftp.sra.ebi.ac.uk/vol1/fastq/SRR118/010/SRR11826010/SRR11826010_1.fastq.gz;ftp.sra.ebi.ac.uk/vol1/fastq/SRR118/010/SRR11826010/SRR11826010_2.fastq.gz	fasp.sra.ebi.ac.uk:/vol1/fastq/SRR118/010/SRR11826010/SRR11826010_1.fastq.gz;fasp.sra.ebi.ac.uk:/vol1/fastq/SRR118/010/SRR11826010/SRR11826010_2.fastq.gz	ftp.sra.ebi.ac.uk/vol1/fastq/SRR118/010/SRR11826010/SRR11826010_1.fastq.gz;ftp.sra.ebi.ac.uk/vol1/fastq/SRR118/010/SRR11826010/SRR11826010_2.fastq.gz							LZX-AD		Metagenome or environmental sample from human gut metagenome		2020-05-22				GENERATED_FILE;GENERATED_FILE		
SRR11826002	PRJNA633959	SRP262626	SAMN14978585	SRS6691128	SRX8376424	SRA1078023	408170	human gut metagenome	ILLUMINA	Illumina MiSeq	AD68.fq		PAIRED	AMPLICON	METAGENOMIC	PCR	39413	23253670	SUB7461200	2020-05-22	2020-05-22	Illumina MiSeq sequencing: Metagenome or environmental sample from human gut metagenome	Altered fecal microbiota in Chinese patients with AD	PRJNA633959	AD68.fq	AD68.R1.fq.gz	4009385;5622436	71b2ad4ecaffbee17ea38eebfea2e1c8;5cd00bffef959d1e23b162c77a1dfbec	ftp.sra.ebi.ac.uk/vol1/fastq/SRR118/002/SRR11826002/SRR11826002_1.fastq.gz;ftp.sra.ebi.ac.uk/vol1/fastq/SRR118/002/SRR11826002/SRR11826002_2.fastq.gz	fasp.sra.ebi.ac.uk:/vol1/fastq/SRR118/002/SRR11826002/SRR11826002_1.fastq.gz;fasp.sra.ebi.ac.uk:/vol1/fastq/SRR118/002/SRR11826002/SRR11826002_2.fastq.gz	ftp.sra.ebi.ac.uk/vol1/fastq/SRR118/002/SRR11826002/SRR11826002_1.fastq.gz;ftp.sra.ebi.ac.uk/vol1/fastq/SRR118/002/SRR11826002/SRR11826002_2.fastq.gz							LZX-AD		Metagenome or environmental sample from human gut metagenome		2020-05-22				GENERATED_FILE;GENERATED_FILE		
SRR11826011	PRJNA633959	SRP262626	SAMN14978585	SRS6691128	SRX8376416	SRA1078023	408170	human gut metagenome	ILLUMINA	Illumina MiSeq	AD121.fq		PAIRED	AMPLICON	METAGENOMIC	PCR	69853	41841947	SUB7461200	2020-05-22	2020-05-22	Illumina MiSeq sequencing: Metagenome or environmental sample from human gut metagenome	Altered fecal microbiota in Chinese patients with AD	PRJNA633959	AD121.fq	AD121.R1.fq.gz	7125200;10836753	ea7d91dc8e1fb8dee7dba41125309988;43000eadcec3f598efc4e4d34e95df4c	ftp.sra.ebi.ac.uk/vol1/fastq/SRR118/011/SRR11826011/SRR11826011_1.fastq.gz;ftp.sra.ebi.ac.uk/vol1/fastq/SRR118/011/SRR11826011/SRR11826011_2.fastq.gz	fasp.sra.ebi.ac.uk:/vol1/fastq/SRR118/011/SRR11826011/SRR11826011_1.fastq.gz;fasp.sra.ebi.ac.uk:/vol1/fastq/SRR118/011/SRR11826011/SRR11826011_2.fastq.gz	ftp.sra.ebi.ac.uk/vol1/fastq/SRR118/011/SRR11826011/SRR11826011_1.fastq.gz;ftp.sra.ebi.ac.uk/vol1/fastq/SRR118/011/SRR11826011/SRR11826011_2.fastq.gz							LZX-AD		Metagenome or environmental sample from human gut metagenome		2020-05-22				GENERATED_FILE;GENERATED_FILE		
SRR11826005	PRJNA633959	SRP262626	SAMN14978585	SRS6691128	SRX8376421	SRA1078023	408170	human gut metagenome	ILLUMINA	Illumina MiSeq	AD127.fq		PAIRED	AMPLICON	METAGENOMIC	PCR	54219	32314524	SUB7461200	2020-05-22	2020-05-22	Illumina MiSeq sequencing: Metagenome or environmental sample from human gut metagenome	Altered fecal microbiota in Chinese patients with AD	PRJNA633959	AD127.fq	AD127.R1.fq.gz	6179210;8645806	fbced8ee45444d3e73c0b69b0483dacf;56047d35c5a36f899ae8182aba8024ea	ftp.sra.ebi.ac.uk/vol1/fastq/SRR118/005/SRR11826005/SRR11826005_1.fastq.gz;ftp.sra.ebi.ac.uk/vol1/fastq/SRR118/005/SRR11826005/SRR11826005_2.fastq.gz	fasp.sra.ebi.ac.uk:/vol1/fastq/SRR118/005/SRR11826005/SRR11826005_1.fastq.gz;fasp.sra.ebi.ac.uk:/vol1/fastq/SRR118/005/SRR11826005/SRR11826005_2.fastq.gz	ftp.sra.ebi.ac.uk/vol1/fastq/SRR118/005/SRR11826005/SRR11826005_1.fastq.gz;ftp.sra.ebi.ac.uk/vol1/fastq/SRR118/005/SRR11826005/SRR11826005_2.fastq.gz							LZX-AD		Metagenome or environmental sample from human gut metagenome		2020-05-22				GENERATED_FILE;GENERATED_FILE		
SRR11826003	PRJNA633959	SRP262626	SAMN14978585	SRS6691128	SRX8376423	SRA1078023	408170	human gut metagenome	ILLUMINA	Illumina MiSeq	AD67.fq		PAIRED	AMPLICON	METAGENOMIC	PCR	39054	23198076	SUB7461200	2020-05-22	2020-05-22	Illumina MiSeq sequencing: Metagenome or environmental sample from human gut metagenome	Altered fecal microbiota in Chinese patients with AD	PRJNA633959	AD67.fq	AD67.R1.fq.gz	3681844;5961685	598b68f179dc04b09fa24479fbccce7a;c9747f34289d1a42f8bf6bf52e19c441	ftp.sra.ebi.ac.uk/vol1/fastq/SRR118/003/SRR11826003/SRR11826003_1.fastq.gz;ftp.sra.ebi.ac.uk/vol1/fastq/SRR118/003/SRR11826003/SRR11826003_2.fastq.gz	fasp.sra.ebi.ac.uk:/vol1/fastq/SRR118/003/SRR11826003/SRR11826003_1.fastq.gz;fasp.sra.ebi.ac.uk:/vol1/fastq/SRR118/003/SRR11826003/SRR11826003_2.fastq.gz	ftp.sra.ebi.ac.uk/vol1/fastq/SRR118/003/SRR11826003/SRR11826003_1.fastq.gz;ftp.sra.ebi.ac.uk/vol1/fastq/SRR118/003/SRR11826003/SRR11826003_2.fastq.gz							LZX-AD		Metagenome or environmental sample from human gut metagenome		2020-05-22				GENERATED_FILE;GENERATED_FILE		
SRR11826006	PRJNA633959	SRP262626	SAMN14978585	SRS6691128	SRX8376529	SRA1078023	408170	human gut metagenome	ILLUMINA	Illumina MiSeq	AD65.fq		PAIRED	AMPLICON	METAGENOMIC	PCR	53534	32066866	SUB7461200	2020-05-22	2020-05-22	Illumina MiSeq sequencing: Metagenome or environmental sample from human gut metagenome	Altered fecal microbiota in Chinese patients with AD	PRJNA633959	AD65.fq	AD65.R1.fq.gz	5785317;8532658	f47961390419a0e2dc0a74155c438db8;e9d817d9728b95acaac8f5e7e5a21ba9	ftp.sra.ebi.ac.uk/vol1/fastq/SRR118/006/SRR11826006/SRR11826006_1.fastq.gz;ftp.sra.ebi.ac.uk/vol1/fastq/SRR118/006/SRR11826006/SRR11826006_2.fastq.gz	fasp.sra.ebi.ac.uk:/vol1/fastq/SRR118/006/SRR11826006/SRR11826006_1.fastq.gz;fasp.sra.ebi.ac.uk:/vol1/fastq/SRR118/006/SRR11826006/SRR11826006_2.fastq.gz	ftp.sra.ebi.ac.uk/vol1/fastq/SRR118/006/SRR11826006/SRR11826006_1.fastq.gz;ftp.sra.ebi.ac.uk/vol1/fastq/SRR118/006/SRR11826006/SRR11826006_2.fastq.gz							LZX-AD		Metagenome or environmental sample from human gut metagenome		2020-05-22				GENERATED_FILE;GENERATED_FILE		
SRR11826016	PRJNA633959	SRP262626	SAMN14978585	SRS6691128	SRX8376411	SRA1078023	408170	human gut metagenome	ILLUMINA	Illumina MiSeq	AD13.fq		PAIRED	AMPLICON	METAGENOMIC	PCR	40473	24040962	SUB7461200	2020-05-22	2020-05-22	Illumina MiSeq sequencing: Metagenome or environmental sample from human gut metagenome	Altered fecal microbiota in Chinese patients with AD	PRJNA633959	AD13.fq	AD13.R1.fq.gz	4415844;6367234	c403c123f16e97e092d9a997adf96e2f;6429e0312fd2d5400e086aad1be1bbd3	ftp.sra.ebi.ac.uk/vol1/fastq/SRR118/016/SRR11826016/SRR11826016_1.fastq.gz;ftp.sra.ebi.ac.uk/vol1/fastq/SRR118/016/SRR11826016/SRR11826016_2.fastq.gz	fasp.sra.ebi.ac.uk:/vol1/fastq/SRR118/016/SRR11826016/SRR11826016_1.fastq.gz;fasp.sra.ebi.ac.uk:/vol1/fastq/SRR118/016/SRR11826016/SRR11826016_2.fastq.gz	ftp.sra.ebi.ac.uk/vol1/fastq/SRR118/016/SRR11826016/SRR11826016_1.fastq.gz;ftp.sra.ebi.ac.uk/vol1/fastq/SRR118/016/SRR11826016/SRR11826016_2.fastq.gz							LZX-AD		Metagenome or environmental sample from human gut metagenome		2020-05-22				GENERATED_FILE;GENERATED_FILE		
SRR11826008	PRJNA633959	SRP262626	SAMN14978585	SRS6691128	SRX8376419	SRA1078023	408170	human gut metagenome	ILLUMINA	Illumina MiSeq	AD125.fq		PAIRED	AMPLICON	METAGENOMIC	PCR	57843	34127370	SUB7461200	2020-05-22	2020-05-22	Illumina MiSeq sequencing: Metagenome or environmental sample from human gut metagenome	Altered fecal microbiota in Chinese patients with AD	PRJNA633959	AD125.fq	AD125.R1.fq.gz	5849148;8903459	2cae5c7845d66a70d9122cfd770057b7;171e25ae19f28af54cba199de64ab502	ftp.sra.ebi.ac.uk/vol1/fastq/SRR118/008/SRR11826008/SRR11826008_1.fastq.gz;ftp.sra.ebi.ac.uk/vol1/fastq/SRR118/008/SRR11826008/SRR11826008_2.fastq.gz	fasp.sra.ebi.ac.uk:/vol1/fastq/SRR118/008/SRR11826008/SRR11826008_1.fastq.gz;fasp.sra.ebi.ac.uk:/vol1/fastq/SRR118/008/SRR11826008/SRR11826008_2.fastq.gz	ftp.sra.ebi.ac.uk/vol1/fastq/SRR118/008/SRR11826008/SRR11826008_1.fastq.gz;ftp.sra.ebi.ac.uk/vol1/fastq/SRR118/008/SRR11826008/SRR11826008_2.fastq.gz							LZX-AD		Metagenome or environmental sample from human gut metagenome		2020-05-22				GENERATED_FILE;GENERATED_FILE		
SRR11826007	PRJNA633959	SRP262626	SAMN14978585	SRS6691128	SRX8376420	SRA1078023	408170	human gut metagenome	ILLUMINA	Illumina MiSeq	AD126.fq		PAIRED	AMPLICON	METAGENOMIC	PCR	67932	40691268	SUB7461200	2020-05-22	2020-05-22	Illumina MiSeq sequencing: Metagenome or environmental sample from human gut metagenome	Altered fecal microbiota in Chinese patients with AD	PRJNA633959	AD126.fq	AD126.R1.fq.gz	7418054;11058452	b0e156b76fcfbefd782d9e5d247b4313;ded325f6282e747915029d64df88dc50	ftp.sra.ebi.ac.uk/vol1/fastq/SRR118/007/SRR11826007/SRR11826007_1.fastq.gz;ftp.sra.ebi.ac.uk/vol1/fastq/SRR118/007/SRR11826007/SRR11826007_2.fastq.gz	fasp.sra.ebi.ac.uk:/vol1/fastq/SRR118/007/SRR11826007/SRR11826007_1.fastq.gz;fasp.sra.ebi.ac.uk:/vol1/fastq/SRR118/007/SRR11826007/SRR11826007_2.fastq.gz	ftp.sra.ebi.ac.uk/vol1/fastq/SRR118/007/SRR11826007/SRR11826007_1.fastq.gz;ftp.sra.ebi.ac.uk/vol1/fastq/SRR118/007/SRR11826007/SRR11826007_2.fastq.gz							LZX-AD		Metagenome or environmental sample from human gut metagenome		2020-05-22				GENERATED_FILE;GENERATED_FILE		
SRR11826018	PRJNA633959	SRP262626	SAMN14978585	SRS6691128	SRX8376409	SRA1078023	408170	human gut metagenome	ILLUMINA	Illumina MiSeq	AD113.fq		PAIRED	AMPLICON	METAGENOMIC	PCR	59473	35326962	SUB7461200	2020-05-22	2020-05-22	Illumina MiSeq sequencing: Metagenome or environmental sample from human gut metagenome	Altered fecal microbiota in Chinese patients with AD	PRJNA633959	AD113.fq	AD113.R1.fq.gz	6411180;9255762	d8c591bc279b65d1199dafc6027a8a6a;393242f279b89c5e5b424a6b5983c8d3	ftp.sra.ebi.ac.uk/vol1/fastq/SRR118/018/SRR11826018/SRR11826018_1.fastq.gz;ftp.sra.ebi.ac.uk/vol1/fastq/SRR118/018/SRR11826018/SRR11826018_2.fastq.gz	fasp.sra.ebi.ac.uk:/vol1/fastq/SRR118/018/SRR11826018/SRR11826018_1.fastq.gz;fasp.sra.ebi.ac.uk:/vol1/fastq/SRR118/018/SRR11826018/SRR11826018_2.fastq.gz	ftp.sra.ebi.ac.uk/vol1/fastq/SRR118/018/SRR11826018/SRR11826018_1.fastq.gz;ftp.sra.ebi.ac.uk/vol1/fastq/SRR118/018/SRR11826018/SRR11826018_2.fastq.gz							LZX-AD		Metagenome or environmental sample from human gut metagenome		2020-05-22				GENERATED_FILE;GENERATED_FILE		
SRR11826019	PRJNA633959	SRP262626	SAMN14978585	SRS6691128	SRX8376408	SRA1078023	408170	human gut metagenome	ILLUMINA	Illumina MiSeq	AD112.fq		PAIRED	AMPLICON	METAGENOMIC	PCR	54514	32490344	SUB7461200	2020-05-22	2020-05-22	Illumina MiSeq sequencing: Metagenome or environmental sample from human gut metagenome	Altered fecal microbiota in Chinese patients with AD	PRJNA633959	AD112.fq	AD112.R1.fq.gz	6182285;8396279	2a09e6ccecd4f23872222063f7108962;4d41f54226cd0c9f91a7f04de14533dd	ftp.sra.ebi.ac.uk/vol1/fastq/SRR118/019/SRR11826019/SRR11826019_1.fastq.gz;ftp.sra.ebi.ac.uk/vol1/fastq/SRR118/019/SRR11826019/SRR11826019_2.fastq.gz	fasp.sra.ebi.ac.uk:/vol1/fastq/SRR118/019/SRR11826019/SRR11826019_1.fastq.gz;fasp.sra.ebi.ac.uk:/vol1/fastq/SRR118/019/SRR11826019/SRR11826019_2.fastq.gz	ftp.sra.ebi.ac.uk/vol1/fastq/SRR118/019/SRR11826019/SRR11826019_1.fastq.gz;ftp.sra.ebi.ac.uk/vol1/fastq/SRR118/019/SRR11826019/SRR11826019_2.fastq.gz							LZX-AD		Metagenome or environmental sample from human gut metagenome		2020-05-22				GENERATED_FILE;GENERATED_FILE		
SRR11826012	PRJNA633959	SRP262626	SAMN14978585	SRS6691128	SRX8376415	SRA1078023	408170	human gut metagenome	ILLUMINA	Illumina MiSeq	AD120.fq		PAIRED	AMPLICON	METAGENOMIC	PCR	62892	37106280	SUB7461200	2020-05-22	2020-05-22	Illumina MiSeq sequencing: Metagenome or environmental sample from human gut metagenome	Altered fecal microbiota in Chinese patients with AD	PRJNA633959	AD120.fq	AD120.R1.fq.gz	6895132;9868651	4e7f0fcfd81123233c21d6163f97df50;e67304bf9d661d112be1b12e3fe7f5c1	ftp.sra.ebi.ac.uk/vol1/fastq/SRR118/012/SRR11826012/SRR11826012_1.fastq.gz;ftp.sra.ebi.ac.uk/vol1/fastq/SRR118/012/SRR11826012/SRR11826012_2.fastq.gz	fasp.sra.ebi.ac.uk:/vol1/fastq/SRR118/012/SRR11826012/SRR11826012_1.fastq.gz;fasp.sra.ebi.ac.uk:/vol1/fastq/SRR118/012/SRR11826012/SRR11826012_2.fastq.gz	ftp.sra.ebi.ac.uk/vol1/fastq/SRR118/012/SRR11826012/SRR11826012_1.fastq.gz;ftp.sra.ebi.ac.uk/vol1/fastq/SRR118/012/SRR11826012/SRR11826012_2.fastq.gz							LZX-AD		Metagenome or environmental sample from human gut metagenome		2020-05-22				GENERATED_FILE;GENERATED_FILE		
SRR11826027	PRJNA633959	SRP262626	SAMN14978585	SRS6691128	SRX8376400	SRA1078023	408170	human gut metagenome	ILLUMINA	Illumina MiSeq	AD12.fq		PAIRED	AMPLICON	METAGENOMIC	PCR	36925	22007300	SUB7461200	2020-05-22	2020-05-22	Illumina MiSeq sequencing: Metagenome or environmental sample from human gut metagenome	Altered fecal microbiota in Chinese patients with AD	PRJNA633959	AD12.fq	AD12.R1.fq.gz	4220043;5730711	59489349e66067ec6fdccdff19b2f768;7577f7414b9c2f60f138419098158168	ftp.sra.ebi.ac.uk/vol1/fastq/SRR118/027/SRR11826027/SRR11826027_1.fastq.gz;ftp.sra.ebi.ac.uk/vol1/fastq/SRR118/027/SRR11826027/SRR11826027_2.fastq.gz	fasp.sra.ebi.ac.uk:/vol1/fastq/SRR118/027/SRR11826027/SRR11826027_1.fastq.gz;fasp.sra.ebi.ac.uk:/vol1/fastq/SRR118/027/SRR11826027/SRR11826027_2.fastq.gz	ftp.sra.ebi.ac.uk/vol1/fastq/SRR118/027/SRR11826027/SRR11826027_1.fastq.gz;ftp.sra.ebi.ac.uk/vol1/fastq/SRR118/027/SRR11826027/SRR11826027_2.fastq.gz							LZX-AD		Metagenome or environmental sample from human gut metagenome		2020-05-22				GENERATED_FILE;GENERATED_FILE		
SRR11826020	PRJNA633959	SRP262626	SAMN14978585	SRS6691128	SRX8376407	SRA1078023	408170	human gut metagenome	ILLUMINA	Illumina MiSeq	AD111.fq		PAIRED	AMPLICON	METAGENOMIC	PCR	59782	35809418	SUB7461200	2020-05-22	2020-05-22	Illumina MiSeq sequencing: Metagenome or environmental sample from human gut metagenome	Altered fecal microbiota in Chinese patients with AD	PRJNA633959	AD111.fq	AD111.R1.fq.gz	6540672;9333496	9c957b3c6a289d0d8bd3f7b5b99676a4;dd56d787792bfd73bab45a1a8dd3b3c8	ftp.sra.ebi.ac.uk/vol1/fastq/SRR118/020/SRR11826020/SRR11826020_1.fastq.gz;ftp.sra.ebi.ac.uk/vol1/fastq/SRR118/020/SRR11826020/SRR11826020_2.fastq.gz	fasp.sra.ebi.ac.uk:/vol1/fastq/SRR118/020/SRR11826020/SRR11826020_1.fastq.gz;fasp.sra.ebi.ac.uk:/vol1/fastq/SRR118/020/SRR11826020/SRR11826020_2.fastq.gz	ftp.sra.ebi.ac.uk/vol1/fastq/SRR118/020/SRR11826020/SRR11826020_1.fastq.gz;ftp.sra.ebi.ac.uk/vol1/fastq/SRR118/020/SRR11826020/SRR11826020_2.fastq.gz							LZX-AD		Metagenome or environmental sample from human gut metagenome		2020-05-22				GENERATED_FILE;GENERATED_FILE		
SRR11826021	PRJNA633959	SRP262626	SAMN14978585	SRS6691128	SRX8376406	SRA1078023	408170	human gut metagenome	ILLUMINA	Illumina MiSeq	AD110.fq		PAIRED	AMPLICON	METAGENOMIC	PCR	47722	28155980	SUB7461200	2020-05-22	2020-05-22	Illumina MiSeq sequencing: Metagenome or environmental sample from human gut metagenome	Altered fecal microbiota in Chinese patients with AD	PRJNA633959	AD110.fq	AD110.R1.fq.gz	4502877;6816264	49eb4be45838013217733eee90f4efa0;41f564fc6aa56952b32afdcb7993c6fb	ftp.sra.ebi.ac.uk/vol1/fastq/SRR118/021/SRR11826021/SRR11826021_1.fastq.gz;ftp.sra.ebi.ac.uk/vol1/fastq/SRR118/021/SRR11826021/SRR11826021_2.fastq.gz	fasp.sra.ebi.ac.uk:/vol1/fastq/SRR118/021/SRR11826021/SRR11826021_1.fastq.gz;fasp.sra.ebi.ac.uk:/vol1/fastq/SRR118/021/SRR11826021/SRR11826021_2.fastq.gz	ftp.sra.ebi.ac.uk/vol1/fastq/SRR118/021/SRR11826021/SRR11826021_1.fastq.gz;ftp.sra.ebi.ac.uk/vol1/fastq/SRR118/021/SRR11826021/SRR11826021_2.fastq.gz							LZX-AD		Metagenome or environmental sample from human gut metagenome		2020-05-22				GENERATED_FILE;GENERATED_FILE		
SRR11826013	PRJNA633959	SRP262626	SAMN14978585	SRS6691128	SRX8376414	SRA1078023	408170	human gut metagenome	ILLUMINA	Illumina MiSeq	AD119.fq		PAIRED	AMPLICON	METAGENOMIC	PCR	57352	34067088	SUB7461200	2020-05-22	2020-05-22	Illumina MiSeq sequencing: Metagenome or environmental sample from human gut metagenome	Altered fecal microbiota in Chinese patients with AD	PRJNA633959	AD119.fq	AD119.R1.fq.gz	5984893;9009127	0ae46399ef5278b26e081989854effaf;407ea30974e59048b08661ebe0112dbe	ftp.sra.ebi.ac.uk/vol1/fastq/SRR118/013/SRR11826013/SRR11826013_1.fastq.gz;ftp.sra.ebi.ac.uk/vol1/fastq/SRR118/013/SRR11826013/SRR11826013_2.fastq.gz	fasp.sra.ebi.ac.uk:/vol1/fastq/SRR118/013/SRR11826013/SRR11826013_1.fastq.gz;fasp.sra.ebi.ac.uk:/vol1/fastq/SRR118/013/SRR11826013/SRR11826013_2.fastq.gz	ftp.sra.ebi.ac.uk/vol1/fastq/SRR118/013/SRR11826013/SRR11826013_1.fastq.gz;ftp.sra.ebi.ac.uk/vol1/fastq/SRR118/013/SRR11826013/SRR11826013_2.fastq.gz							LZX-AD		Metagenome or environmental sample from human gut metagenome		2020-05-22				GENERATED_FILE;GENERATED_FILE		
SRR11826022	PRJNA633959	SRP262626	SAMN14978585	SRS6691128	SRX8376405	SRA1078023	408170	human gut metagenome	ILLUMINA	Illumina MiSeq	AD109.fq		PAIRED	AMPLICON	METAGENOMIC	PCR	56540	33584760	SUB7461200	2020-05-22	2020-05-22	Illumina MiSeq sequencing: Metagenome or environmental sample from human gut metagenome	Altered fecal microbiota in Chinese patients with AD	PRJNA633959	AD109.fq	AD109.R1.fq.gz	6031354;9398986	1533e2e0b217afefaa7c2ff0ca691f74;cbe1fc69cf1c6df661940481d4cb3533	ftp.sra.ebi.ac.uk/vol1/fastq/SRR118/022/SRR11826022/SRR11826022_1.fastq.gz;ftp.sra.ebi.ac.uk/vol1/fastq/SRR118/022/SRR11826022/SRR11826022_2.fastq.gz	fasp.sra.ebi.ac.uk:/vol1/fastq/SRR118/022/SRR11826022/SRR11826022_1.fastq.gz;fasp.sra.ebi.ac.uk:/vol1/fastq/SRR118/022/SRR11826022/SRR11826022_2.fastq.gz	ftp.sra.ebi.ac.uk/vol1/fastq/SRR118/022/SRR11826022/SRR11826022_1.fastq.gz;ftp.sra.ebi.ac.uk/vol1/fastq/SRR118/022/SRR11826022/SRR11826022_2.fastq.gz							LZX-AD		Metagenome or environmental sample from human gut metagenome		2020-05-22				GENERATED_FILE;GENERATED_FILE		
SRR11826014	PRJNA633959	SRP262626	SAMN14978585	SRS6691128	SRX8376413	SRA1078023	408170	human gut metagenome	ILLUMINA	Illumina MiSeq	AD118.fq		PAIRED	AMPLICON	METAGENOMIC	PCR	54397	32420612	SUB7461200	2020-05-22	2020-05-22	Illumina MiSeq sequencing: Metagenome or environmental sample from human gut metagenome	Altered fecal microbiota in Chinese patients with AD	PRJNA633959	AD118.fq	AD118.R1.fq.gz	6469287;8865011	65fdde62375964ea28d1bcf4b617af9d;05c3b25208a93950de6a077d844d05bc	ftp.sra.ebi.ac.uk/vol1/fastq/SRR118/014/SRR11826014/SRR11826014_1.fastq.gz;ftp.sra.ebi.ac.uk/vol1/fastq/SRR118/014/SRR11826014/SRR11826014_2.fastq.gz	fasp.sra.ebi.ac.uk:/vol1/fastq/SRR118/014/SRR11826014/SRR11826014_1.fastq.gz;fasp.sra.ebi.ac.uk:/vol1/fastq/SRR118/014/SRR11826014/SRR11826014_2.fastq.gz	ftp.sra.ebi.ac.uk/vol1/fastq/SRR118/014/SRR11826014/SRR11826014_1.fastq.gz;ftp.sra.ebi.ac.uk/vol1/fastq/SRR118/014/SRR11826014/SRR11826014_2.fastq.gz							LZX-AD		Metagenome or environmental sample from human gut metagenome		2020-05-22				GENERATED_FILE;GENERATED_FILE		
SRR11826024	PRJNA633959	SRP262626	SAMN14978585	SRS6691128	SRX8376403	SRA1078023	408170	human gut metagenome	ILLUMINA	Illumina MiSeq	AD107.fq		PAIRED	AMPLICON	METAGENOMIC	PCR	58378	34968422	SUB7461200	2020-05-22	2020-05-22	Illumina MiSeq sequencing: Metagenome or environmental sample from human gut metagenome	Altered fecal microbiota in Chinese patients with AD	PRJNA633959	AD107.fq	AD107.R1.fq.gz	6137030;8934508	7ad30415be4835d1dbfad6703456610e;a792d60656d708d3b66080edaacef76d	ftp.sra.ebi.ac.uk/vol1/fastq/SRR118/024/SRR11826024/SRR11826024_1.fastq.gz;ftp.sra.ebi.ac.uk/vol1/fastq/SRR118/024/SRR11826024/SRR11826024_2.fastq.gz	fasp.sra.ebi.ac.uk:/vol1/fastq/SRR118/024/SRR11826024/SRR11826024_1.fastq.gz;fasp.sra.ebi.ac.uk:/vol1/fastq/SRR118/024/SRR11826024/SRR11826024_2.fastq.gz	ftp.sra.ebi.ac.uk/vol1/fastq/SRR118/024/SRR11826024/SRR11826024_1.fastq.gz;ftp.sra.ebi.ac.uk/vol1/fastq/SRR118/024/SRR11826024/SRR11826024_2.fastq.gz							LZX-AD		Metagenome or environmental sample from human gut metagenome		2020-05-22				GENERATED_FILE;GENERATED_FILE		
SRR11826015	PRJNA633959	SRP262626	SAMN14978585	SRS6691128	SRX8376412	SRA1078023	408170	human gut metagenome	ILLUMINA	Illumina MiSeq	AD116.fq		PAIRED	AMPLICON	METAGENOMIC	PCR	63471	38019129	SUB7461200	2020-05-22	2020-05-22	Illumina MiSeq sequencing: Metagenome or environmental sample from human gut metagenome	Altered fecal microbiota in Chinese patients with AD	PRJNA633959	AD116.fq	AD116.R1.fq.gz	6916036;10064344	f22ff2d2724a8a6fc15a769f7568f354;0b6b40d695ddf24513848c6b9b919a6e	ftp.sra.ebi.ac.uk/vol1/fastq/SRR118/015/SRR11826015/SRR11826015_1.fastq.gz;ftp.sra.ebi.ac.uk/vol1/fastq/SRR118/015/SRR11826015/SRR11826015_2.fastq.gz	fasp.sra.ebi.ac.uk:/vol1/fastq/SRR118/015/SRR11826015/SRR11826015_1.fastq.gz;fasp.sra.ebi.ac.uk:/vol1/fastq/SRR118/015/SRR11826015/SRR11826015_2.fastq.gz	ftp.sra.ebi.ac.uk/vol1/fastq/SRR118/015/SRR11826015/SRR11826015_1.fastq.gz;ftp.sra.ebi.ac.uk/vol1/fastq/SRR118/015/SRR11826015/SRR11826015_2.fastq.gz							LZX-AD		Metagenome or environmental sample from human gut metagenome		2020-05-22				GENERATED_FILE;GENERATED_FILE		
SRR11826026	PRJNA633959	SRP262626	SAMN14978585	SRS6691128	SRX8376401	SRA1078023	408170	human gut metagenome	ILLUMINA	Illumina MiSeq	AD105.fq		PAIRED	AMPLICON	METAGENOMIC	PCR	43591	25893054	SUB7461200	2020-05-22	2020-05-22	Illumina MiSeq sequencing: Metagenome or environmental sample from human gut metagenome	Altered fecal microbiota in Chinese patients with AD	PRJNA633959	AD105.fq	AD105.R1.fq.gz	4644956;6664734	2a1f1d3248199e3bae81698b4fa4741f;05665cccf0e978a86ddd4f54e9c82a50	ftp.sra.ebi.ac.uk/vol1/fastq/SRR118/026/SRR11826026/SRR11826026_1.fastq.gz;ftp.sra.ebi.ac.uk/vol1/fastq/SRR118/026/SRR11826026/SRR11826026_2.fastq.gz	fasp.sra.ebi.ac.uk:/vol1/fastq/SRR118/026/SRR11826026/SRR11826026_1.fastq.gz;fasp.sra.ebi.ac.uk:/vol1/fastq/SRR118/026/SRR11826026/SRR11826026_2.fastq.gz	ftp.sra.ebi.ac.uk/vol1/fastq/SRR118/026/SRR11826026/SRR11826026_1.fastq.gz;ftp.sra.ebi.ac.uk/vol1/fastq/SRR118/026/SRR11826026/SRR11826026_2.fastq.gz							LZX-AD		Metagenome or environmental sample from human gut metagenome		2020-05-22				GENERATED_FILE;GENERATED_FILE		
SRR11826017	PRJNA633959	SRP262626	SAMN14978585	SRS6691128	SRX8376410	SRA1078023	408170	human gut metagenome	ILLUMINA	Illumina MiSeq	AD114.fq		PAIRED	AMPLICON	METAGENOMIC	PCR	56911	33577490	SUB7461200	2020-05-22	2020-05-22	Illumina MiSeq sequencing: Metagenome or environmental sample from human gut metagenome	Altered fecal microbiota in Chinese patients with AD	PRJNA633959	AD114.fq	AD114.R1.fq.gz	6339579;8760715	478df02676498de63d2250e6b77f59af;8959a8f4597c29b37bf31964543f1f52	ftp.sra.ebi.ac.uk/vol1/fastq/SRR118/017/SRR11826017/SRR11826017_1.fastq.gz;ftp.sra.ebi.ac.uk/vol1/fastq/SRR118/017/SRR11826017/SRR11826017_2.fastq.gz	fasp.sra.ebi.ac.uk:/vol1/fastq/SRR118/017/SRR11826017/SRR11826017_1.fastq.gz;fasp.sra.ebi.ac.uk:/vol1/fastq/SRR118/017/SRR11826017/SRR11826017_2.fastq.gz	ftp.sra.ebi.ac.uk/vol1/fastq/SRR118/017/SRR11826017/SRR11826017_1.fastq.gz;ftp.sra.ebi.ac.uk/vol1/fastq/SRR118/017/SRR11826017/SRR11826017_2.fastq.gz							LZX-AD		Metagenome or environmental sample from human gut metagenome		2020-05-22				GENERATED_FILE;GENERATED_FILE		
SRR11826023	PRJNA633959	SRP262626	SAMN14978585	SRS6691128	SRX8376404	SRA1078023	408170	human gut metagenome	ILLUMINA	Illumina MiSeq	AD108.fq		PAIRED	AMPLICON	METAGENOMIC	PCR	44456	26495776	SUB7461200	2020-05-22	2020-05-22	Illumina MiSeq sequencing: Metagenome or environmental sample from human gut metagenome	Altered fecal microbiota in Chinese patients with AD	PRJNA633959	AD108.fq	AD108.R1.fq.gz	4842962;6750728	0afc58f6ef1b1c74a1e0bad0bfcf0c27;6d01bb3af5949719d85c13cff54dc93c	ftp.sra.ebi.ac.uk/vol1/fastq/SRR118/023/SRR11826023/SRR11826023_1.fastq.gz;ftp.sra.ebi.ac.uk/vol1/fastq/SRR118/023/SRR11826023/SRR11826023_2.fastq.gz	fasp.sra.ebi.ac.uk:/vol1/fastq/SRR118/023/SRR11826023/SRR11826023_1.fastq.gz;fasp.sra.ebi.ac.uk:/vol1/fastq/SRR118/023/SRR11826023/SRR11826023_2.fastq.gz	ftp.sra.ebi.ac.uk/vol1/fastq/SRR118/023/SRR11826023/SRR11826023_1.fastq.gz;ftp.sra.ebi.ac.uk/vol1/fastq/SRR118/023/SRR11826023/SRR11826023_2.fastq.gz							LZX-AD		Metagenome or environmental sample from human gut metagenome		2020-05-22				GENERATED_FILE;GENERATED_FILE		
SRR11826025	PRJNA633959	SRP262626	SAMN14978585	SRS6691128	SRX8376402	SRA1078023	408170	human gut metagenome	ILLUMINA	Illumina MiSeq	AD106.fq		PAIRED	AMPLICON	METAGENOMIC	PCR	48695	28730050	SUB7461200	2020-05-22	2020-05-22	Illumina MiSeq sequencing: Metagenome or environmental sample from human gut metagenome	Altered fecal microbiota in Chinese patients with AD	PRJNA633959	AD106.fq	AD106.R1.fq.gz	4982184;7300866	8eda4e1dd62c3c397867b1f190346344;ffa102aebeae01fcf2b702b026737e02	ftp.sra.ebi.ac.uk/vol1/fastq/SRR118/025/SRR11826025/SRR11826025_1.fastq.gz;ftp.sra.ebi.ac.uk/vol1/fastq/SRR118/025/SRR11826025/SRR11826025_2.fastq.gz	fasp.sra.ebi.ac.uk:/vol1/fastq/SRR118/025/SRR11826025/SRR11826025_1.fastq.gz;fasp.sra.ebi.ac.uk:/vol1/fastq/SRR118/025/SRR11826025/SRR11826025_2.fastq.gz	ftp.sra.ebi.ac.uk/vol1/fastq/SRR118/025/SRR11826025/SRR11826025_1.fastq.gz;ftp.sra.ebi.ac.uk/vol1/fastq/SRR118/025/SRR11826025/SRR11826025_2.fastq.gz							LZX-AD		Metagenome or environmental sample from human gut metagenome		2020-05-22				GENERATED_FILE;GENERATED_FILE		
