run_accession	study_accession	secondary_study_accession	sample_accession	secondary_sample_accession	experiment_accession	submission_accession	tax_id	scientific_name	instrument_platform	instrument_model	library_name	nominal_length	library_layout	library_strategy	library_source	library_selection	read_count	base_count	center_name	first_public	last_updated	experiment_title	study_title	study_alias	experiment_alias	run_alias	fastq_bytes	fastq_md5	fastq_ftp	fastq_aspera	fastq_galaxy	submitted_bytes	submitted_md5	submitted_ftp	submitted_aspera	submitted_galaxy	submitted_format	sample_alias	broker_name	sample_title	nominal_sdev	first_created	bam_ftp	bam_bytes	bam_md5	fastq_file_role	submitted_file_role	bam_file_role
SRR14711404	PRJNA734525	SRP322348	SAMN19513452	SRS9117554	SRX11049523	SRA1239671	256318	metagenome	ILLUMINA	Illumina MiSeq	AD191		PAIRED	AMPLICON	METAGENOMIC	PCR	299967	139197294	SUB9594113	2022-01-09	2022-01-09	Illumina MiSeq sequencing: 16-Seq of homo sapiens gut microbiome	Gut microbiome profiles of Alzheimers disease patients with different cognitive states	PRJNA734525	AD191	80S80R1.fastq.gz	36312896;43031198	f1ab60f5eddc12826ac9cb2c917f4a38;6508cb62eb69da29d7f1d5401e9be027	ftp.sra.ebi.ac.uk/vol1/fastq/SRR147/004/SRR14711404/SRR14711404_1.fastq.gz;ftp.sra.ebi.ac.uk/vol1/fastq/SRR147/004/SRR14711404/SRR14711404_2.fastq.gz	fasp.sra.ebi.ac.uk:/vol1/fastq/SRR147/004/SRR14711404/SRR14711404_1.fastq.gz;fasp.sra.ebi.ac.uk:/vol1/fastq/SRR147/004/SRR14711404/SRR14711404_2.fastq.gz	ftp.sra.ebi.ac.uk/vol1/fastq/SRR147/004/SRR14711404/SRR14711404_1.fastq.gz;ftp.sra.ebi.ac.uk/vol1/fastq/SRR147/004/SRR14711404/SRR14711404_2.fastq.gz							AD191		MIMARKS Survey related sample from metagenome		2022-01-09				GENERATED_FILE;GENERATED_FILE		
SRR14711402	PRJNA734525	SRP322348	SAMN19513454	SRS9117556	SRX11049525	SRA1239671	256318	metagenome	ILLUMINA	Illumina MiSeq	ADH10		PAIRED	AMPLICON	METAGENOMIC	PCR	97862	55099891	SUB9594113	2022-01-09	2022-01-09	Illumina MiSeq sequencing: 16-Seq of homo sapiens gut microbiome	Gut microbiome profiles of Alzheimers disease patients with different cognitive states	PRJNA734525	ADH10	ALZH10S77R1.fastq.gz	307;14339601;16298184	ed319969c30f7e5a439c60730c4c6f32;815c68bf47460a25ea784c7c1469759e;9464483bd843103dcb9ea44a26254733	ftp.sra.ebi.ac.uk/vol1/fastq/SRR147/002/SRR14711402/SRR14711402.fastq.gz;ftp.sra.ebi.ac.uk/vol1/fastq/SRR147/002/SRR14711402/SRR14711402_1.fastq.gz;ftp.sra.ebi.ac.uk/vol1/fastq/SRR147/002/SRR14711402/SRR14711402_2.fastq.gz	fasp.sra.ebi.ac.uk:/vol1/fastq/SRR147/002/SRR14711402/SRR14711402.fastq.gz;fasp.sra.ebi.ac.uk:/vol1/fastq/SRR147/002/SRR14711402/SRR14711402_1.fastq.gz;fasp.sra.ebi.ac.uk:/vol1/fastq/SRR147/002/SRR14711402/SRR14711402_2.fastq.gz	ftp.sra.ebi.ac.uk/vol1/fastq/SRR147/002/SRR14711402/SRR14711402.fastq.gz;ftp.sra.ebi.ac.uk/vol1/fastq/SRR147/002/SRR14711402/SRR14711402_1.fastq.gz;ftp.sra.ebi.ac.uk/vol1/fastq/SRR147/002/SRR14711402/SRR14711402_2.fastq.gz							ADH10		MIMARKS Survey related sample from metagenome		2022-01-09				GENERATED_FILE;GENERATED_FILE;GENERATED_FILE		
SRR14711403	PRJNA734525	SRP322348	SAMN19513453	SRS9117555	SRX11049524	SRA1239671	256318	metagenome	ILLUMINA	Illumina MiSeq	ADH1		PAIRED	AMPLICON	METAGENOMIC	PCR	90292	50844555	SUB9594113	2022-01-09	2022-02-20	Illumina MiSeq sequencing: 16-Seq of homo sapiens gut microbiome	Gut microbiome profiles of Alzheimers disease patients with different cognitive states	PRJNA734525	ADH1	ALZH1S44R1.fastq.gz	292;12770761;15094736	a3da1af5d6af405d85e9622a752d4551;ed60567833b4d75ffd54cd4cacae1c0a;98266ba962d6dcd0da583a43e4c16695	ftp.sra.ebi.ac.uk/vol1/fastq/SRR147/003/SRR14711403/SRR14711403.fastq.gz;ftp.sra.ebi.ac.uk/vol1/fastq/SRR147/003/SRR14711403/SRR14711403_1.fastq.gz;ftp.sra.ebi.ac.uk/vol1/fastq/SRR147/003/SRR14711403/SRR14711403_2.fastq.gz	fasp.sra.ebi.ac.uk:/vol1/fastq/SRR147/003/SRR14711403/SRR14711403.fastq.gz;fasp.sra.ebi.ac.uk:/vol1/fastq/SRR147/003/SRR14711403/SRR14711403_1.fastq.gz;fasp.sra.ebi.ac.uk:/vol1/fastq/SRR147/003/SRR14711403/SRR14711403_2.fastq.gz	ftp.sra.ebi.ac.uk/vol1/fastq/SRR147/003/SRR14711403/SRR14711403.fastq.gz;ftp.sra.ebi.ac.uk/vol1/fastq/SRR147/003/SRR14711403/SRR14711403_1.fastq.gz;ftp.sra.ebi.ac.uk/vol1/fastq/SRR147/003/SRR14711403/SRR14711403_2.fastq.gz							ADH1		MIMARKS Survey related sample from metagenome		2022-01-09				GENERATED_FILE;GENERATED_FILE;GENERATED_FILE		
SRR14711405	PRJNA734525	SRP322348	SAMN19513451	SRS9117552	SRX11049522	SRA1239671	256318	metagenome	ILLUMINA	Illumina MiSeq	AD189		PAIRED	AMPLICON	METAGENOMIC	PCR	98715	45821268	SUB9594113	2022-01-09	2022-01-09	Illumina MiSeq sequencing: 16-Seq of homo sapiens gut microbiome	Gut microbiome profiles of Alzheimers disease patients with different cognitive states	PRJNA734525	AD189	78S78R1.fastq.gz	11787772;13824231	dca6ec5340c22f238c68c379147e06d9;f202bc133b7e440143b1032d64034f6e	ftp.sra.ebi.ac.uk/vol1/fastq/SRR147/005/SRR14711405/SRR14711405_1.fastq.gz;ftp.sra.ebi.ac.uk/vol1/fastq/SRR147/005/SRR14711405/SRR14711405_2.fastq.gz	fasp.sra.ebi.ac.uk:/vol1/fastq/SRR147/005/SRR14711405/SRR14711405_1.fastq.gz;fasp.sra.ebi.ac.uk:/vol1/fastq/SRR147/005/SRR14711405/SRR14711405_2.fastq.gz	ftp.sra.ebi.ac.uk/vol1/fastq/SRR147/005/SRR14711405/SRR14711405_1.fastq.gz;ftp.sra.ebi.ac.uk/vol1/fastq/SRR147/005/SRR14711405/SRR14711405_2.fastq.gz							AD189		MIMARKS Survey related sample from metagenome		2022-01-09				GENERATED_FILE;GENERATED_FILE		
SRR14711406	PRJNA734525	SRP322348	SAMN19513450	SRS9117553	SRX11049521	SRA1239671	256318	metagenome	ILLUMINA	Illumina MiSeq	AD185		PAIRED	AMPLICON	METAGENOMIC	PCR	154744	71883724	SUB9594113	2022-01-09	2022-02-20	Illumina MiSeq sequencing: 16-Seq of homo sapiens gut microbiome	Gut microbiome profiles of Alzheimers disease patients with different cognitive states	PRJNA734525	AD185	71S71R1.fastq.gz	18785033;21548567	f1bad6658facb08467316d3fd32cfc0b;3c6fef4e8af70f9ecf5c034cf758058c	ftp.sra.ebi.ac.uk/vol1/fastq/SRR147/006/SRR14711406/SRR14711406_1.fastq.gz;ftp.sra.ebi.ac.uk/vol1/fastq/SRR147/006/SRR14711406/SRR14711406_2.fastq.gz	fasp.sra.ebi.ac.uk:/vol1/fastq/SRR147/006/SRR14711406/SRR14711406_1.fastq.gz;fasp.sra.ebi.ac.uk:/vol1/fastq/SRR147/006/SRR14711406/SRR14711406_2.fastq.gz	ftp.sra.ebi.ac.uk/vol1/fastq/SRR147/006/SRR14711406/SRR14711406_1.fastq.gz;ftp.sra.ebi.ac.uk/vol1/fastq/SRR147/006/SRR14711406/SRR14711406_2.fastq.gz							AD185		MIMARKS Survey related sample from metagenome		2022-01-09				GENERATED_FILE;GENERATED_FILE		
SRR14711424	PRJNA734525	SRP322348	SAMN19513447	SRS9117534	SRX11049503	SRA1239671	256318	metagenome	ILLUMINA	Illumina MiSeq	AD152		PAIRED	AMPLICON	METAGENOMIC	PCR	105811	49145691	SUB9594113	2022-01-09	2022-01-09	Illumina MiSeq sequencing: 16-Seq of homo sapiens gut microbiome	Gut microbiome profiles of Alzheimers disease patients with different cognitive states	PRJNA734525	AD152	35S35R1.fastq.gz	12715963;15051884	077a85c49584639402dc058e882e0feb;3b9db22f5223e28a86b95641afa260b0	ftp.sra.ebi.ac.uk/vol1/fastq/SRR147/024/SRR14711424/SRR14711424_1.fastq.gz;ftp.sra.ebi.ac.uk/vol1/fastq/SRR147/024/SRR14711424/SRR14711424_2.fastq.gz	fasp.sra.ebi.ac.uk:/vol1/fastq/SRR147/024/SRR14711424/SRR14711424_1.fastq.gz;fasp.sra.ebi.ac.uk:/vol1/fastq/SRR147/024/SRR14711424/SRR14711424_2.fastq.gz	ftp.sra.ebi.ac.uk/vol1/fastq/SRR147/024/SRR14711424/SRR14711424_1.fastq.gz;ftp.sra.ebi.ac.uk/vol1/fastq/SRR147/024/SRR14711424/SRR14711424_2.fastq.gz							AD152		MIMARKS Survey related sample from metagenome		2022-01-09				GENERATED_FILE;GENERATED_FILE		
SRR14711407	PRJNA734525	SRP322348	SAMN19513449	SRS9117551	SRX11049520	SRA1239671	256318	metagenome	ILLUMINA	Illumina MiSeq	AD182		PAIRED	AMPLICON	METAGENOMIC	PCR	30905	14346455	SUB9594113	2022-01-09	2022-01-09	Illumina MiSeq sequencing: 16-Seq of homo sapiens gut microbiome	Gut microbiome profiles of Alzheimers disease patients with different cognitive states	PRJNA734525	AD182	69S69R1.fastq.gz	3810679;4421481	164b35383c7386465376a56cecc1eae8;21f761f8ae35d3157b086852c4b1f354	ftp.sra.ebi.ac.uk/vol1/fastq/SRR147/007/SRR14711407/SRR14711407_1.fastq.gz;ftp.sra.ebi.ac.uk/vol1/fastq/SRR147/007/SRR14711407/SRR14711407_2.fastq.gz	fasp.sra.ebi.ac.uk:/vol1/fastq/SRR147/007/SRR14711407/SRR14711407_1.fastq.gz;fasp.sra.ebi.ac.uk:/vol1/fastq/SRR147/007/SRR14711407/SRR14711407_2.fastq.gz	ftp.sra.ebi.ac.uk/vol1/fastq/SRR147/007/SRR14711407/SRR14711407_1.fastq.gz;ftp.sra.ebi.ac.uk/vol1/fastq/SRR147/007/SRR14711407/SRR14711407_2.fastq.gz							AD182		MIMARKS Survey related sample from metagenome		2022-01-09				GENERATED_FILE;GENERATED_FILE		
SRR14711413	PRJNA734525	SRP322348	SAMN19513448	SRS9117545	SRX11049514	SRA1239671	256318	metagenome	ILLUMINA	Illumina MiSeq	AD162		PAIRED	AMPLICON	METAGENOMIC	PCR	162079	75248348	SUB9594113	2022-01-09	2022-01-09	Illumina MiSeq sequencing: 16-Seq of homo sapiens gut microbiome	Gut microbiome profiles of Alzheimers disease patients with different cognitive states	PRJNA734525	AD162	45S45R1.fastq.gz	19281062;23955090	0eb0c40e80d57f98d347b916ff8dcc2f;d1be8d46bdec3d11d8d2ccddeba73df9	ftp.sra.ebi.ac.uk/vol1/fastq/SRR147/013/SRR14711413/SRR14711413_1.fastq.gz;ftp.sra.ebi.ac.uk/vol1/fastq/SRR147/013/SRR14711413/SRR14711413_2.fastq.gz	fasp.sra.ebi.ac.uk:/vol1/fastq/SRR147/013/SRR14711413/SRR14711413_1.fastq.gz;fasp.sra.ebi.ac.uk:/vol1/fastq/SRR147/013/SRR14711413/SRR14711413_2.fastq.gz	ftp.sra.ebi.ac.uk/vol1/fastq/SRR147/013/SRR14711413/SRR14711413_1.fastq.gz;ftp.sra.ebi.ac.uk/vol1/fastq/SRR147/013/SRR14711413/SRR14711413_2.fastq.gz							AD162		MIMARKS Survey related sample from metagenome		2022-01-09				GENERATED_FILE;GENERATED_FILE		
SRR14711441	PRJNA734525	SRP322348	SAMN19513532	SRS9117517	SRX11049486	SRA1239671	256318	metagenome	ILLUMINA	Illumina MiSeq	CK8		PAIRED	AMPLICON	METAGENOMIC	PCR	61359	34543858	SUB9594113	2022-01-09	2022-02-20	Illumina MiSeq sequencing: 16-Seq of homo sapiens gut microbiome	Gut microbiome profiles of Alzheimers disease patients with different cognitive states	PRJNA734525	CK8	ALZK8S45R1.fastq.gz	8185495;9619206	ab7903dbd30a2e64d80ee9c41f81d140;535c7798552319caae6fdbd1d87b6e22	ftp.sra.ebi.ac.uk/vol1/fastq/SRR147/041/SRR14711441/SRR14711441_1.fastq.gz;ftp.sra.ebi.ac.uk/vol1/fastq/SRR147/041/SRR14711441/SRR14711441_2.fastq.gz	fasp.sra.ebi.ac.uk:/vol1/fastq/SRR147/041/SRR14711441/SRR14711441_1.fastq.gz;fasp.sra.ebi.ac.uk:/vol1/fastq/SRR147/041/SRR14711441/SRR14711441_2.fastq.gz	ftp.sra.ebi.ac.uk/vol1/fastq/SRR147/041/SRR14711441/SRR14711441_1.fastq.gz;ftp.sra.ebi.ac.uk/vol1/fastq/SRR147/041/SRR14711441/SRR14711441_2.fastq.gz							CK8		MIMARKS Survey related sample from metagenome		2022-01-09				GENERATED_FILE;GENERATED_FILE		
SRR14711443	PRJNA734525	SRP322348	SAMN19513530	SRS9117515	SRX11049484	SRA1239671	256318	metagenome	ILLUMINA	Illumina MiSeq	CK6		PAIRED	AMPLICON	METAGENOMIC	PCR	47850	26946146	SUB9594113	2022-01-09	2022-01-09	Illumina MiSeq sequencing: 16-Seq of homo sapiens gut microbiome	Gut microbiome profiles of Alzheimers disease patients with different cognitive states	PRJNA734525	CK6	ALZK6S21R1.fastq.gz	319;6557595;7772705	8058e5027e090f6af8437d51b9e42eeb;e76615cd11b35236351af5a306afcbcb;2fe2494e65e1a03bb78cb44c7f3f4c0c	ftp.sra.ebi.ac.uk/vol1/fastq/SRR147/043/SRR14711443/SRR14711443.fastq.gz;ftp.sra.ebi.ac.uk/vol1/fastq/SRR147/043/SRR14711443/SRR14711443_1.fastq.gz;ftp.sra.ebi.ac.uk/vol1/fastq/SRR147/043/SRR14711443/SRR14711443_2.fastq.gz	fasp.sra.ebi.ac.uk:/vol1/fastq/SRR147/043/SRR14711443/SRR14711443.fastq.gz;fasp.sra.ebi.ac.uk:/vol1/fastq/SRR147/043/SRR14711443/SRR14711443_1.fastq.gz;fasp.sra.ebi.ac.uk:/vol1/fastq/SRR147/043/SRR14711443/SRR14711443_2.fastq.gz	ftp.sra.ebi.ac.uk/vol1/fastq/SRR147/043/SRR14711443/SRR14711443.fastq.gz;ftp.sra.ebi.ac.uk/vol1/fastq/SRR147/043/SRR14711443/SRR14711443_1.fastq.gz;ftp.sra.ebi.ac.uk/vol1/fastq/SRR147/043/SRR14711443/SRR14711443_2.fastq.gz							CK6		MIMARKS Survey related sample from metagenome		2022-01-09				GENERATED_FILE;GENERATED_FILE;GENERATED_FILE		
SRR14711444	PRJNA734525	SRP322348	SAMN19513529	SRS9117514	SRX11049483	SRA1239671	256318	metagenome	ILLUMINA	Illumina MiSeq	CK5		PAIRED	AMPLICON	METAGENOMIC	PCR	49654	27965328	SUB9594113	2022-01-09	2022-01-09	Illumina MiSeq sequencing: 16-Seq of homo sapiens gut microbiome	Gut microbiome profiles of Alzheimers disease patients with different cognitive states	PRJNA734525	CK5	ALZK5S9R1.fastq.gz	2056;7378183;8644804	6402797c8b943736d633c7d07b231def;dfc7b4a193c985b6e5a1906016358a92;d72051ad27ae2f334bcb858e29b73e0e	ftp.sra.ebi.ac.uk/vol1/fastq/SRR147/044/SRR14711444/SRR14711444.fastq.gz;ftp.sra.ebi.ac.uk/vol1/fastq/SRR147/044/SRR14711444/SRR14711444_1.fastq.gz;ftp.sra.ebi.ac.uk/vol1/fastq/SRR147/044/SRR14711444/SRR14711444_2.fastq.gz	fasp.sra.ebi.ac.uk:/vol1/fastq/SRR147/044/SRR14711444/SRR14711444.fastq.gz;fasp.sra.ebi.ac.uk:/vol1/fastq/SRR147/044/SRR14711444/SRR14711444_1.fastq.gz;fasp.sra.ebi.ac.uk:/vol1/fastq/SRR147/044/SRR14711444/SRR14711444_2.fastq.gz	ftp.sra.ebi.ac.uk/vol1/fastq/SRR147/044/SRR14711444/SRR14711444.fastq.gz;ftp.sra.ebi.ac.uk/vol1/fastq/SRR147/044/SRR14711444/SRR14711444_1.fastq.gz;ftp.sra.ebi.ac.uk/vol1/fastq/SRR147/044/SRR14711444/SRR14711444_2.fastq.gz							CK5		MIMARKS Survey related sample from metagenome		2022-01-09				GENERATED_FILE;GENERATED_FILE;GENERATED_FILE		
SRR14711448	PRJNA734525	SRP322348	SAMN19513445	SRS9117510	SRX11049479	SRA1239671	256318	metagenome	ILLUMINA	Illumina MiSeq	AD149		PAIRED	AMPLICON	METAGENOMIC	PCR	145484	67578746	SUB9594113	2022-01-09	2022-01-09	Illumina MiSeq sequencing: 16-Seq of homo sapiens gut microbiome	Gut microbiome profiles of Alzheimers disease patients with different cognitive states	PRJNA734525	AD149	33S33R1.fastq.gz	16376637;19338788	5107143675cc0dd9e7a4aeb867ca6962;90d3dd54c57c7493daaf8167d7a7bfcf	ftp.sra.ebi.ac.uk/vol1/fastq/SRR147/048/SRR14711448/SRR14711448_1.fastq.gz;ftp.sra.ebi.ac.uk/vol1/fastq/SRR147/048/SRR14711448/SRR14711448_2.fastq.gz	fasp.sra.ebi.ac.uk:/vol1/fastq/SRR147/048/SRR14711448/SRR14711448_1.fastq.gz;fasp.sra.ebi.ac.uk:/vol1/fastq/SRR147/048/SRR14711448/SRR14711448_2.fastq.gz	ftp.sra.ebi.ac.uk/vol1/fastq/SRR147/048/SRR14711448/SRR14711448_1.fastq.gz;ftp.sra.ebi.ac.uk/vol1/fastq/SRR147/048/SRR14711448/SRR14711448_2.fastq.gz							AD149		MIMARKS Survey related sample from metagenome		2022-01-09				GENERATED_FILE;GENERATED_FILE		
SRR14711451	PRJNA734525	SRP322348	SAMN19513523	SRS9117507	SRX11049476	SRA1239671	256318	metagenome	ILLUMINA	Illumina MiSeq	CK32		PAIRED	AMPLICON	METAGENOMIC	PCR	47608	26826874	SUB9594113	2022-01-09	2022-02-20	Illumina MiSeq sequencing: 16-Seq of homo sapiens gut microbiome	Gut microbiome profiles of Alzheimers disease patients with different cognitive states	PRJNA734525	CK32	ALZK32S36R1.fastq.gz	1061;6642446;8183034	6f50aaaf0f1391c2969e9e72d83cec77;da21ebe9a7120a51ffdc32cffbd1d2a0;65b8cc318d8ff7d13a3a26b833d40e12	ftp.sra.ebi.ac.uk/vol1/fastq/SRR147/051/SRR14711451/SRR14711451.fastq.gz;ftp.sra.ebi.ac.uk/vol1/fastq/SRR147/051/SRR14711451/SRR14711451_1.fastq.gz;ftp.sra.ebi.ac.uk/vol1/fastq/SRR147/051/SRR14711451/SRR14711451_2.fastq.gz	fasp.sra.ebi.ac.uk:/vol1/fastq/SRR147/051/SRR14711451/SRR14711451.fastq.gz;fasp.sra.ebi.ac.uk:/vol1/fastq/SRR147/051/SRR14711451/SRR14711451_1.fastq.gz;fasp.sra.ebi.ac.uk:/vol1/fastq/SRR147/051/SRR14711451/SRR14711451_2.fastq.gz	ftp.sra.ebi.ac.uk/vol1/fastq/SRR147/051/SRR14711451/SRR14711451.fastq.gz;ftp.sra.ebi.ac.uk/vol1/fastq/SRR147/051/SRR14711451/SRR14711451_1.fastq.gz;ftp.sra.ebi.ac.uk/vol1/fastq/SRR147/051/SRR14711451/SRR14711451_2.fastq.gz							CK32		MIMARKS Survey related sample from metagenome		2022-01-09				GENERATED_FILE;GENERATED_FILE;GENERATED_FILE		
SRR14711461	PRJNA734525	SRP322348	SAMN19513514	SRS9117497	SRX11049466	SRA1239671	256318	metagenome	ILLUMINA	Illumina MiSeq	CK23		PAIRED	AMPLICON	METAGENOMIC	PCR	128039	72099671	SUB9594113	2022-01-09	2022-01-09	Illumina MiSeq sequencing: 16-Seq of homo sapiens gut microbiome	Gut microbiome profiles of Alzheimers disease patients with different cognitive states	PRJNA734525	CK23	ALZK23S23R1.fastq.gz	984;19076434;21989070	9b8b2c65a8f3d18a0843e5b6c81ae218;36d955a5df26220316351005b1d0890f;d9cc27af74bc86a5b074fe89ebc72657	ftp.sra.ebi.ac.uk/vol1/fastq/SRR147/061/SRR14711461/SRR14711461.fastq.gz;ftp.sra.ebi.ac.uk/vol1/fastq/SRR147/061/SRR14711461/SRR14711461_1.fastq.gz;ftp.sra.ebi.ac.uk/vol1/fastq/SRR147/061/SRR14711461/SRR14711461_2.fastq.gz	fasp.sra.ebi.ac.uk:/vol1/fastq/SRR147/061/SRR14711461/SRR14711461.fastq.gz;fasp.sra.ebi.ac.uk:/vol1/fastq/SRR147/061/SRR14711461/SRR14711461_1.fastq.gz;fasp.sra.ebi.ac.uk:/vol1/fastq/SRR147/061/SRR14711461/SRR14711461_2.fastq.gz	ftp.sra.ebi.ac.uk/vol1/fastq/SRR147/061/SRR14711461/SRR14711461.fastq.gz;ftp.sra.ebi.ac.uk/vol1/fastq/SRR147/061/SRR14711461/SRR14711461_1.fastq.gz;ftp.sra.ebi.ac.uk/vol1/fastq/SRR147/061/SRR14711461/SRR14711461_2.fastq.gz							CK23		MIMARKS Survey related sample from metagenome		2022-01-09				GENERATED_FILE;GENERATED_FILE;GENERATED_FILE		
SRR14711435	PRJNA734525	SRP322348	SAMN19513446	SRS9117523	SRX11049492	SRA1239671	256318	metagenome	ILLUMINA	Illumina MiSeq	AD151		PAIRED	AMPLICON	METAGENOMIC	PCR	125260	58189069	SUB9594113	2022-01-09	2022-02-20	Illumina MiSeq sequencing: 16-Seq of homo sapiens gut microbiome	Gut microbiome profiles of Alzheimers disease patients with different cognitive states	PRJNA734525	AD151	34S34R1.fastq.gz	14976507;17641250	1de3be67cb0228ca6018518072cc9818;8733be7856b278de68dd8a01253fff64	ftp.sra.ebi.ac.uk/vol1/fastq/SRR147/035/SRR14711435/SRR14711435_1.fastq.gz;ftp.sra.ebi.ac.uk/vol1/fastq/SRR147/035/SRR14711435/SRR14711435_2.fastq.gz	fasp.sra.ebi.ac.uk:/vol1/fastq/SRR147/035/SRR14711435/SRR14711435_1.fastq.gz;fasp.sra.ebi.ac.uk:/vol1/fastq/SRR147/035/SRR14711435/SRR14711435_2.fastq.gz	ftp.sra.ebi.ac.uk/vol1/fastq/SRR147/035/SRR14711435/SRR14711435_1.fastq.gz;ftp.sra.ebi.ac.uk/vol1/fastq/SRR147/035/SRR14711435/SRR14711435_2.fastq.gz							AD151		MIMARKS Survey related sample from metagenome		2022-01-09				GENERATED_FILE;GENERATED_FILE		
SRR14711436	PRJNA734525	SRP322348	SAMN19513437	SRS9117522	SRX11049491	SRA1239671	256318	metagenome	ILLUMINA	Illumina MiSeq	AD122		PAIRED	AMPLICON	METAGENOMIC	PCR	315568	146496904	SUB9594113	2022-01-09	2022-01-09	Illumina MiSeq sequencing: 16-Seq of homo sapiens gut microbiome	Gut microbiome profiles of Alzheimers disease patients with different cognitive states	PRJNA734525	AD122	19S19R1.fastq.gz	38389949;45842736	717e2cb0e546697f3d5771af7f10e7c1;5fa86abde995cfd5620bb4a42eeb0d1d	ftp.sra.ebi.ac.uk/vol1/fastq/SRR147/036/SRR14711436/SRR14711436_1.fastq.gz;ftp.sra.ebi.ac.uk/vol1/fastq/SRR147/036/SRR14711436/SRR14711436_2.fastq.gz	fasp.sra.ebi.ac.uk:/vol1/fastq/SRR147/036/SRR14711436/SRR14711436_1.fastq.gz;fasp.sra.ebi.ac.uk:/vol1/fastq/SRR147/036/SRR14711436/SRR14711436_2.fastq.gz	ftp.sra.ebi.ac.uk/vol1/fastq/SRR147/036/SRR14711436/SRR14711436_1.fastq.gz;ftp.sra.ebi.ac.uk/vol1/fastq/SRR147/036/SRR14711436/SRR14711436_2.fastq.gz							AD122		MIMARKS Survey related sample from metagenome		2022-01-09				GENERATED_FILE;GENERATED_FILE		
SRR14711463	PRJNA734525	SRP322348	SAMN19513512	SRS9117495	SRX11049464	SRA1239671	256318	metagenome	ILLUMINA	Illumina MiSeq	CK20		PAIRED	AMPLICON	METAGENOMIC	PCR	89628	50498887	SUB9594113	2022-01-09	2022-01-09	Illumina MiSeq sequencing: 16-Seq of homo sapiens gut microbiome	Gut microbiome profiles of Alzheimers disease patients with different cognitive states	PRJNA734525	CK20	ALZK20S82R1.fastq.gz	13428347;14761868	aa12b81a669b5fd274282dc8254f1b91;dd3791664d5de5163dd3c121a8ae4083	ftp.sra.ebi.ac.uk/vol1/fastq/SRR147/063/SRR14711463/SRR14711463_1.fastq.gz;ftp.sra.ebi.ac.uk/vol1/fastq/SRR147/063/SRR14711463/SRR14711463_2.fastq.gz	fasp.sra.ebi.ac.uk:/vol1/fastq/SRR147/063/SRR14711463/SRR14711463_1.fastq.gz;fasp.sra.ebi.ac.uk:/vol1/fastq/SRR147/063/SRR14711463/SRR14711463_2.fastq.gz	ftp.sra.ebi.ac.uk/vol1/fastq/SRR147/063/SRR14711463/SRR14711463_1.fastq.gz;ftp.sra.ebi.ac.uk/vol1/fastq/SRR147/063/SRR14711463/SRR14711463_2.fastq.gz							CK20		MIMARKS Survey related sample from metagenome		2022-01-09				GENERATED_FILE;GENERATED_FILE		
SRR14711437	PRJNA734525	SRP322348	SAMN19513436	SRS9117521	SRX11049490	SRA1239671	256318	metagenome	ILLUMINA	Illumina MiSeq	AD118		PAIRED	AMPLICON	METAGENOMIC	PCR	115164	53398674	SUB9594113	2022-01-09	2022-01-09	Illumina MiSeq sequencing: 16-Seq of homo sapiens gut microbiome	Gut microbiome profiles of Alzheimers disease patients with different cognitive states	PRJNA734525	AD118	15S15R1.fastq.gz	13743373;17356007	3d2d984928b83123ea5a591ebbe9a053;bc5b4d4e613bb6be6c274332602955f8	ftp.sra.ebi.ac.uk/vol1/fastq/SRR147/037/SRR14711437/SRR14711437_1.fastq.gz;ftp.sra.ebi.ac.uk/vol1/fastq/SRR147/037/SRR14711437/SRR14711437_2.fastq.gz	fasp.sra.ebi.ac.uk:/vol1/fastq/SRR147/037/SRR14711437/SRR14711437_1.fastq.gz;fasp.sra.ebi.ac.uk:/vol1/fastq/SRR147/037/SRR14711437/SRR14711437_2.fastq.gz	ftp.sra.ebi.ac.uk/vol1/fastq/SRR147/037/SRR14711437/SRR14711437_1.fastq.gz;ftp.sra.ebi.ac.uk/vol1/fastq/SRR147/037/SRR14711437/SRR14711437_2.fastq.gz							AD118		MIMARKS Survey related sample from metagenome		2022-01-09				GENERATED_FILE;GENERATED_FILE		
SRR14711465	PRJNA734525	SRP322348	SAMN19513510	SRS9117493	SRX11049462	SRA1239671	256318	metagenome	ILLUMINA	Illumina MiSeq	CK18		PAIRED	AMPLICON	METAGENOMIC	PCR	92165	51913461	SUB9594113	2022-01-09	2022-01-09	Illumina MiSeq sequencing: 16-Seq of homo sapiens gut microbiome	Gut microbiome profiles of Alzheimers disease patients with different cognitive states	PRJNA734525	CK18	ALZK18S70R1.fastq.gz	12334562;14690874	6d3a2a912745c8091db2e14328e1e068;99751c2cc11eb0cb922de2bbb0492dfc	ftp.sra.ebi.ac.uk/vol1/fastq/SRR147/065/SRR14711465/SRR14711465_1.fastq.gz;ftp.sra.ebi.ac.uk/vol1/fastq/SRR147/065/SRR14711465/SRR14711465_2.fastq.gz	fasp.sra.ebi.ac.uk:/vol1/fastq/SRR147/065/SRR14711465/SRR14711465_1.fastq.gz;fasp.sra.ebi.ac.uk:/vol1/fastq/SRR147/065/SRR14711465/SRR14711465_2.fastq.gz	ftp.sra.ebi.ac.uk/vol1/fastq/SRR147/065/SRR14711465/SRR14711465_1.fastq.gz;ftp.sra.ebi.ac.uk/vol1/fastq/SRR147/065/SRR14711465/SRR14711465_2.fastq.gz							CK18		MIMARKS Survey related sample from metagenome		2022-01-09				GENERATED_FILE;GENERATED_FILE		
SRR14711440	PRJNA734525	SRP322348	SAMN19513533	SRS9117518	SRX11049487	SRA1239671	256318	metagenome	ILLUMINA	Illumina MiSeq	CK9		PAIRED	AMPLICON	METAGENOMIC	PCR	55003	30988863	SUB9594113	2022-01-09	2022-02-20	Illumina MiSeq sequencing: 16-Seq of homo sapiens gut microbiome	Gut microbiome profiles of Alzheimers disease patients with different cognitive states	PRJNA734525	CK9	ALZK9S57R1.fastq.gz	7451536;8855500	b7d3e1cad23edd97e63f36b4949c4d8b;b10fbd18c8b32416f3a70479eb8ada3f	ftp.sra.ebi.ac.uk/vol1/fastq/SRR147/040/SRR14711440/SRR14711440_1.fastq.gz;ftp.sra.ebi.ac.uk/vol1/fastq/SRR147/040/SRR14711440/SRR14711440_2.fastq.gz	fasp.sra.ebi.ac.uk:/vol1/fastq/SRR147/040/SRR14711440/SRR14711440_1.fastq.gz;fasp.sra.ebi.ac.uk:/vol1/fastq/SRR147/040/SRR14711440/SRR14711440_2.fastq.gz	ftp.sra.ebi.ac.uk/vol1/fastq/SRR147/040/SRR14711440/SRR14711440_1.fastq.gz;ftp.sra.ebi.ac.uk/vol1/fastq/SRR147/040/SRR14711440/SRR14711440_2.fastq.gz							CK9		MIMARKS Survey related sample from metagenome		2022-01-09				GENERATED_FILE;GENERATED_FILE		
SRR14711442	PRJNA734525	SRP322348	SAMN19513531	SRS9117516	SRX11049485	SRA1239671	256318	metagenome	ILLUMINA	Illumina MiSeq	CK7		PAIRED	AMPLICON	METAGENOMIC	PCR	25437	14329283	SUB9594113	2022-01-09	2022-01-09	Illumina MiSeq sequencing: 16-Seq of homo sapiens gut microbiome	Gut microbiome profiles of Alzheimers disease patients with different cognitive states	PRJNA734525	CK7	ALZK7S33R1.fastq.gz	3636970;4417549	eef0f3b047e7808e9498872d8b34f2d8;15a58de0e0373af7e9c6dbc24afcf0a0	ftp.sra.ebi.ac.uk/vol1/fastq/SRR147/042/SRR14711442/SRR14711442_1.fastq.gz;ftp.sra.ebi.ac.uk/vol1/fastq/SRR147/042/SRR14711442/SRR14711442_2.fastq.gz	fasp.sra.ebi.ac.uk:/vol1/fastq/SRR147/042/SRR14711442/SRR14711442_1.fastq.gz;fasp.sra.ebi.ac.uk:/vol1/fastq/SRR147/042/SRR14711442/SRR14711442_2.fastq.gz	ftp.sra.ebi.ac.uk/vol1/fastq/SRR147/042/SRR14711442/SRR14711442_1.fastq.gz;ftp.sra.ebi.ac.uk/vol1/fastq/SRR147/042/SRR14711442/SRR14711442_2.fastq.gz							CK7		MIMARKS Survey related sample from metagenome		2022-01-09				GENERATED_FILE;GENERATED_FILE		
SRR14711445	PRJNA734525	SRP322348	SAMN19513528	SRS9117513	SRX11049482	SRA1239671	256318	metagenome	ILLUMINA	Illumina MiSeq	CK4		PAIRED	AMPLICON	METAGENOMIC	PCR	79445	44743869	SUB9594113	2022-01-09	2022-01-09	Illumina MiSeq sequencing: 16-Seq of homo sapiens gut microbiome	Gut microbiome profiles of Alzheimers disease patients with different cognitive states	PRJNA734525	CK4	ALZK4S92R1.fastq.gz	335;10996852;13417982	55868f2f2690882fa28c67ab5a097690;8216f0b363cfe1dd434f433f7bfcabd9;65737ea1e46ed688aeff7b5e09e83166	ftp.sra.ebi.ac.uk/vol1/fastq/SRR147/045/SRR14711445/SRR14711445.fastq.gz;ftp.sra.ebi.ac.uk/vol1/fastq/SRR147/045/SRR14711445/SRR14711445_1.fastq.gz;ftp.sra.ebi.ac.uk/vol1/fastq/SRR147/045/SRR14711445/SRR14711445_2.fastq.gz	fasp.sra.ebi.ac.uk:/vol1/fastq/SRR147/045/SRR14711445/SRR14711445.fastq.gz;fasp.sra.ebi.ac.uk:/vol1/fastq/SRR147/045/SRR14711445/SRR14711445_1.fastq.gz;fasp.sra.ebi.ac.uk:/vol1/fastq/SRR147/045/SRR14711445/SRR14711445_2.fastq.gz	ftp.sra.ebi.ac.uk/vol1/fastq/SRR147/045/SRR14711445/SRR14711445.fastq.gz;ftp.sra.ebi.ac.uk/vol1/fastq/SRR147/045/SRR14711445/SRR14711445_1.fastq.gz;ftp.sra.ebi.ac.uk/vol1/fastq/SRR147/045/SRR14711445/SRR14711445_2.fastq.gz							CK4		MIMARKS Survey related sample from metagenome		2022-01-09				GENERATED_FILE;GENERATED_FILE;GENERATED_FILE		
SRR14711469	PRJNA734525	SRP322348	SAMN19513506	SRS9117489	SRX11049458	SRA1239671	256318	metagenome	ILLUMINA	Illumina MiSeq	CK14		PAIRED	AMPLICON	METAGENOMIC	PCR	88668	49934172	SUB9594113	2022-01-09	2022-01-09	Illumina MiSeq sequencing: 16-Seq of homo sapiens gut microbiome	Gut microbiome profiles of Alzheimers disease patients with different cognitive states	PRJNA734525	CK14	ALZK14S22R1.fastq.gz	5400;12847043;14781495	9cabcd8b516250b35e45d468268d352c;f4ded9c25755c0d7be267987e1949cbd;a0a4ef4dfa7bc181d84a5796f73d8afc	ftp.sra.ebi.ac.uk/vol1/fastq/SRR147/069/SRR14711469/SRR14711469.fastq.gz;ftp.sra.ebi.ac.uk/vol1/fastq/SRR147/069/SRR14711469/SRR14711469_1.fastq.gz;ftp.sra.ebi.ac.uk/vol1/fastq/SRR147/069/SRR14711469/SRR14711469_2.fastq.gz	fasp.sra.ebi.ac.uk:/vol1/fastq/SRR147/069/SRR14711469/SRR14711469.fastq.gz;fasp.sra.ebi.ac.uk:/vol1/fastq/SRR147/069/SRR14711469/SRR14711469_1.fastq.gz;fasp.sra.ebi.ac.uk:/vol1/fastq/SRR147/069/SRR14711469/SRR14711469_2.fastq.gz	ftp.sra.ebi.ac.uk/vol1/fastq/SRR147/069/SRR14711469/SRR14711469.fastq.gz;ftp.sra.ebi.ac.uk/vol1/fastq/SRR147/069/SRR14711469/SRR14711469_1.fastq.gz;ftp.sra.ebi.ac.uk/vol1/fastq/SRR147/069/SRR14711469/SRR14711469_2.fastq.gz							CK14		MIMARKS Survey related sample from metagenome		2022-01-09				GENERATED_FILE;GENERATED_FILE;GENERATED_FILE		
SRR14711447	PRJNA734525	SRP322348	SAMN19513526	SRS9117511	SRX11049480	SRA1239671	256318	metagenome	ILLUMINA	Illumina MiSeq	CK35		PAIRED	AMPLICON	METAGENOMIC	PCR	113352	63851345	SUB9594113	2022-01-09	2022-02-20	Illumina MiSeq sequencing: 16-Seq of homo sapiens gut microbiome	Gut microbiome profiles of Alzheimers disease patients with different cognitive states	PRJNA734525	CK35	ALZK35S72R1.fastq.gz	15307358;18081145	2a863899bc2dd97abff7ff48180a698f;b973117ec76042fd1f75eaec6d876b3c	ftp.sra.ebi.ac.uk/vol1/fastq/SRR147/047/SRR14711447/SRR14711447_1.fastq.gz;ftp.sra.ebi.ac.uk/vol1/fastq/SRR147/047/SRR14711447/SRR14711447_2.fastq.gz	fasp.sra.ebi.ac.uk:/vol1/fastq/SRR147/047/SRR14711447/SRR14711447_1.fastq.gz;fasp.sra.ebi.ac.uk:/vol1/fastq/SRR147/047/SRR14711447/SRR14711447_2.fastq.gz	ftp.sra.ebi.ac.uk/vol1/fastq/SRR147/047/SRR14711447/SRR14711447_1.fastq.gz;ftp.sra.ebi.ac.uk/vol1/fastq/SRR147/047/SRR14711447/SRR14711447_2.fastq.gz							CK35		MIMARKS Survey related sample from metagenome		2022-01-09				GENERATED_FILE;GENERATED_FILE		
SRR14711446	PRJNA734525	SRP322348	SAMN19513527	SRS9117512	SRX11049481	SRA1239671	256318	metagenome	ILLUMINA	Illumina MiSeq	CK36		PAIRED	AMPLICON	METAGENOMIC	PCR	106608	60019796	SUB9594113	2022-01-09	2022-01-09	Illumina MiSeq sequencing: 16-Seq of homo sapiens gut microbiome	Gut microbiome profiles of Alzheimers disease patients with different cognitive states	PRJNA734525	CK36	ALZK36S84R1.fastq.gz	15383040;17381672	caa2ab204e19de72cb8d655b0c44e530;ff2c8e541548edc76c6bb8dd6d58f56a	ftp.sra.ebi.ac.uk/vol1/fastq/SRR147/046/SRR14711446/SRR14711446_1.fastq.gz;ftp.sra.ebi.ac.uk/vol1/fastq/SRR147/046/SRR14711446/SRR14711446_2.fastq.gz	fasp.sra.ebi.ac.uk:/vol1/fastq/SRR147/046/SRR14711446/SRR14711446_1.fastq.gz;fasp.sra.ebi.ac.uk:/vol1/fastq/SRR147/046/SRR14711446/SRR14711446_2.fastq.gz	ftp.sra.ebi.ac.uk/vol1/fastq/SRR147/046/SRR14711446/SRR14711446_1.fastq.gz;ftp.sra.ebi.ac.uk/vol1/fastq/SRR147/046/SRR14711446/SRR14711446_2.fastq.gz							CK36		MIMARKS Survey related sample from metagenome		2022-01-09				GENERATED_FILE;GENERATED_FILE		
SRR14711452	PRJNA734525	SRP322348	SAMN19513522	SRS9117506	SRX11049475	SRA1239671	256318	metagenome	ILLUMINA	Illumina MiSeq	CK31		PAIRED	AMPLICON	METAGENOMIC	PCR	108071	60879678	SUB9594113	2022-01-09	2022-01-09	Illumina MiSeq sequencing: 16-Seq of homo sapiens gut microbiome	Gut microbiome profiles of Alzheimers disease patients with different cognitive states	PRJNA734525	CK31	ALZK31S24R1.fastq.gz	16653419;18930946	c9303ba4a9a45d3ddb2db03c9b40dfa4;44bf0ff7156149193964e03fad02200e	ftp.sra.ebi.ac.uk/vol1/fastq/SRR147/052/SRR14711452/SRR14711452_1.fastq.gz;ftp.sra.ebi.ac.uk/vol1/fastq/SRR147/052/SRR14711452/SRR14711452_2.fastq.gz	fasp.sra.ebi.ac.uk:/vol1/fastq/SRR147/052/SRR14711452/SRR14711452_1.fastq.gz;fasp.sra.ebi.ac.uk:/vol1/fastq/SRR147/052/SRR14711452/SRR14711452_2.fastq.gz	ftp.sra.ebi.ac.uk/vol1/fastq/SRR147/052/SRR14711452/SRR14711452_1.fastq.gz;ftp.sra.ebi.ac.uk/vol1/fastq/SRR147/052/SRR14711452/SRR14711452_2.fastq.gz							CK31		MIMARKS Survey related sample from metagenome		2022-01-09				GENERATED_FILE;GENERATED_FILE		
SRR14711471	PRJNA734525	SRP322348	SAMN19513505	SRS9117487	SRX11049456	SRA1239671	256318	metagenome	ILLUMINA	Illumina MiSeq	CK13		PAIRED	AMPLICON	METAGENOMIC	PCR	83477	47023168	SUB9594113	2022-01-09	2022-01-09	Illumina MiSeq sequencing: 16-Seq of homo sapiens gut microbiome	Gut microbiome profiles of Alzheimers disease patients with different cognitive states	PRJNA734525	CK13	ALZK13S10R1.fastq.gz	323;11839725;13370722	149d785fb74fffb62309ef0c432025ae;e64a224d8ed107e7ae04941258ca4603;0ca8f06a1ae5884ecd6afb8d6f34e9e7	ftp.sra.ebi.ac.uk/vol1/fastq/SRR147/071/SRR14711471/SRR14711471.fastq.gz;ftp.sra.ebi.ac.uk/vol1/fastq/SRR147/071/SRR14711471/SRR14711471_1.fastq.gz;ftp.sra.ebi.ac.uk/vol1/fastq/SRR147/071/SRR14711471/SRR14711471_2.fastq.gz	fasp.sra.ebi.ac.uk:/vol1/fastq/SRR147/071/SRR14711471/SRR14711471.fastq.gz;fasp.sra.ebi.ac.uk:/vol1/fastq/SRR147/071/SRR14711471/SRR14711471_1.fastq.gz;fasp.sra.ebi.ac.uk:/vol1/fastq/SRR147/071/SRR14711471/SRR14711471_2.fastq.gz	ftp.sra.ebi.ac.uk/vol1/fastq/SRR147/071/SRR14711471/SRR14711471.fastq.gz;ftp.sra.ebi.ac.uk/vol1/fastq/SRR147/071/SRR14711471/SRR14711471_1.fastq.gz;ftp.sra.ebi.ac.uk/vol1/fastq/SRR147/071/SRR14711471/SRR14711471_2.fastq.gz							CK13		MIMARKS Survey related sample from metagenome		2022-01-09				GENERATED_FILE;GENERATED_FILE;GENERATED_FILE		
SRR14711449	PRJNA734525	SRP322348	SAMN19513525	SRS9117509	SRX11049478	SRA1239671	256318	metagenome	ILLUMINA	Illumina MiSeq	CK34		PAIRED	AMPLICON	METAGENOMIC	PCR	128288	72251317	SUB9594113	2022-01-09	2022-01-09	Illumina MiSeq sequencing: 16-Seq of homo sapiens gut microbiome	Gut microbiome profiles of Alzheimers disease patients with different cognitive states	PRJNA734525	CK34	ALZK34S60R1.fastq.gz	904;17796549;21521295	b252f628d6282d0aa6dc2c787bcd84a5;5bde2839b6088c16d1e3c9d7f3a0f6f5;da53d100227608e7a0b507b0fc23a736	ftp.sra.ebi.ac.uk/vol1/fastq/SRR147/049/SRR14711449/SRR14711449.fastq.gz;ftp.sra.ebi.ac.uk/vol1/fastq/SRR147/049/SRR14711449/SRR14711449_1.fastq.gz;ftp.sra.ebi.ac.uk/vol1/fastq/SRR147/049/SRR14711449/SRR14711449_2.fastq.gz	fasp.sra.ebi.ac.uk:/vol1/fastq/SRR147/049/SRR14711449/SRR14711449.fastq.gz;fasp.sra.ebi.ac.uk:/vol1/fastq/SRR147/049/SRR14711449/SRR14711449_1.fastq.gz;fasp.sra.ebi.ac.uk:/vol1/fastq/SRR147/049/SRR14711449/SRR14711449_2.fastq.gz	ftp.sra.ebi.ac.uk/vol1/fastq/SRR147/049/SRR14711449/SRR14711449.fastq.gz;ftp.sra.ebi.ac.uk/vol1/fastq/SRR147/049/SRR14711449/SRR14711449_1.fastq.gz;ftp.sra.ebi.ac.uk/vol1/fastq/SRR147/049/SRR14711449/SRR14711449_2.fastq.gz							CK34		MIMARKS Survey related sample from metagenome		2022-01-09				GENERATED_FILE;GENERATED_FILE;GENERATED_FILE		
SRR14711450	PRJNA734525	SRP322348	SAMN19513524	SRS9117508	SRX11049477	SRA1239671	256318	metagenome	ILLUMINA	Illumina MiSeq	CK33		PAIRED	AMPLICON	METAGENOMIC	PCR	120271	67740292	SUB9594113	2022-01-09	2022-01-09	Illumina MiSeq sequencing: 16-Seq of homo sapiens gut microbiome	Gut microbiome profiles of Alzheimers disease patients with different cognitive states	PRJNA734525	CK33	ALZK33S48R1.fastq.gz	2765;17607427;20688588	be48c4072d3002137ce868ad7e66cda9;a03c0c143fec955f6de9f0acff109b97;0eefa65c21213f615c50d61e87f2d0fe	ftp.sra.ebi.ac.uk/vol1/fastq/SRR147/050/SRR14711450/SRR14711450.fastq.gz;ftp.sra.ebi.ac.uk/vol1/fastq/SRR147/050/SRR14711450/SRR14711450_1.fastq.gz;ftp.sra.ebi.ac.uk/vol1/fastq/SRR147/050/SRR14711450/SRR14711450_2.fastq.gz	fasp.sra.ebi.ac.uk:/vol1/fastq/SRR147/050/SRR14711450/SRR14711450.fastq.gz;fasp.sra.ebi.ac.uk:/vol1/fastq/SRR147/050/SRR14711450/SRR14711450_1.fastq.gz;fasp.sra.ebi.ac.uk:/vol1/fastq/SRR147/050/SRR14711450/SRR14711450_2.fastq.gz	ftp.sra.ebi.ac.uk/vol1/fastq/SRR147/050/SRR14711450/SRR14711450.fastq.gz;ftp.sra.ebi.ac.uk/vol1/fastq/SRR147/050/SRR14711450/SRR14711450_1.fastq.gz;ftp.sra.ebi.ac.uk/vol1/fastq/SRR147/050/SRR14711450/SRR14711450_2.fastq.gz							CK33		MIMARKS Survey related sample from metagenome		2022-01-09				GENERATED_FILE;GENERATED_FILE;GENERATED_FILE		
SRR14711455	PRJNA734525	SRP322348	SAMN19513519	SRS9117503	SRX11049472	SRA1239671	256318	metagenome	ILLUMINA	Illumina MiSeq	CK28		PAIRED	AMPLICON	METAGENOMIC	PCR	102133	57522799	SUB9594113	2022-01-09	2022-01-09	Illumina MiSeq sequencing: 16-Seq of homo sapiens gut microbiome	Gut microbiome profiles of Alzheimers disease patients with different cognitive states	PRJNA734525	CK28	ALZK28S83R1.fastq.gz	3101;15611756;17447974	86b24b0783b1c810f030e81eeb2f42b0;4d7862a2852cc251ef64cf2146fa627f;a760719011a7e988cee9946adab167e8	ftp.sra.ebi.ac.uk/vol1/fastq/SRR147/055/SRR14711455/SRR14711455.fastq.gz;ftp.sra.ebi.ac.uk/vol1/fastq/SRR147/055/SRR14711455/SRR14711455_1.fastq.gz;ftp.sra.ebi.ac.uk/vol1/fastq/SRR147/055/SRR14711455/SRR14711455_2.fastq.gz	fasp.sra.ebi.ac.uk:/vol1/fastq/SRR147/055/SRR14711455/SRR14711455.fastq.gz;fasp.sra.ebi.ac.uk:/vol1/fastq/SRR147/055/SRR14711455/SRR14711455_1.fastq.gz;fasp.sra.ebi.ac.uk:/vol1/fastq/SRR147/055/SRR14711455/SRR14711455_2.fastq.gz	ftp.sra.ebi.ac.uk/vol1/fastq/SRR147/055/SRR14711455/SRR14711455.fastq.gz;ftp.sra.ebi.ac.uk/vol1/fastq/SRR147/055/SRR14711455/SRR14711455_1.fastq.gz;ftp.sra.ebi.ac.uk/vol1/fastq/SRR147/055/SRR14711455/SRR14711455_2.fastq.gz							CK28		MIMARKS Survey related sample from metagenome		2022-01-09				GENERATED_FILE;GENERATED_FILE;GENERATED_FILE		
SRR14711475	PRJNA734525	SRP322348	SAMN19513501	SRS9117483	SRX11049452	SRA1239671	256318	metagenome	ILLUMINA	Illumina MiSeq	CK1		PAIRED	AMPLICON	METAGENOMIC	PCR	84420	47560279	SUB9594113	2022-01-09	2022-01-09	Illumina MiSeq sequencing: 16-Seq of homo sapiens gut microbiome	Gut microbiome profiles of Alzheimers disease patients with different cognitive states	PRJNA734525	CK1	ALZK1S56R1.fastq.gz	11217228;13663276	ab053facafbae0616acda3681aa4a341;6381a9a9ba83e00f3df697779c132bdd	ftp.sra.ebi.ac.uk/vol1/fastq/SRR147/075/SRR14711475/SRR14711475_1.fastq.gz;ftp.sra.ebi.ac.uk/vol1/fastq/SRR147/075/SRR14711475/SRR14711475_2.fastq.gz	fasp.sra.ebi.ac.uk:/vol1/fastq/SRR147/075/SRR14711475/SRR14711475_1.fastq.gz;fasp.sra.ebi.ac.uk:/vol1/fastq/SRR147/075/SRR14711475/SRR14711475_2.fastq.gz	ftp.sra.ebi.ac.uk/vol1/fastq/SRR147/075/SRR14711475/SRR14711475_1.fastq.gz;ftp.sra.ebi.ac.uk/vol1/fastq/SRR147/075/SRR14711475/SRR14711475_2.fastq.gz							CK1		MIMARKS Survey related sample from metagenome		2022-01-09				GENERATED_FILE;GENERATED_FILE		
SRR14711453	PRJNA734525	SRP322348	SAMN19513521	SRS9117505	SRX11049474	SRA1239671	256318	metagenome	ILLUMINA	Illumina MiSeq	CK30		PAIRED	AMPLICON	METAGENOMIC	PCR	104548	58894951	SUB9594113	2022-01-09	2022-01-09	Illumina MiSeq sequencing: 16-Seq of homo sapiens gut microbiome	Gut microbiome profiles of Alzheimers disease patients with different cognitive states	PRJNA734525	CK30	ALZK30S12R1.fastq.gz	2341;15290671;17457439	15ca5021b5fe1ed9526b916f15ee8124;a5097f277064054059dee9af028223ae;49cb0d72fe7a1d65750f09c4cdd13133	ftp.sra.ebi.ac.uk/vol1/fastq/SRR147/053/SRR14711453/SRR14711453.fastq.gz;ftp.sra.ebi.ac.uk/vol1/fastq/SRR147/053/SRR14711453/SRR14711453_1.fastq.gz;ftp.sra.ebi.ac.uk/vol1/fastq/SRR147/053/SRR14711453/SRR14711453_2.fastq.gz	fasp.sra.ebi.ac.uk:/vol1/fastq/SRR147/053/SRR14711453/SRR14711453.fastq.gz;fasp.sra.ebi.ac.uk:/vol1/fastq/SRR147/053/SRR14711453/SRR14711453_1.fastq.gz;fasp.sra.ebi.ac.uk:/vol1/fastq/SRR147/053/SRR14711453/SRR14711453_2.fastq.gz	ftp.sra.ebi.ac.uk/vol1/fastq/SRR147/053/SRR14711453/SRR14711453.fastq.gz;ftp.sra.ebi.ac.uk/vol1/fastq/SRR147/053/SRR14711453/SRR14711453_1.fastq.gz;ftp.sra.ebi.ac.uk/vol1/fastq/SRR147/053/SRR14711453/SRR14711453_2.fastq.gz							CK30		MIMARKS Survey related sample from metagenome		2022-01-09				GENERATED_FILE;GENERATED_FILE;GENERATED_FILE		
SRR14711456	PRJNA734525	SRP322348	SAMN19513518	SRS9117502	SRX11049471	SRA1239671	256318	metagenome	ILLUMINA	Illumina MiSeq	CK27		PAIRED	AMPLICON	METAGENOMIC	PCR	94205	53066089	SUB9594113	2022-01-09	2022-02-20	Illumina MiSeq sequencing: 16-Seq of homo sapiens gut microbiome	Gut microbiome profiles of Alzheimers disease patients with different cognitive states	PRJNA734525	CK27	ALZK27S71R1.fastq.gz	2679;13489404;16094005	02d320e13bac5155dc1fe667e27e8e0a;e824d9c73b99a4930adac6e6c69a674b;0e028ed4567b2e550b1568f0de3cdb7d	ftp.sra.ebi.ac.uk/vol1/fastq/SRR147/056/SRR14711456/SRR14711456.fastq.gz;ftp.sra.ebi.ac.uk/vol1/fastq/SRR147/056/SRR14711456/SRR14711456_1.fastq.gz;ftp.sra.ebi.ac.uk/vol1/fastq/SRR147/056/SRR14711456/SRR14711456_2.fastq.gz	fasp.sra.ebi.ac.uk:/vol1/fastq/SRR147/056/SRR14711456/SRR14711456.fastq.gz;fasp.sra.ebi.ac.uk:/vol1/fastq/SRR147/056/SRR14711456/SRR14711456_1.fastq.gz;fasp.sra.ebi.ac.uk:/vol1/fastq/SRR147/056/SRR14711456/SRR14711456_2.fastq.gz	ftp.sra.ebi.ac.uk/vol1/fastq/SRR147/056/SRR14711456/SRR14711456.fastq.gz;ftp.sra.ebi.ac.uk/vol1/fastq/SRR147/056/SRR14711456/SRR14711456_1.fastq.gz;ftp.sra.ebi.ac.uk/vol1/fastq/SRR147/056/SRR14711456/SRR14711456_2.fastq.gz							CK27		MIMARKS Survey related sample from metagenome		2022-01-09				GENERATED_FILE;GENERATED_FILE;GENERATED_FILE		
SRR14711479	PRJNA734525	SRP322348	SAMN19513497	SRS9117479	SRX11049448	SRA1239671	256318	metagenome	ILLUMINA	Illumina MiSeq	C181		PAIRED	AMPLICON	METAGENOMIC	PCR	191051	88752911	SUB9594113	2022-01-09	2022-02-20	Illumina MiSeq sequencing: 16-Seq of homo sapiens gut microbiome	Gut microbiome profiles of Alzheimers disease patients with different cognitive states	PRJNA734525	C181	68S68R1.fastq.gz	22189493;26069240	a0e6c4df49bbdcaece143604972b3a19;d12e7b5e257c96e2053589ee88d19858	ftp.sra.ebi.ac.uk/vol1/fastq/SRR147/079/SRR14711479/SRR14711479_1.fastq.gz;ftp.sra.ebi.ac.uk/vol1/fastq/SRR147/079/SRR14711479/SRR14711479_2.fastq.gz	fasp.sra.ebi.ac.uk:/vol1/fastq/SRR147/079/SRR14711479/SRR14711479_1.fastq.gz;fasp.sra.ebi.ac.uk:/vol1/fastq/SRR147/079/SRR14711479/SRR14711479_2.fastq.gz	ftp.sra.ebi.ac.uk/vol1/fastq/SRR147/079/SRR14711479/SRR14711479_1.fastq.gz;ftp.sra.ebi.ac.uk/vol1/fastq/SRR147/079/SRR14711479/SRR14711479_2.fastq.gz							C181		MIMARKS Survey related sample from metagenome		2022-01-09				GENERATED_FILE;GENERATED_FILE		
SRR14711454	PRJNA734525	SRP322348	SAMN19513520	SRS9117504	SRX11049473	SRA1239671	256318	metagenome	ILLUMINA	Illumina MiSeq	CK3		PAIRED	AMPLICON	METAGENOMIC	PCR	101280	57057451	SUB9594113	2022-01-09	2022-01-09	Illumina MiSeq sequencing: 16-Seq of homo sapiens gut microbiome	Gut microbiome profiles of Alzheimers disease patients with different cognitive states	PRJNA734525	CK3	ALZK3S80R1.fastq.gz	606;15983587;17967381	a650f40bb5b95e987ea818f4a13c6400;09193a77699c7e84687e78a33b84eacb;8db40280a8bf9eb355a6a041ebe0862e	ftp.sra.ebi.ac.uk/vol1/fastq/SRR147/054/SRR14711454/SRR14711454.fastq.gz;ftp.sra.ebi.ac.uk/vol1/fastq/SRR147/054/SRR14711454/SRR14711454_1.fastq.gz;ftp.sra.ebi.ac.uk/vol1/fastq/SRR147/054/SRR14711454/SRR14711454_2.fastq.gz	fasp.sra.ebi.ac.uk:/vol1/fastq/SRR147/054/SRR14711454/SRR14711454.fastq.gz;fasp.sra.ebi.ac.uk:/vol1/fastq/SRR147/054/SRR14711454/SRR14711454_1.fastq.gz;fasp.sra.ebi.ac.uk:/vol1/fastq/SRR147/054/SRR14711454/SRR14711454_2.fastq.gz	ftp.sra.ebi.ac.uk/vol1/fastq/SRR147/054/SRR14711454/SRR14711454.fastq.gz;ftp.sra.ebi.ac.uk/vol1/fastq/SRR147/054/SRR14711454/SRR14711454_1.fastq.gz;ftp.sra.ebi.ac.uk/vol1/fastq/SRR147/054/SRR14711454/SRR14711454_2.fastq.gz							CK3		MIMARKS Survey related sample from metagenome		2022-01-09				GENERATED_FILE;GENERATED_FILE;GENERATED_FILE		
SRR14711457	PRJNA734525	SRP322348	SAMN19513517	SRS9117501	SRX11049470	SRA1239671	256318	metagenome	ILLUMINA	Illumina MiSeq	CK26		PAIRED	AMPLICON	METAGENOMIC	PCR	145234	81821806	SUB9594113	2022-01-09	2022-01-09	Illumina MiSeq sequencing: 16-Seq of homo sapiens gut microbiome	Gut microbiome profiles of Alzheimers disease patients with different cognitive states	PRJNA734525	CK26	ALZK26S59R1.fastq.gz	20671586;25282108	771029437b0c86ade29e924b5f38e060;ac172cb5a0220cdf12431f78f732a28b	ftp.sra.ebi.ac.uk/vol1/fastq/SRR147/057/SRR14711457/SRR14711457_1.fastq.gz;ftp.sra.ebi.ac.uk/vol1/fastq/SRR147/057/SRR14711457/SRR14711457_2.fastq.gz	fasp.sra.ebi.ac.uk:/vol1/fastq/SRR147/057/SRR14711457/SRR14711457_1.fastq.gz;fasp.sra.ebi.ac.uk:/vol1/fastq/SRR147/057/SRR14711457/SRR14711457_2.fastq.gz	ftp.sra.ebi.ac.uk/vol1/fastq/SRR147/057/SRR14711457/SRR14711457_1.fastq.gz;ftp.sra.ebi.ac.uk/vol1/fastq/SRR147/057/SRR14711457/SRR14711457_2.fastq.gz							CK26		MIMARKS Survey related sample from metagenome		2022-01-09				GENERATED_FILE;GENERATED_FILE		
SRR14711482	PRJNA734525	SRP322348	SAMN19513495	SRS9117476	SRX11049445	SRA1239671	256318	metagenome	ILLUMINA	Illumina MiSeq	C172		PAIRED	AMPLICON	METAGENOMIC	PCR	187240	86983795	SUB9594113	2022-01-09	2022-02-20	Illumina MiSeq sequencing: 16-Seq of homo sapiens gut microbiome	Gut microbiome profiles of Alzheimers disease patients with different cognitive states	PRJNA734525	C172	60S60R1.fastq.gz	21802643;26688809	0aeacfcededa8371c2db6ede3ed14d0a;e85d401af8c2367ae42eb23a5c450df8	ftp.sra.ebi.ac.uk/vol1/fastq/SRR147/082/SRR14711482/SRR14711482_1.fastq.gz;ftp.sra.ebi.ac.uk/vol1/fastq/SRR147/082/SRR14711482/SRR14711482_2.fastq.gz	fasp.sra.ebi.ac.uk:/vol1/fastq/SRR147/082/SRR14711482/SRR14711482_1.fastq.gz;fasp.sra.ebi.ac.uk:/vol1/fastq/SRR147/082/SRR14711482/SRR14711482_2.fastq.gz	ftp.sra.ebi.ac.uk/vol1/fastq/SRR147/082/SRR14711482/SRR14711482_1.fastq.gz;ftp.sra.ebi.ac.uk/vol1/fastq/SRR147/082/SRR14711482/SRR14711482_2.fastq.gz							C172		MIMARKS Survey related sample from metagenome		2022-01-09				GENERATED_FILE;GENERATED_FILE		
SRR14711459	PRJNA734525	SRP322348	SAMN19513444	SRS9117499	SRX11049468	SRA1239671	256318	metagenome	ILLUMINA	Illumina MiSeq	AD144		PAIRED	AMPLICON	METAGENOMIC	PCR	29620	13757413	SUB9594113	2022-01-09	2022-01-09	Illumina MiSeq sequencing: 16-Seq of homo sapiens gut microbiome	Gut microbiome profiles of Alzheimers disease patients with different cognitive states	PRJNA734525	AD144	28S28R1.fastq.gz	3591478;4082631	40a96a5d543620ca6381702114eec2be;bc25e88a5dab8a58c278860f5b58931d	ftp.sra.ebi.ac.uk/vol1/fastq/SRR147/059/SRR14711459/SRR14711459_1.fastq.gz;ftp.sra.ebi.ac.uk/vol1/fastq/SRR147/059/SRR14711459/SRR14711459_2.fastq.gz	fasp.sra.ebi.ac.uk:/vol1/fastq/SRR147/059/SRR14711459/SRR14711459_1.fastq.gz;fasp.sra.ebi.ac.uk:/vol1/fastq/SRR147/059/SRR14711459/SRR14711459_2.fastq.gz	ftp.sra.ebi.ac.uk/vol1/fastq/SRR147/059/SRR14711459/SRR14711459_1.fastq.gz;ftp.sra.ebi.ac.uk/vol1/fastq/SRR147/059/SRR14711459/SRR14711459_2.fastq.gz							AD144		MIMARKS Survey related sample from metagenome		2022-01-09				GENERATED_FILE;GENERATED_FILE		
SRR14711458	PRJNA734525	SRP322348	SAMN19513516	SRS9117500	SRX11049469	SRA1239671	256318	metagenome	ILLUMINA	Illumina MiSeq	CK25		PAIRED	AMPLICON	METAGENOMIC	PCR	117703	66253867	SUB9594113	2022-01-09	2022-02-20	Illumina MiSeq sequencing: 16-Seq of homo sapiens gut microbiome	Gut microbiome profiles of Alzheimers disease patients with different cognitive states	PRJNA734525	CK25	ALZK25S47R1.fastq.gz	543;16715670;19992666	3c9abd0fd844dcdac90b69d40ecb5c58;0d3af36acd7c002a1f816f63badf2887;4f82dca1a8862170df7dc186b9cf81a5	ftp.sra.ebi.ac.uk/vol1/fastq/SRR147/058/SRR14711458/SRR14711458.fastq.gz;ftp.sra.ebi.ac.uk/vol1/fastq/SRR147/058/SRR14711458/SRR14711458_1.fastq.gz;ftp.sra.ebi.ac.uk/vol1/fastq/SRR147/058/SRR14711458/SRR14711458_2.fastq.gz	fasp.sra.ebi.ac.uk:/vol1/fastq/SRR147/058/SRR14711458/SRR14711458.fastq.gz;fasp.sra.ebi.ac.uk:/vol1/fastq/SRR147/058/SRR14711458/SRR14711458_1.fastq.gz;fasp.sra.ebi.ac.uk:/vol1/fastq/SRR147/058/SRR14711458/SRR14711458_2.fastq.gz	ftp.sra.ebi.ac.uk/vol1/fastq/SRR147/058/SRR14711458/SRR14711458.fastq.gz;ftp.sra.ebi.ac.uk/vol1/fastq/SRR147/058/SRR14711458/SRR14711458_1.fastq.gz;ftp.sra.ebi.ac.uk/vol1/fastq/SRR147/058/SRR14711458/SRR14711458_2.fastq.gz							CK25		MIMARKS Survey related sample from metagenome		2022-01-09				GENERATED_FILE;GENERATED_FILE;GENERATED_FILE		
SRR14711483	PRJNA734525	SRP322348	SAMN19513494	SRS9117475	SRX11049444	SRA1239671	256318	metagenome	ILLUMINA	Illumina MiSeq	C168		PAIRED	AMPLICON	METAGENOMIC	PCR	216588	100594146	SUB9594113	2022-01-09	2022-01-09	Illumina MiSeq sequencing: 16-Seq of homo sapiens gut microbiome	Gut microbiome profiles of Alzheimers disease patients with different cognitive states	PRJNA734525	C168	57S57R1.fastq.gz	24697502;29220800	d6cdf85015d26f93795dcc268ac32375;110575e927c87be7d2f8174a4762fc6f	ftp.sra.ebi.ac.uk/vol1/fastq/SRR147/083/SRR14711483/SRR14711483_1.fastq.gz;ftp.sra.ebi.ac.uk/vol1/fastq/SRR147/083/SRR14711483/SRR14711483_2.fastq.gz	fasp.sra.ebi.ac.uk:/vol1/fastq/SRR147/083/SRR14711483/SRR14711483_1.fastq.gz;fasp.sra.ebi.ac.uk:/vol1/fastq/SRR147/083/SRR14711483/SRR14711483_2.fastq.gz	ftp.sra.ebi.ac.uk/vol1/fastq/SRR147/083/SRR14711483/SRR14711483_1.fastq.gz;ftp.sra.ebi.ac.uk/vol1/fastq/SRR147/083/SRR14711483/SRR14711483_2.fastq.gz							C168		MIMARKS Survey related sample from metagenome		2022-01-09				GENERATED_FILE;GENERATED_FILE		
SRR14711460	PRJNA734525	SRP322348	SAMN19513515	SRS9117498	SRX11049467	SRA1239671	256318	metagenome	ILLUMINA	Illumina MiSeq	CK24		PAIRED	AMPLICON	METAGENOMIC	PCR	58671	33051812	SUB9594113	2022-01-09	2022-01-09	Illumina MiSeq sequencing: 16-Seq of homo sapiens gut microbiome	Gut microbiome profiles of Alzheimers disease patients with different cognitive states	PRJNA734525	CK24	ALZK24S35R1.fastq.gz	1487;8774544;10646968	63d95fa089c35ab22334c1628f44f404;80ae3a0b4f1852f6f2f5d5cf05946d9a;ce0a819e801de22206ae23d370ac0ce2	ftp.sra.ebi.ac.uk/vol1/fastq/SRR147/060/SRR14711460/SRR14711460.fastq.gz;ftp.sra.ebi.ac.uk/vol1/fastq/SRR147/060/SRR14711460/SRR14711460_1.fastq.gz;ftp.sra.ebi.ac.uk/vol1/fastq/SRR147/060/SRR14711460/SRR14711460_2.fastq.gz	fasp.sra.ebi.ac.uk:/vol1/fastq/SRR147/060/SRR14711460/SRR14711460.fastq.gz;fasp.sra.ebi.ac.uk:/vol1/fastq/SRR147/060/SRR14711460/SRR14711460_1.fastq.gz;fasp.sra.ebi.ac.uk:/vol1/fastq/SRR147/060/SRR14711460/SRR14711460_2.fastq.gz	ftp.sra.ebi.ac.uk/vol1/fastq/SRR147/060/SRR14711460/SRR14711460.fastq.gz;ftp.sra.ebi.ac.uk/vol1/fastq/SRR147/060/SRR14711460/SRR14711460_1.fastq.gz;ftp.sra.ebi.ac.uk/vol1/fastq/SRR147/060/SRR14711460/SRR14711460_2.fastq.gz							CK24		MIMARKS Survey related sample from metagenome		2022-01-09				GENERATED_FILE;GENERATED_FILE;GENERATED_FILE		
SRR14711467	PRJNA734525	SRP322348	SAMN19513508	SRS9117491	SRX11049460	SRA1239671	256318	metagenome	ILLUMINA	Illumina MiSeq	CK16		PAIRED	AMPLICON	METAGENOMIC	PCR	89986	50690077	SUB9594113	2022-01-09	2022-01-09	Illumina MiSeq sequencing: 16-Seq of homo sapiens gut microbiome	Gut microbiome profiles of Alzheimers disease patients with different cognitive states	PRJNA734525	CK16	ALZK16S46R1.fastq.gz	12776220;15440210	e8cb7994c015d08c038dbaa067593fe2;a699f25194deb6d9198b10123a1184cb	ftp.sra.ebi.ac.uk/vol1/fastq/SRR147/067/SRR14711467/SRR14711467_1.fastq.gz;ftp.sra.ebi.ac.uk/vol1/fastq/SRR147/067/SRR14711467/SRR14711467_2.fastq.gz	fasp.sra.ebi.ac.uk:/vol1/fastq/SRR147/067/SRR14711467/SRR14711467_1.fastq.gz;fasp.sra.ebi.ac.uk:/vol1/fastq/SRR147/067/SRR14711467/SRR14711467_2.fastq.gz	ftp.sra.ebi.ac.uk/vol1/fastq/SRR147/067/SRR14711467/SRR14711467_1.fastq.gz;ftp.sra.ebi.ac.uk/vol1/fastq/SRR147/067/SRR14711467/SRR14711467_2.fastq.gz							CK16		MIMARKS Survey related sample from metagenome		2022-01-09				GENERATED_FILE;GENERATED_FILE		
SRR14711490	PRJNA734525	SRP322348	SAMN19513487	SRS9117468	SRX11049437	SRA1239671	256318	metagenome	ILLUMINA	Illumina MiSeq	C121		PAIRED	AMPLICON	METAGENOMIC	PCR	98366	45593151	SUB9594113	2022-01-09	2022-01-09	Illumina MiSeq sequencing: 16-Seq of homo sapiens gut microbiome	Gut microbiome profiles of Alzheimers disease patients with different cognitive states	PRJNA734525	C121	18S18R1.fastq.gz	10884004;12922606	5262f50b1c40c243687d323e0b159434;964768b165d70a2dadfa9a2e0d92ef9d	ftp.sra.ebi.ac.uk/vol1/fastq/SRR147/090/SRR14711490/SRR14711490_1.fastq.gz;ftp.sra.ebi.ac.uk/vol1/fastq/SRR147/090/SRR14711490/SRR14711490_2.fastq.gz	fasp.sra.ebi.ac.uk:/vol1/fastq/SRR147/090/SRR14711490/SRR14711490_1.fastq.gz;fasp.sra.ebi.ac.uk:/vol1/fastq/SRR147/090/SRR14711490/SRR14711490_2.fastq.gz	ftp.sra.ebi.ac.uk/vol1/fastq/SRR147/090/SRR14711490/SRR14711490_1.fastq.gz;ftp.sra.ebi.ac.uk/vol1/fastq/SRR147/090/SRR14711490/SRR14711490_2.fastq.gz							C121		MIMARKS Survey related sample from metagenome		2022-01-09				GENERATED_FILE;GENERATED_FILE		
SRR14711468	PRJNA734525	SRP322348	SAMN19513507	SRS9117490	SRX11049459	SRA1239671	256318	metagenome	ILLUMINA	Illumina MiSeq	CK15		PAIRED	AMPLICON	METAGENOMIC	PCR	58588	33009334	SUB9594113	2022-01-09	2022-02-20	Illumina MiSeq sequencing: 16-Seq of homo sapiens gut microbiome	Gut microbiome profiles of Alzheimers disease patients with different cognitive states	PRJNA734525	CK15	ALZK15S34R1.fastq.gz	325;8718972;10822294	a6d8308c9fd426e3a7beb48576af1d82;134352c3dc55fe05ad0e21631b8c19ef;66232ded1b3d846cda091ecc77436f29	ftp.sra.ebi.ac.uk/vol1/fastq/SRR147/068/SRR14711468/SRR14711468.fastq.gz;ftp.sra.ebi.ac.uk/vol1/fastq/SRR147/068/SRR14711468/SRR14711468_1.fastq.gz;ftp.sra.ebi.ac.uk/vol1/fastq/SRR147/068/SRR14711468/SRR14711468_2.fastq.gz	fasp.sra.ebi.ac.uk:/vol1/fastq/SRR147/068/SRR14711468/SRR14711468.fastq.gz;fasp.sra.ebi.ac.uk:/vol1/fastq/SRR147/068/SRR14711468/SRR14711468_1.fastq.gz;fasp.sra.ebi.ac.uk:/vol1/fastq/SRR147/068/SRR14711468/SRR14711468_2.fastq.gz	ftp.sra.ebi.ac.uk/vol1/fastq/SRR147/068/SRR14711468/SRR14711468.fastq.gz;ftp.sra.ebi.ac.uk/vol1/fastq/SRR147/068/SRR14711468/SRR14711468_1.fastq.gz;ftp.sra.ebi.ac.uk/vol1/fastq/SRR147/068/SRR14711468/SRR14711468_2.fastq.gz							CK15		MIMARKS Survey related sample from metagenome		2022-01-09				GENERATED_FILE;GENERATED_FILE;GENERATED_FILE		
SRR14711462	PRJNA734525	SRP322348	SAMN19513513	SRS9117496	SRX11049465	SRA1239671	256318	metagenome	ILLUMINA	Illumina MiSeq	CK21		PAIRED	AMPLICON	METAGENOMIC	PCR	68123	38363651	SUB9594113	2022-01-09	2022-01-09	Illumina MiSeq sequencing: 16-Seq of homo sapiens gut microbiome	Gut microbiome profiles of Alzheimers disease patients with different cognitive states	PRJNA734525	CK21	ALZK21S94R1.fastq.gz	1017;9662431;11703352	772c814ccb514b2b7ca6cd6d8af20490;2c9cd6b913fbd1231d1685e5a1e943a8;db41b3753003cfe7a7b621830b61bf2c	ftp.sra.ebi.ac.uk/vol1/fastq/SRR147/062/SRR14711462/SRR14711462.fastq.gz;ftp.sra.ebi.ac.uk/vol1/fastq/SRR147/062/SRR14711462/SRR14711462_1.fastq.gz;ftp.sra.ebi.ac.uk/vol1/fastq/SRR147/062/SRR14711462/SRR14711462_2.fastq.gz	fasp.sra.ebi.ac.uk:/vol1/fastq/SRR147/062/SRR14711462/SRR14711462.fastq.gz;fasp.sra.ebi.ac.uk:/vol1/fastq/SRR147/062/SRR14711462/SRR14711462_1.fastq.gz;fasp.sra.ebi.ac.uk:/vol1/fastq/SRR147/062/SRR14711462/SRR14711462_2.fastq.gz	ftp.sra.ebi.ac.uk/vol1/fastq/SRR147/062/SRR14711462/SRR14711462.fastq.gz;ftp.sra.ebi.ac.uk/vol1/fastq/SRR147/062/SRR14711462/SRR14711462_1.fastq.gz;ftp.sra.ebi.ac.uk/vol1/fastq/SRR147/062/SRR14711462/SRR14711462_2.fastq.gz							CK21		MIMARKS Survey related sample from metagenome		2022-01-09				GENERATED_FILE;GENERATED_FILE;GENERATED_FILE		
SRR14711470	PRJNA734525	SRP322348	SAMN19513443	SRS9117488	SRX11049457	SRA1239671	256318	metagenome	ILLUMINA	Illumina MiSeq	AD143		PAIRED	AMPLICON	METAGENOMIC	PCR	34667	16107112	SUB9594113	2022-01-09	2022-01-09	Illumina MiSeq sequencing: 16-Seq of homo sapiens gut microbiome	Gut microbiome profiles of Alzheimers disease patients with different cognitive states	PRJNA734525	AD143	27S27R1.fastq.gz	3956897;5045671	f5404dcc9354697834688a010b7d015e;09939e243a926c89ea56f9a6b2cb05fd	ftp.sra.ebi.ac.uk/vol1/fastq/SRR147/070/SRR14711470/SRR14711470_1.fastq.gz;ftp.sra.ebi.ac.uk/vol1/fastq/SRR147/070/SRR14711470/SRR14711470_2.fastq.gz	fasp.sra.ebi.ac.uk:/vol1/fastq/SRR147/070/SRR14711470/SRR14711470_1.fastq.gz;fasp.sra.ebi.ac.uk:/vol1/fastq/SRR147/070/SRR14711470/SRR14711470_2.fastq.gz	ftp.sra.ebi.ac.uk/vol1/fastq/SRR147/070/SRR14711470/SRR14711470_1.fastq.gz;ftp.sra.ebi.ac.uk/vol1/fastq/SRR147/070/SRR14711470/SRR14711470_2.fastq.gz							AD143		MIMARKS Survey related sample from metagenome		2022-01-09				GENERATED_FILE;GENERATED_FILE		
SRR14711464	PRJNA734525	SRP322348	SAMN19513511	SRS9117494	SRX11049463	SRA1239671	256318	metagenome	ILLUMINA	Illumina MiSeq	CK2		PAIRED	AMPLICON	METAGENOMIC	PCR	95438	53766820	SUB9594113	2022-01-09	2022-02-20	Illumina MiSeq sequencing: 16-Seq of homo sapiens gut microbiome	Gut microbiome profiles of Alzheimers disease patients with different cognitive states	PRJNA734525	CK2	ALZK2S68R1.fastq.gz	961;14309052;16971058	bf37a2d0daa47edb643cfbba33afc721;8f74f35615aba93659e6afec4fa911f1;1848e44e1bff319459138d6792cadb0d	ftp.sra.ebi.ac.uk/vol1/fastq/SRR147/064/SRR14711464/SRR14711464.fastq.gz;ftp.sra.ebi.ac.uk/vol1/fastq/SRR147/064/SRR14711464/SRR14711464_1.fastq.gz;ftp.sra.ebi.ac.uk/vol1/fastq/SRR147/064/SRR14711464/SRR14711464_2.fastq.gz	fasp.sra.ebi.ac.uk:/vol1/fastq/SRR147/064/SRR14711464/SRR14711464.fastq.gz;fasp.sra.ebi.ac.uk:/vol1/fastq/SRR147/064/SRR14711464/SRR14711464_1.fastq.gz;fasp.sra.ebi.ac.uk:/vol1/fastq/SRR147/064/SRR14711464/SRR14711464_2.fastq.gz	ftp.sra.ebi.ac.uk/vol1/fastq/SRR147/064/SRR14711464/SRR14711464.fastq.gz;ftp.sra.ebi.ac.uk/vol1/fastq/SRR147/064/SRR14711464/SRR14711464_1.fastq.gz;ftp.sra.ebi.ac.uk/vol1/fastq/SRR147/064/SRR14711464/SRR14711464_2.fastq.gz							CK2		MIMARKS Survey related sample from metagenome		2022-01-09				GENERATED_FILE;GENERATED_FILE;GENERATED_FILE		
SRR14711495	PRJNA734525	SRP322348	SAMN19513483	SRS9117463	SRX11049432	SRA1239671	256318	metagenome	ILLUMINA	Illumina MiSeq	C106		PAIRED	AMPLICON	METAGENOMIC	PCR	116816	54259278	SUB9594113	2022-01-09	2022-02-20	Illumina MiSeq sequencing: 16-Seq of homo sapiens gut microbiome	Gut microbiome profiles of Alzheimers disease patients with different cognitive states	PRJNA734525	C106	5S5R1.fastq.gz	13696710;16985923	40e0e821042188f8984875f7f66cb012;6cb4709a90627a20aa10f8116c88708e	ftp.sra.ebi.ac.uk/vol1/fastq/SRR147/095/SRR14711495/SRR14711495_1.fastq.gz;ftp.sra.ebi.ac.uk/vol1/fastq/SRR147/095/SRR14711495/SRR14711495_2.fastq.gz	fasp.sra.ebi.ac.uk:/vol1/fastq/SRR147/095/SRR14711495/SRR14711495_1.fastq.gz;fasp.sra.ebi.ac.uk:/vol1/fastq/SRR147/095/SRR14711495/SRR14711495_2.fastq.gz	ftp.sra.ebi.ac.uk/vol1/fastq/SRR147/095/SRR14711495/SRR14711495_1.fastq.gz;ftp.sra.ebi.ac.uk/vol1/fastq/SRR147/095/SRR14711495/SRR14711495_2.fastq.gz							C106		MIMARKS Survey related sample from metagenome		2022-01-09				GENERATED_FILE;GENERATED_FILE		
SRR14711466	PRJNA734525	SRP322348	SAMN19513509	SRS9117492	SRX11049461	SRA1239671	256318	metagenome	ILLUMINA	Illumina MiSeq	CK17		PAIRED	AMPLICON	METAGENOMIC	PCR	60747	34223780	SUB9594113	2022-01-09	2022-01-09	Illumina MiSeq sequencing: 16-Seq of homo sapiens gut microbiome	Gut microbiome profiles of Alzheimers disease patients with different cognitive states	PRJNA734525	CK17	ALZK17S58R1.fastq.gz	505;8161834;10007722	f3cfca8cd3f168bd48f8f25edbb62435;fd079ad611ca5b9a6858953a925ce049;6f0685cb81c590977fd79488fac3e127	ftp.sra.ebi.ac.uk/vol1/fastq/SRR147/066/SRR14711466/SRR14711466.fastq.gz;ftp.sra.ebi.ac.uk/vol1/fastq/SRR147/066/SRR14711466/SRR14711466_1.fastq.gz;ftp.sra.ebi.ac.uk/vol1/fastq/SRR147/066/SRR14711466/SRR14711466_2.fastq.gz	fasp.sra.ebi.ac.uk:/vol1/fastq/SRR147/066/SRR14711466/SRR14711466.fastq.gz;fasp.sra.ebi.ac.uk:/vol1/fastq/SRR147/066/SRR14711466/SRR14711466_1.fastq.gz;fasp.sra.ebi.ac.uk:/vol1/fastq/SRR147/066/SRR14711466/SRR14711466_2.fastq.gz	ftp.sra.ebi.ac.uk/vol1/fastq/SRR147/066/SRR14711466/SRR14711466.fastq.gz;ftp.sra.ebi.ac.uk/vol1/fastq/SRR147/066/SRR14711466/SRR14711466_1.fastq.gz;ftp.sra.ebi.ac.uk/vol1/fastq/SRR147/066/SRR14711466/SRR14711466_2.fastq.gz							CK17		MIMARKS Survey related sample from metagenome		2022-01-09				GENERATED_FILE;GENERATED_FILE;GENERATED_FILE		
SRR14711474	PRJNA734525	SRP322348	SAMN19513502	SRS9117484	SRX11049453	SRA1239671	256318	metagenome	ILLUMINA	Illumina MiSeq	CK10		PAIRED	AMPLICON	METAGENOMIC	PCR	48437	27281132	SUB9594113	2022-01-09	2022-01-09	Illumina MiSeq sequencing: 16-Seq of homo sapiens gut microbiome	Gut microbiome profiles of Alzheimers disease patients with different cognitive states	PRJNA734525	CK10	ALZK10S69R1.fastq.gz	980;6620390;7956023	a8516a8fb073256b7e8034b9bd166855;766ca47d57cc0b599d161ff641f3e3f8;83f520597dc3df44ae5863cb71f3687c	ftp.sra.ebi.ac.uk/vol1/fastq/SRR147/074/SRR14711474/SRR14711474.fastq.gz;ftp.sra.ebi.ac.uk/vol1/fastq/SRR147/074/SRR14711474/SRR14711474_1.fastq.gz;ftp.sra.ebi.ac.uk/vol1/fastq/SRR147/074/SRR14711474/SRR14711474_2.fastq.gz	fasp.sra.ebi.ac.uk:/vol1/fastq/SRR147/074/SRR14711474/SRR14711474.fastq.gz;fasp.sra.ebi.ac.uk:/vol1/fastq/SRR147/074/SRR14711474/SRR14711474_1.fastq.gz;fasp.sra.ebi.ac.uk:/vol1/fastq/SRR147/074/SRR14711474/SRR14711474_2.fastq.gz	ftp.sra.ebi.ac.uk/vol1/fastq/SRR147/074/SRR14711474/SRR14711474.fastq.gz;ftp.sra.ebi.ac.uk/vol1/fastq/SRR147/074/SRR14711474/SRR14711474_1.fastq.gz;ftp.sra.ebi.ac.uk/vol1/fastq/SRR147/074/SRR14711474/SRR14711474_2.fastq.gz							CK10		MIMARKS Survey related sample from metagenome		2022-01-09				GENERATED_FILE;GENERATED_FILE;GENERATED_FILE		
SRR14711498	PRJNA734525	SRP322348	SAMN19513480	SRS9117460	SRX11049429	SRA1239671	256318	metagenome	ILLUMINA	Illumina MiSeq	ADH7		PAIRED	AMPLICON	METAGENOMIC	PCR	98119	55268525	SUB9594113	2022-01-09	2022-01-09	Illumina MiSeq sequencing: 16-Seq of homo sapiens gut microbiome	Gut microbiome profiles of Alzheimers disease patients with different cognitive states	PRJNA734525	ADH7	ALZH7S41R1.fastq.gz	287;13441097;16138705	fa1dbcfebd56d53ee0721cab41da86f1;90e215d68c92884c28bd0278928f864b;495e643fbacae0c537102bb2317c5409	ftp.sra.ebi.ac.uk/vol1/fastq/SRR147/098/SRR14711498/SRR14711498.fastq.gz;ftp.sra.ebi.ac.uk/vol1/fastq/SRR147/098/SRR14711498/SRR14711498_1.fastq.gz;ftp.sra.ebi.ac.uk/vol1/fastq/SRR147/098/SRR14711498/SRR14711498_2.fastq.gz	fasp.sra.ebi.ac.uk:/vol1/fastq/SRR147/098/SRR14711498/SRR14711498.fastq.gz;fasp.sra.ebi.ac.uk:/vol1/fastq/SRR147/098/SRR14711498/SRR14711498_1.fastq.gz;fasp.sra.ebi.ac.uk:/vol1/fastq/SRR147/098/SRR14711498/SRR14711498_2.fastq.gz	ftp.sra.ebi.ac.uk/vol1/fastq/SRR147/098/SRR14711498/SRR14711498.fastq.gz;ftp.sra.ebi.ac.uk/vol1/fastq/SRR147/098/SRR14711498/SRR14711498_1.fastq.gz;ftp.sra.ebi.ac.uk/vol1/fastq/SRR147/098/SRR14711498/SRR14711498_2.fastq.gz							ADH7		MIMARKS Survey related sample from metagenome		2022-01-09				GENERATED_FILE;GENERATED_FILE;GENERATED_FILE		
SRR14711472	PRJNA734525	SRP322348	SAMN19513504	SRS9117486	SRX11049455	SRA1239671	256318	metagenome	ILLUMINA	Illumina MiSeq	CK12		PAIRED	AMPLICON	METAGENOMIC	PCR	41195	23199970	SUB9594113	2022-01-09	2022-02-20	Illumina MiSeq sequencing: 16-Seq of homo sapiens gut microbiome	Gut microbiome profiles of Alzheimers disease patients with different cognitive states	PRJNA734525	CK12	ALZK12S93R1.fastq.gz	5437316;6467081	7d5e96926e9f93b98e56185e6d3a268b;e80ba6e8372161bd7b90573233203e28	ftp.sra.ebi.ac.uk/vol1/fastq/SRR147/072/SRR14711472/SRR14711472_1.fastq.gz;ftp.sra.ebi.ac.uk/vol1/fastq/SRR147/072/SRR14711472/SRR14711472_2.fastq.gz	fasp.sra.ebi.ac.uk:/vol1/fastq/SRR147/072/SRR14711472/SRR14711472_1.fastq.gz;fasp.sra.ebi.ac.uk:/vol1/fastq/SRR147/072/SRR14711472/SRR14711472_2.fastq.gz	ftp.sra.ebi.ac.uk/vol1/fastq/SRR147/072/SRR14711472/SRR14711472_1.fastq.gz;ftp.sra.ebi.ac.uk/vol1/fastq/SRR147/072/SRR14711472/SRR14711472_2.fastq.gz							CK12		MIMARKS Survey related sample from metagenome		2022-01-09				GENERATED_FILE;GENERATED_FILE		
SRR14711478	PRJNA734525	SRP322348	SAMN19513498	SRS9117480	SRX11049449	SRA1239671	256318	metagenome	ILLUMINA	Illumina MiSeq	C186		PAIRED	AMPLICON	METAGENOMIC	PCR	178055	82655145	SUB9594113	2022-01-09	2022-01-09	Illumina MiSeq sequencing: 16-Seq of homo sapiens gut microbiome	Gut microbiome profiles of Alzheimers disease patients with different cognitive states	PRJNA734525	C186	72S72R1.fastq.gz	21920041;25634736	3f99308960ee3cd7d1176ae5a362c0d5;5c6dd8b5dd28cbd30d6ec067bc3a5e95	ftp.sra.ebi.ac.uk/vol1/fastq/SRR147/078/SRR14711478/SRR14711478_1.fastq.gz;ftp.sra.ebi.ac.uk/vol1/fastq/SRR147/078/SRR14711478/SRR14711478_2.fastq.gz	fasp.sra.ebi.ac.uk:/vol1/fastq/SRR147/078/SRR14711478/SRR14711478_1.fastq.gz;fasp.sra.ebi.ac.uk:/vol1/fastq/SRR147/078/SRR14711478/SRR14711478_2.fastq.gz	ftp.sra.ebi.ac.uk/vol1/fastq/SRR147/078/SRR14711478/SRR14711478_1.fastq.gz;ftp.sra.ebi.ac.uk/vol1/fastq/SRR147/078/SRR14711478/SRR14711478_2.fastq.gz							C186		MIMARKS Survey related sample from metagenome		2022-01-09				GENERATED_FILE;GENERATED_FILE		
SRR14711502	PRJNA734525	SRP322348	SAMN19513476	SRS9117456	SRX11049425	SRA1239671	256318	metagenome	ILLUMINA	Illumina MiSeq	ADH30		PAIRED	AMPLICON	METAGENOMIC	PCR	60393	34020149	SUB9594113	2022-01-09	2022-01-09	Illumina MiSeq sequencing: 16-Seq of homo sapiens gut microbiome	Gut microbiome profiles of Alzheimers disease patients with different cognitive states	PRJNA734525	ADH30	ALZH30S32R1.fastq.gz	2120;8715680;10869907	455ee7a71f0446937abae0171c7a1505;4d5426bcc8ed7de88e8b6725f7f07c93;a32b3a3d0bacf4c4d9f2ae801014c0f0	ftp.sra.ebi.ac.uk/vol1/fastq/SRR147/002/SRR14711502/SRR14711502.fastq.gz;ftp.sra.ebi.ac.uk/vol1/fastq/SRR147/002/SRR14711502/SRR14711502_1.fastq.gz;ftp.sra.ebi.ac.uk/vol1/fastq/SRR147/002/SRR14711502/SRR14711502_2.fastq.gz	fasp.sra.ebi.ac.uk:/vol1/fastq/SRR147/002/SRR14711502/SRR14711502.fastq.gz;fasp.sra.ebi.ac.uk:/vol1/fastq/SRR147/002/SRR14711502/SRR14711502_1.fastq.gz;fasp.sra.ebi.ac.uk:/vol1/fastq/SRR147/002/SRR14711502/SRR14711502_2.fastq.gz	ftp.sra.ebi.ac.uk/vol1/fastq/SRR147/002/SRR14711502/SRR14711502.fastq.gz;ftp.sra.ebi.ac.uk/vol1/fastq/SRR147/002/SRR14711502/SRR14711502_1.fastq.gz;ftp.sra.ebi.ac.uk/vol1/fastq/SRR147/002/SRR14711502/SRR14711502_2.fastq.gz							ADH30		MIMARKS Survey related sample from metagenome		2022-01-09				GENERATED_FILE;GENERATED_FILE;GENERATED_FILE		
SRR14711473	PRJNA734525	SRP322348	SAMN19513503	SRS9117485	SRX11049454	SRA1239671	256318	metagenome	ILLUMINA	Illumina MiSeq	CK11		PAIRED	AMPLICON	METAGENOMIC	PCR	59470	33509591	SUB9594113	2022-01-09	2022-01-09	Illumina MiSeq sequencing: 16-Seq of homo sapiens gut microbiome	Gut microbiome profiles of Alzheimers disease patients with different cognitive states	PRJNA734525	CK11	ALZK11S81R1.fastq.gz	8403981;9367369	0a3962cc530e1941cb89fc7a823c7f3b;b32fdd353f672a559bb0263ea8f47c15	ftp.sra.ebi.ac.uk/vol1/fastq/SRR147/073/SRR14711473/SRR14711473_1.fastq.gz;ftp.sra.ebi.ac.uk/vol1/fastq/SRR147/073/SRR14711473/SRR14711473_2.fastq.gz	fasp.sra.ebi.ac.uk:/vol1/fastq/SRR147/073/SRR14711473/SRR14711473_1.fastq.gz;fasp.sra.ebi.ac.uk:/vol1/fastq/SRR147/073/SRR14711473/SRR14711473_2.fastq.gz	ftp.sra.ebi.ac.uk/vol1/fastq/SRR147/073/SRR14711473/SRR14711473_1.fastq.gz;ftp.sra.ebi.ac.uk/vol1/fastq/SRR147/073/SRR14711473/SRR14711473_2.fastq.gz							CK11		MIMARKS Survey related sample from metagenome		2022-01-09				GENERATED_FILE;GENERATED_FILE		
SRR14711480	PRJNA734525	SRP322348	SAMN19513496	SRS9117478	SRX11049447	SRA1239671	256318	metagenome	ILLUMINA	Illumina MiSeq	C179		PAIRED	AMPLICON	METAGENOMIC	PCR	191202	88710605	SUB9594113	2022-01-09	2022-02-20	Illumina MiSeq sequencing: 16-Seq of homo sapiens gut microbiome	Gut microbiome profiles of Alzheimers disease patients with different cognitive states	PRJNA734525	C179	67S67R1.fastq.gz	23848359;26046251	6c139a6e73f9f3a1d0cdce056641e553;1b8a5356e2890a9568611133e9a1d363	ftp.sra.ebi.ac.uk/vol1/fastq/SRR147/080/SRR14711480/SRR14711480_1.fastq.gz;ftp.sra.ebi.ac.uk/vol1/fastq/SRR147/080/SRR14711480/SRR14711480_2.fastq.gz	fasp.sra.ebi.ac.uk:/vol1/fastq/SRR147/080/SRR14711480/SRR14711480_1.fastq.gz;fasp.sra.ebi.ac.uk:/vol1/fastq/SRR147/080/SRR14711480/SRR14711480_2.fastq.gz	ftp.sra.ebi.ac.uk/vol1/fastq/SRR147/080/SRR14711480/SRR14711480_1.fastq.gz;ftp.sra.ebi.ac.uk/vol1/fastq/SRR147/080/SRR14711480/SRR14711480_2.fastq.gz							C179		MIMARKS Survey related sample from metagenome		2022-01-09				GENERATED_FILE;GENERATED_FILE		
SRR14711504	PRJNA734525	SRP322348	SAMN19513475	SRS9117454	SRX11049423	SRA1239671	256318	metagenome	ILLUMINA	Illumina MiSeq	ADH3		PAIRED	AMPLICON	METAGENOMIC	PCR	93686	52756776	SUB9594113	2022-01-09	2022-01-09	Illumina MiSeq sequencing: 16-Seq of homo sapiens gut microbiome	Gut microbiome profiles of Alzheimers disease patients with different cognitive states	PRJNA734525	ADH3	ALZH3S88R1.fastq.gz	555;13668235;15994509	d5d3b65917a8a77fd497c4e085d45c3e;27136644cbdf40ce62e02d9608843f27;d864c345f4becaaa1d39f4247f56ee99	ftp.sra.ebi.ac.uk/vol1/fastq/SRR147/004/SRR14711504/SRR14711504.fastq.gz;ftp.sra.ebi.ac.uk/vol1/fastq/SRR147/004/SRR14711504/SRR14711504_1.fastq.gz;ftp.sra.ebi.ac.uk/vol1/fastq/SRR147/004/SRR14711504/SRR14711504_2.fastq.gz	fasp.sra.ebi.ac.uk:/vol1/fastq/SRR147/004/SRR14711504/SRR14711504.fastq.gz;fasp.sra.ebi.ac.uk:/vol1/fastq/SRR147/004/SRR14711504/SRR14711504_1.fastq.gz;fasp.sra.ebi.ac.uk:/vol1/fastq/SRR147/004/SRR14711504/SRR14711504_2.fastq.gz	ftp.sra.ebi.ac.uk/vol1/fastq/SRR147/004/SRR14711504/SRR14711504.fastq.gz;ftp.sra.ebi.ac.uk/vol1/fastq/SRR147/004/SRR14711504/SRR14711504_1.fastq.gz;ftp.sra.ebi.ac.uk/vol1/fastq/SRR147/004/SRR14711504/SRR14711504_2.fastq.gz							ADH3		MIMARKS Survey related sample from metagenome		2022-01-09				GENERATED_FILE;GENERATED_FILE;GENERATED_FILE		
SRR14711481	PRJNA734525	SRP322348	SAMN19513442	SRS9117477	SRX11049446	SRA1239671	256318	metagenome	ILLUMINA	Illumina MiSeq	AD139		PAIRED	AMPLICON	METAGENOMIC	PCR	138416	64294514	SUB9594113	2022-01-09	2022-01-09	Illumina MiSeq sequencing: 16-Seq of homo sapiens gut microbiome	Gut microbiome profiles of Alzheimers disease patients with different cognitive states	PRJNA734525	AD139	55S55R1.fastq.gz	16956440;19337658	439c669f0a53e2a9d0313f8d741ce874;13adb22950528aace6449ec82aaebff0	ftp.sra.ebi.ac.uk/vol1/fastq/SRR147/081/SRR14711481/SRR14711481_1.fastq.gz;ftp.sra.ebi.ac.uk/vol1/fastq/SRR147/081/SRR14711481/SRR14711481_2.fastq.gz	fasp.sra.ebi.ac.uk:/vol1/fastq/SRR147/081/SRR14711481/SRR14711481_1.fastq.gz;fasp.sra.ebi.ac.uk:/vol1/fastq/SRR147/081/SRR14711481/SRR14711481_2.fastq.gz	ftp.sra.ebi.ac.uk/vol1/fastq/SRR147/081/SRR14711481/SRR14711481_1.fastq.gz;ftp.sra.ebi.ac.uk/vol1/fastq/SRR147/081/SRR14711481/SRR14711481_2.fastq.gz							AD139		MIMARKS Survey related sample from metagenome		2022-01-09				GENERATED_FILE;GENERATED_FILE		
SRR14711476	PRJNA734525	SRP322348	SAMN19513500	SRS9117482	SRX11049451	SRA1239671	256318	metagenome	ILLUMINA	Illumina MiSeq	C190		PAIRED	AMPLICON	METAGENOMIC	PCR	129310	60028713	SUB9594113	2022-01-09	2022-01-09	Illumina MiSeq sequencing: 16-Seq of homo sapiens gut microbiome	Gut microbiome profiles of Alzheimers disease patients with different cognitive states	PRJNA734525	C190	79S79R1.fastq.gz	15802670;17873157	ccd5882ea29080836a22536f610b2590;ca14b036e2fbd1ed3d9c34d781f6ac35	ftp.sra.ebi.ac.uk/vol1/fastq/SRR147/076/SRR14711476/SRR14711476_1.fastq.gz;ftp.sra.ebi.ac.uk/vol1/fastq/SRR147/076/SRR14711476/SRR14711476_2.fastq.gz	fasp.sra.ebi.ac.uk:/vol1/fastq/SRR147/076/SRR14711476/SRR14711476_1.fastq.gz;fasp.sra.ebi.ac.uk:/vol1/fastq/SRR147/076/SRR14711476/SRR14711476_2.fastq.gz	ftp.sra.ebi.ac.uk/vol1/fastq/SRR147/076/SRR14711476/SRR14711476_1.fastq.gz;ftp.sra.ebi.ac.uk/vol1/fastq/SRR147/076/SRR14711476/SRR14711476_2.fastq.gz							C190		MIMARKS Survey related sample from metagenome		2022-01-09				GENERATED_FILE;GENERATED_FILE		
SRR14711505	PRJNA734525	SRP322348	SAMN19513474	SRS9117453	SRX11049422	SRA1239671	256318	metagenome	ILLUMINA	Illumina MiSeq	ADH29		PAIRED	AMPLICON	METAGENOMIC	PCR	83517	47056259	SUB9594113	2022-01-09	2022-01-09	Illumina MiSeq sequencing: 16-Seq of homo sapiens gut microbiome	Gut microbiome profiles of Alzheimers disease patients with different cognitive states	PRJNA734525	ADH29	ALZH29S20R1.fastq.gz	11161606;13716951	662e02ba18b73ac7fcc9d4b58b7e8d49;6dea260719209089bbabf68846c1a419	ftp.sra.ebi.ac.uk/vol1/fastq/SRR147/005/SRR14711505/SRR14711505_1.fastq.gz;ftp.sra.ebi.ac.uk/vol1/fastq/SRR147/005/SRR14711505/SRR14711505_2.fastq.gz	fasp.sra.ebi.ac.uk:/vol1/fastq/SRR147/005/SRR14711505/SRR14711505_1.fastq.gz;fasp.sra.ebi.ac.uk:/vol1/fastq/SRR147/005/SRR14711505/SRR14711505_2.fastq.gz	ftp.sra.ebi.ac.uk/vol1/fastq/SRR147/005/SRR14711505/SRR14711505_1.fastq.gz;ftp.sra.ebi.ac.uk/vol1/fastq/SRR147/005/SRR14711505/SRR14711505_2.fastq.gz							ADH29		MIMARKS Survey related sample from metagenome		2022-01-09				GENERATED_FILE;GENERATED_FILE		
SRR14711477	PRJNA734525	SRP322348	SAMN19513499	SRS9117481	SRX11049450	SRA1239671	256318	metagenome	ILLUMINA	Illumina MiSeq	C187		PAIRED	AMPLICON	METAGENOMIC	PCR	41130	19095156	SUB9594113	2022-01-09	2022-01-09	Illumina MiSeq sequencing: 16-Seq of homo sapiens gut microbiome	Gut microbiome profiles of Alzheimers disease patients with different cognitive states	PRJNA734525	C187	76S76R1.fastq.gz	6025046;7198004	dd559b34f8fb2d63b2b283b606318484;f8de0609c4a12acbc4f2bacc70df4540	ftp.sra.ebi.ac.uk/vol1/fastq/SRR147/077/SRR14711477/SRR14711477_1.fastq.gz;ftp.sra.ebi.ac.uk/vol1/fastq/SRR147/077/SRR14711477/SRR14711477_2.fastq.gz	fasp.sra.ebi.ac.uk:/vol1/fastq/SRR147/077/SRR14711477/SRR14711477_1.fastq.gz;fasp.sra.ebi.ac.uk:/vol1/fastq/SRR147/077/SRR14711477/SRR14711477_2.fastq.gz	ftp.sra.ebi.ac.uk/vol1/fastq/SRR147/077/SRR14711477/SRR14711477_1.fastq.gz;ftp.sra.ebi.ac.uk/vol1/fastq/SRR147/077/SRR14711477/SRR14711477_2.fastq.gz							C187		MIMARKS Survey related sample from metagenome		2022-01-09				GENERATED_FILE;GENERATED_FILE		
SRR14711484	PRJNA734525	SRP322348	SAMN19513493	SRS9117474	SRX11049443	SRA1239671	256318	metagenome	ILLUMINA	Illumina MiSeq	C167		PAIRED	AMPLICON	METAGENOMIC	PCR	202459	94049950	SUB9594113	2022-01-09	2022-01-09	Illumina MiSeq sequencing: 16-Seq of homo sapiens gut microbiome	Gut microbiome profiles of Alzheimers disease patients with different cognitive states	PRJNA734525	C167	56S56R1.fastq.gz	24408784;29544443	b0e84c2790f5e01a959fc8ab2b1d333a;0f70ba7ff8786f7ac2e987d36cfdddf1	ftp.sra.ebi.ac.uk/vol1/fastq/SRR147/084/SRR14711484/SRR14711484_1.fastq.gz;ftp.sra.ebi.ac.uk/vol1/fastq/SRR147/084/SRR14711484/SRR14711484_2.fastq.gz	fasp.sra.ebi.ac.uk:/vol1/fastq/SRR147/084/SRR14711484/SRR14711484_1.fastq.gz;fasp.sra.ebi.ac.uk:/vol1/fastq/SRR147/084/SRR14711484/SRR14711484_2.fastq.gz	ftp.sra.ebi.ac.uk/vol1/fastq/SRR147/084/SRR14711484/SRR14711484_1.fastq.gz;ftp.sra.ebi.ac.uk/vol1/fastq/SRR147/084/SRR14711484/SRR14711484_2.fastq.gz							C167		MIMARKS Survey related sample from metagenome		2022-01-09				GENERATED_FILE;GENERATED_FILE		
SRR14711506	PRJNA734525	SRP322348	SAMN19513473	SRS9117452	SRX11049421	SRA1239671	256318	metagenome	ILLUMINA	Illumina MiSeq	ADH28		PAIRED	AMPLICON	METAGENOMIC	PCR	74234	41820910	SUB9594113	2022-01-09	2022-01-09	Illumina MiSeq sequencing: 16-Seq of homo sapiens gut microbiome	Gut microbiome profiles of Alzheimers disease patients with different cognitive states	PRJNA734525	ADH28	ALZH28S8R1.fastq.gz	324;11787468;13041025	f69e263be484ddc47539425bd9c7ea9b;da17c98f2a90939f1d2f331dafff3684;128127b0303e2c84ff25a0f9c5670737	ftp.sra.ebi.ac.uk/vol1/fastq/SRR147/006/SRR14711506/SRR14711506.fastq.gz;ftp.sra.ebi.ac.uk/vol1/fastq/SRR147/006/SRR14711506/SRR14711506_1.fastq.gz;ftp.sra.ebi.ac.uk/vol1/fastq/SRR147/006/SRR14711506/SRR14711506_2.fastq.gz	fasp.sra.ebi.ac.uk:/vol1/fastq/SRR147/006/SRR14711506/SRR14711506.fastq.gz;fasp.sra.ebi.ac.uk:/vol1/fastq/SRR147/006/SRR14711506/SRR14711506_1.fastq.gz;fasp.sra.ebi.ac.uk:/vol1/fastq/SRR147/006/SRR14711506/SRR14711506_2.fastq.gz	ftp.sra.ebi.ac.uk/vol1/fastq/SRR147/006/SRR14711506/SRR14711506.fastq.gz;ftp.sra.ebi.ac.uk/vol1/fastq/SRR147/006/SRR14711506/SRR14711506_1.fastq.gz;ftp.sra.ebi.ac.uk/vol1/fastq/SRR147/006/SRR14711506/SRR14711506_2.fastq.gz							ADH28		MIMARKS Survey related sample from metagenome		2022-01-09				GENERATED_FILE;GENERATED_FILE;GENERATED_FILE		
SRR14711485	PRJNA734525	SRP322348	SAMN19513492	SRS9117473	SRX11049442	SRA1239671	256318	metagenome	ILLUMINA	Illumina MiSeq	C165		PAIRED	AMPLICON	METAGENOMIC	PCR	169453	78691396	SUB9594113	2022-01-09	2022-02-20	Illumina MiSeq sequencing: 16-Seq of homo sapiens gut microbiome	Gut microbiome profiles of Alzheimers disease patients with different cognitive states	PRJNA734525	C165	48S48R1.fastq.gz	20461017;26745984	798831c8fd897f01d23defafd9255b71;a0ead8975200b11de3f1390d771f335f	ftp.sra.ebi.ac.uk/vol1/fastq/SRR147/085/SRR14711485/SRR14711485_1.fastq.gz;ftp.sra.ebi.ac.uk/vol1/fastq/SRR147/085/SRR14711485/SRR14711485_2.fastq.gz	fasp.sra.ebi.ac.uk:/vol1/fastq/SRR147/085/SRR14711485/SRR14711485_1.fastq.gz;fasp.sra.ebi.ac.uk:/vol1/fastq/SRR147/085/SRR14711485/SRR14711485_2.fastq.gz	ftp.sra.ebi.ac.uk/vol1/fastq/SRR147/085/SRR14711485/SRR14711485_1.fastq.gz;ftp.sra.ebi.ac.uk/vol1/fastq/SRR147/085/SRR14711485/SRR14711485_2.fastq.gz							C165		MIMARKS Survey related sample from metagenome		2022-01-09				GENERATED_FILE;GENERATED_FILE		
SRR14711493	PRJNA734525	SRP322348	SAMN19513485	SRS9117465	SRX11049434	SRA1239671	256318	metagenome	ILLUMINA	Illumina MiSeq	C112		PAIRED	AMPLICON	METAGENOMIC	PCR	29734	13812523	SUB9594113	2022-01-09	2022-02-20	Illumina MiSeq sequencing: 16-Seq of homo sapiens gut microbiome	Gut microbiome profiles of Alzheimers disease patients with different cognitive states	PRJNA734525	C112	9S9R1.fastq.gz	3521278;4292993	a71faa3edc2aba8dc2077a6a090ae198;457fed2fc1886c382f34b92d645e6265	ftp.sra.ebi.ac.uk/vol1/fastq/SRR147/093/SRR14711493/SRR14711493_1.fastq.gz;ftp.sra.ebi.ac.uk/vol1/fastq/SRR147/093/SRR14711493/SRR14711493_2.fastq.gz	fasp.sra.ebi.ac.uk:/vol1/fastq/SRR147/093/SRR14711493/SRR14711493_1.fastq.gz;fasp.sra.ebi.ac.uk:/vol1/fastq/SRR147/093/SRR14711493/SRR14711493_2.fastq.gz	ftp.sra.ebi.ac.uk/vol1/fastq/SRR147/093/SRR14711493/SRR14711493_1.fastq.gz;ftp.sra.ebi.ac.uk/vol1/fastq/SRR147/093/SRR14711493/SRR14711493_2.fastq.gz							C112		MIMARKS Survey related sample from metagenome		2022-01-09				GENERATED_FILE;GENERATED_FILE		
SRR14711510	PRJNA734525	SRP322348	SAMN19513469	SRS9117448	SRX11049417	SRA1239671	256318	metagenome	ILLUMINA	Illumina MiSeq	ADH24		PAIRED	AMPLICON	METAGENOMIC	PCR	116372	65458326	SUB9594113	2022-01-09	2022-01-09	Illumina MiSeq sequencing: 16-Seq of homo sapiens gut microbiome	Gut microbiome profiles of Alzheimers disease patients with different cognitive states	PRJNA734525	ADH24	ALZH24S55R1.fastq.gz	967;16624301;19602231	1ea7e23aca7902fc31c2cbdf5ad22ad9;111154868ab0cb89863211d2cf2b45db;5251ca3c76e06e00a2aa18095ee0b934	ftp.sra.ebi.ac.uk/vol1/fastq/SRR147/010/SRR14711510/SRR14711510.fastq.gz;ftp.sra.ebi.ac.uk/vol1/fastq/SRR147/010/SRR14711510/SRR14711510_1.fastq.gz;ftp.sra.ebi.ac.uk/vol1/fastq/SRR147/010/SRR14711510/SRR14711510_2.fastq.gz	fasp.sra.ebi.ac.uk:/vol1/fastq/SRR147/010/SRR14711510/SRR14711510.fastq.gz;fasp.sra.ebi.ac.uk:/vol1/fastq/SRR147/010/SRR14711510/SRR14711510_1.fastq.gz;fasp.sra.ebi.ac.uk:/vol1/fastq/SRR147/010/SRR14711510/SRR14711510_2.fastq.gz	ftp.sra.ebi.ac.uk/vol1/fastq/SRR147/010/SRR14711510/SRR14711510.fastq.gz;ftp.sra.ebi.ac.uk/vol1/fastq/SRR147/010/SRR14711510/SRR14711510_1.fastq.gz;ftp.sra.ebi.ac.uk/vol1/fastq/SRR147/010/SRR14711510/SRR14711510_2.fastq.gz							ADH24		MIMARKS Survey related sample from metagenome		2022-01-09				GENERATED_FILE;GENERATED_FILE;GENERATED_FILE		
SRR14711486	PRJNA734525	SRP322348	SAMN19513491	SRS9117472	SRX11049441	SRA1239671	256318	metagenome	ILLUMINA	Illumina MiSeq	C159		PAIRED	AMPLICON	METAGENOMIC	PCR	44288	20565212	SUB9594113	2022-01-09	2022-01-09	Illumina MiSeq sequencing: 16-Seq of homo sapiens gut microbiome	Gut microbiome profiles of Alzheimers disease patients with different cognitive states	PRJNA734525	C159	42S42R1.fastq.gz	5479901;6900453	101994f53bb5f7237dbb443e3f5c7387;07b5eab4c93029a4968d21a63a30440f	ftp.sra.ebi.ac.uk/vol1/fastq/SRR147/086/SRR14711486/SRR14711486_1.fastq.gz;ftp.sra.ebi.ac.uk/vol1/fastq/SRR147/086/SRR14711486/SRR14711486_2.fastq.gz	fasp.sra.ebi.ac.uk:/vol1/fastq/SRR147/086/SRR14711486/SRR14711486_1.fastq.gz;fasp.sra.ebi.ac.uk:/vol1/fastq/SRR147/086/SRR14711486/SRR14711486_2.fastq.gz	ftp.sra.ebi.ac.uk/vol1/fastq/SRR147/086/SRR14711486/SRR14711486_1.fastq.gz;ftp.sra.ebi.ac.uk/vol1/fastq/SRR147/086/SRR14711486/SRR14711486_2.fastq.gz							C159		MIMARKS Survey related sample from metagenome		2022-01-09				GENERATED_FILE;GENERATED_FILE		
SRR14711494	PRJNA734525	SRP322348	SAMN19513484	SRS9117464	SRX11049433	SRA1239671	256318	metagenome	ILLUMINA	Illumina MiSeq	C108		PAIRED	AMPLICON	METAGENOMIC	PCR	66633	30948969	SUB9594113	2022-01-09	2022-01-09	Illumina MiSeq sequencing: 16-Seq of homo sapiens gut microbiome	Gut microbiome profiles of Alzheimers disease patients with different cognitive states	PRJNA734525	C108	73S73R1.fastq.gz	7870856;9334453	3b57252146318e5828a68c3d2d2bea72;12ac0ea1e51ceb8fdd3a78feadf074f0	ftp.sra.ebi.ac.uk/vol1/fastq/SRR147/094/SRR14711494/SRR14711494_1.fastq.gz;ftp.sra.ebi.ac.uk/vol1/fastq/SRR147/094/SRR14711494/SRR14711494_2.fastq.gz	fasp.sra.ebi.ac.uk:/vol1/fastq/SRR147/094/SRR14711494/SRR14711494_1.fastq.gz;fasp.sra.ebi.ac.uk:/vol1/fastq/SRR147/094/SRR14711494/SRR14711494_2.fastq.gz	ftp.sra.ebi.ac.uk/vol1/fastq/SRR147/094/SRR14711494/SRR14711494_1.fastq.gz;ftp.sra.ebi.ac.uk/vol1/fastq/SRR147/094/SRR14711494/SRR14711494_2.fastq.gz							C108		MIMARKS Survey related sample from metagenome		2022-01-09				GENERATED_FILE;GENERATED_FILE		
SRR14711499	PRJNA734525	SRP322348	SAMN19513479	SRS9117459	SRX11049428	SRA1239671	256318	metagenome	ILLUMINA	Illumina MiSeq	ADH6		PAIRED	AMPLICON	METAGENOMIC	PCR	56843	32029157	SUB9594113	2022-01-09	2022-01-09	Illumina MiSeq sequencing: 16-Seq of homo sapiens gut microbiome	Gut microbiome profiles of Alzheimers disease patients with different cognitive states	PRJNA734525	ADH6	ALZH6S29R1.fastq.gz	7829387;9616601	8ff952d3ef80d77a48fea3cf0ec7d0bc;528b1125c502024bdf62354b3fd2be70	ftp.sra.ebi.ac.uk/vol1/fastq/SRR147/099/SRR14711499/SRR14711499_1.fastq.gz;ftp.sra.ebi.ac.uk/vol1/fastq/SRR147/099/SRR14711499/SRR14711499_2.fastq.gz	fasp.sra.ebi.ac.uk:/vol1/fastq/SRR147/099/SRR14711499/SRR14711499_1.fastq.gz;fasp.sra.ebi.ac.uk:/vol1/fastq/SRR147/099/SRR14711499/SRR14711499_2.fastq.gz	ftp.sra.ebi.ac.uk/vol1/fastq/SRR147/099/SRR14711499/SRR14711499_1.fastq.gz;ftp.sra.ebi.ac.uk/vol1/fastq/SRR147/099/SRR14711499/SRR14711499_2.fastq.gz							ADH6		MIMARKS Survey related sample from metagenome		2022-01-09				GENERATED_FILE;GENERATED_FILE		
SRR14711487	PRJNA734525	SRP322348	SAMN19513490	SRS9117471	SRX11049440	SRA1239671	256318	metagenome	ILLUMINA	Illumina MiSeq	C153		PAIRED	AMPLICON	METAGENOMIC	PCR	156068	72452514	SUB9594113	2022-01-09	2022-02-20	Illumina MiSeq sequencing: 16-Seq of homo sapiens gut microbiome	Gut microbiome profiles of Alzheimers disease patients with different cognitive states	PRJNA734525	C153	36S36R1.fastq.gz	19043534;23296724	1514e5ec5297cafedef080e7de7fbe4a;3a655d4aa9759cb72f476af9cd619b8b	ftp.sra.ebi.ac.uk/vol1/fastq/SRR147/087/SRR14711487/SRR14711487_1.fastq.gz;ftp.sra.ebi.ac.uk/vol1/fastq/SRR147/087/SRR14711487/SRR14711487_2.fastq.gz	fasp.sra.ebi.ac.uk:/vol1/fastq/SRR147/087/SRR14711487/SRR14711487_1.fastq.gz;fasp.sra.ebi.ac.uk:/vol1/fastq/SRR147/087/SRR14711487/SRR14711487_2.fastq.gz	ftp.sra.ebi.ac.uk/vol1/fastq/SRR147/087/SRR14711487/SRR14711487_1.fastq.gz;ftp.sra.ebi.ac.uk/vol1/fastq/SRR147/087/SRR14711487/SRR14711487_2.fastq.gz							C153		MIMARKS Survey related sample from metagenome		2022-01-09				GENERATED_FILE;GENERATED_FILE		
SRR14711511	PRJNA734525	SRP322348	SAMN19513468	SRS9117447	SRX11049416	SRA1239671	256318	metagenome	ILLUMINA	Illumina MiSeq	ADH23		PAIRED	AMPLICON	METAGENOMIC	PCR	104891	59057148	SUB9594113	2022-01-09	2022-01-09	Illumina MiSeq sequencing: 16-Seq of homo sapiens gut microbiome	Gut microbiome profiles of Alzheimers disease patients with different cognitive states	PRJNA734525	ADH23	ALZH23S43R1.fastq.gz	1229;15307628;17534045	47d2823b5a715cc2bf7a7f70cb0af7d9;98d36fd8347139bf098ad99f8f12a3c8;c2791dc269bbf813125ed322097d0760	ftp.sra.ebi.ac.uk/vol1/fastq/SRR147/011/SRR14711511/SRR14711511.fastq.gz;ftp.sra.ebi.ac.uk/vol1/fastq/SRR147/011/SRR14711511/SRR14711511_1.fastq.gz;ftp.sra.ebi.ac.uk/vol1/fastq/SRR147/011/SRR14711511/SRR14711511_2.fastq.gz	fasp.sra.ebi.ac.uk:/vol1/fastq/SRR147/011/SRR14711511/SRR14711511.fastq.gz;fasp.sra.ebi.ac.uk:/vol1/fastq/SRR147/011/SRR14711511/SRR14711511_1.fastq.gz;fasp.sra.ebi.ac.uk:/vol1/fastq/SRR147/011/SRR14711511/SRR14711511_2.fastq.gz	ftp.sra.ebi.ac.uk/vol1/fastq/SRR147/011/SRR14711511/SRR14711511.fastq.gz;ftp.sra.ebi.ac.uk/vol1/fastq/SRR147/011/SRR14711511/SRR14711511_1.fastq.gz;ftp.sra.ebi.ac.uk/vol1/fastq/SRR147/011/SRR14711511/SRR14711511_2.fastq.gz							ADH23		MIMARKS Survey related sample from metagenome		2022-01-09				GENERATED_FILE;GENERATED_FILE;GENERATED_FILE		
SRR14711503	PRJNA734525	SRP322348	SAMN19513440	SRS9117455	SRX11049424	SRA1239671	256318	metagenome	ILLUMINA	Illumina MiSeq	AD133		PAIRED	AMPLICON	METAGENOMIC	PCR	153437	71232394	SUB9594113	2022-01-09	2022-01-09	Illumina MiSeq sequencing: 16-Seq of homo sapiens gut microbiome	Gut microbiome profiles of Alzheimers disease patients with different cognitive states	PRJNA734525	AD133	51S51R1.fastq.gz	18658951;23448489	5c7473930be08ba5f5b04e2b09235634;a31d1c20ad97b6650220689a2e7172ec	ftp.sra.ebi.ac.uk/vol1/fastq/SRR147/003/SRR14711503/SRR14711503_1.fastq.gz;ftp.sra.ebi.ac.uk/vol1/fastq/SRR147/003/SRR14711503/SRR14711503_2.fastq.gz	fasp.sra.ebi.ac.uk:/vol1/fastq/SRR147/003/SRR14711503/SRR14711503_1.fastq.gz;fasp.sra.ebi.ac.uk:/vol1/fastq/SRR147/003/SRR14711503/SRR14711503_2.fastq.gz	ftp.sra.ebi.ac.uk/vol1/fastq/SRR147/003/SRR14711503/SRR14711503_1.fastq.gz;ftp.sra.ebi.ac.uk/vol1/fastq/SRR147/003/SRR14711503/SRR14711503_2.fastq.gz							AD133		MIMARKS Survey related sample from metagenome		2022-01-09				GENERATED_FILE;GENERATED_FILE		
SRR14711488	PRJNA734525	SRP322348	SAMN19513489	SRS9117470	SRX11049439	SRA1239671	256318	metagenome	ILLUMINA	Illumina MiSeq	C147		PAIRED	AMPLICON	METAGENOMIC	PCR	151100	70168538	SUB9594113	2022-01-09	2022-01-09	Illumina MiSeq sequencing: 16-Seq of homo sapiens gut microbiome	Gut microbiome profiles of Alzheimers disease patients with different cognitive states	PRJNA734525	C147	31S31R1.fastq.gz	18229106;20922118	210c19dae290cc6894a426d909c5e7cc;2b6886145662d2b38816351715356d70	ftp.sra.ebi.ac.uk/vol1/fastq/SRR147/088/SRR14711488/SRR14711488_1.fastq.gz;ftp.sra.ebi.ac.uk/vol1/fastq/SRR147/088/SRR14711488/SRR14711488_2.fastq.gz	fasp.sra.ebi.ac.uk:/vol1/fastq/SRR147/088/SRR14711488/SRR14711488_1.fastq.gz;fasp.sra.ebi.ac.uk:/vol1/fastq/SRR147/088/SRR14711488/SRR14711488_2.fastq.gz	ftp.sra.ebi.ac.uk/vol1/fastq/SRR147/088/SRR14711488/SRR14711488_1.fastq.gz;ftp.sra.ebi.ac.uk/vol1/fastq/SRR147/088/SRR14711488/SRR14711488_2.fastq.gz							C147		MIMARKS Survey related sample from metagenome		2022-01-09				GENERATED_FILE;GENERATED_FILE		
SRR14711512	PRJNA734525	SRP322348	SAMN19513467	SRS9117446	SRX11049415	SRA1239671	256318	metagenome	ILLUMINA	Illumina MiSeq	ADH22		PAIRED	AMPLICON	METAGENOMIC	PCR	62763	35341673	SUB9594113	2022-01-09	2022-02-20	Illumina MiSeq sequencing: 16-Seq of homo sapiens gut microbiome	Gut microbiome profiles of Alzheimers disease patients with different cognitive states	PRJNA734525	ADH22	ALZH22S31R1.fastq.gz	8839689;10784953	034260cbdec2bd0258b8cb794f39cf6b;5b99ea9b841785f6e3273eb5d519b876	ftp.sra.ebi.ac.uk/vol1/fastq/SRR147/012/SRR14711512/SRR14711512_1.fastq.gz;ftp.sra.ebi.ac.uk/vol1/fastq/SRR147/012/SRR14711512/SRR14711512_2.fastq.gz	fasp.sra.ebi.ac.uk:/vol1/fastq/SRR147/012/SRR14711512/SRR14711512_1.fastq.gz;fasp.sra.ebi.ac.uk:/vol1/fastq/SRR147/012/SRR14711512/SRR14711512_2.fastq.gz	ftp.sra.ebi.ac.uk/vol1/fastq/SRR147/012/SRR14711512/SRR14711512_1.fastq.gz;ftp.sra.ebi.ac.uk/vol1/fastq/SRR147/012/SRR14711512/SRR14711512_2.fastq.gz							ADH22		MIMARKS Survey related sample from metagenome		2022-01-09				GENERATED_FILE;GENERATED_FILE		
SRR14711489	PRJNA734525	SRP322348	SAMN19513488	SRS9117469	SRX11049438	SRA1239671	256318	metagenome	ILLUMINA	Illumina MiSeq	C126		PAIRED	AMPLICON	METAGENOMIC	PCR	52503	24278850	SUB9594113	2022-01-09	2022-02-20	Illumina MiSeq sequencing: 16-Seq of homo sapiens gut microbiome	Gut microbiome profiles of Alzheimers disease patients with different cognitive states	PRJNA734525	C126	21S21R1.fastq.gz	5982474;6958632	ccd4702dba74f4a241adef68bef9fe5d;4d238cbe438f4b7d4bea7eb063e2d713	ftp.sra.ebi.ac.uk/vol1/fastq/SRR147/089/SRR14711489/SRR14711489_1.fastq.gz;ftp.sra.ebi.ac.uk/vol1/fastq/SRR147/089/SRR14711489/SRR14711489_2.fastq.gz	fasp.sra.ebi.ac.uk:/vol1/fastq/SRR147/089/SRR14711489/SRR14711489_1.fastq.gz;fasp.sra.ebi.ac.uk:/vol1/fastq/SRR147/089/SRR14711489/SRR14711489_2.fastq.gz	ftp.sra.ebi.ac.uk/vol1/fastq/SRR147/089/SRR14711489/SRR14711489_1.fastq.gz;ftp.sra.ebi.ac.uk/vol1/fastq/SRR147/089/SRR14711489/SRR14711489_2.fastq.gz							C126		MIMARKS Survey related sample from metagenome		2022-01-09				GENERATED_FILE;GENERATED_FILE		
SRR14711508	PRJNA734525	SRP322348	SAMN19513471	SRS9117450	SRX11049419	SRA1239671	256318	metagenome	ILLUMINA	Illumina MiSeq	ADH26		PAIRED	AMPLICON	METAGENOMIC	PCR	108741	61257693	SUB9594113	2022-01-09	2022-01-09	Illumina MiSeq sequencing: 16-Seq of homo sapiens gut microbiome	Gut microbiome profiles of Alzheimers disease patients with different cognitive states	PRJNA734525	ADH26	ALZH26S79R1.fastq.gz	5495;16925039;18223171	5851bc84bb6012f7b56c60768445c948;1b2fcb3e12f4a9624eaac4298eb5deb4;d3cee997d4ace1f293bdb18c4e4250ab	ftp.sra.ebi.ac.uk/vol1/fastq/SRR147/008/SRR14711508/SRR14711508.fastq.gz;ftp.sra.ebi.ac.uk/vol1/fastq/SRR147/008/SRR14711508/SRR14711508_1.fastq.gz;ftp.sra.ebi.ac.uk/vol1/fastq/SRR147/008/SRR14711508/SRR14711508_2.fastq.gz	fasp.sra.ebi.ac.uk:/vol1/fastq/SRR147/008/SRR14711508/SRR14711508.fastq.gz;fasp.sra.ebi.ac.uk:/vol1/fastq/SRR147/008/SRR14711508/SRR14711508_1.fastq.gz;fasp.sra.ebi.ac.uk:/vol1/fastq/SRR147/008/SRR14711508/SRR14711508_2.fastq.gz	ftp.sra.ebi.ac.uk/vol1/fastq/SRR147/008/SRR14711508/SRR14711508.fastq.gz;ftp.sra.ebi.ac.uk/vol1/fastq/SRR147/008/SRR14711508/SRR14711508_1.fastq.gz;ftp.sra.ebi.ac.uk/vol1/fastq/SRR147/008/SRR14711508/SRR14711508_2.fastq.gz							ADH26		MIMARKS Survey related sample from metagenome		2022-01-09				GENERATED_FILE;GENERATED_FILE;GENERATED_FILE		
SRR14711514	PRJNA734525	SRP322348	SAMN19513439	SRS9117444	SRX11049413	SRA1239671	256318	metagenome	ILLUMINA	Illumina MiSeq	AD130		PAIRED	AMPLICON	METAGENOMIC	PCR	107740	50035559	SUB9594113	2022-01-09	2022-01-09	Illumina MiSeq sequencing: 16-Seq of homo sapiens gut microbiome	Gut microbiome profiles of Alzheimers disease patients with different cognitive states	PRJNA734525	AD130	75S75R1.fastq.gz	12688773;16253585	24985f55c388bf65c5a10e8932000c64;c61c23badb90575eeffaf8f1f2971115	ftp.sra.ebi.ac.uk/vol1/fastq/SRR147/014/SRR14711514/SRR14711514_1.fastq.gz;ftp.sra.ebi.ac.uk/vol1/fastq/SRR147/014/SRR14711514/SRR14711514_2.fastq.gz	fasp.sra.ebi.ac.uk:/vol1/fastq/SRR147/014/SRR14711514/SRR14711514_1.fastq.gz;fasp.sra.ebi.ac.uk:/vol1/fastq/SRR147/014/SRR14711514/SRR14711514_2.fastq.gz	ftp.sra.ebi.ac.uk/vol1/fastq/SRR147/014/SRR14711514/SRR14711514_1.fastq.gz;ftp.sra.ebi.ac.uk/vol1/fastq/SRR147/014/SRR14711514/SRR14711514_2.fastq.gz							AD130		MIMARKS Survey related sample from metagenome		2022-01-09				GENERATED_FILE;GENERATED_FILE		
SRR14711491	PRJNA734525	SRP322348	SAMN19513486	SRS9117467	SRX11049436	SRA1239671	256318	metagenome	ILLUMINA	Illumina MiSeq	C117		PAIRED	AMPLICON	METAGENOMIC	PCR	246578	114449617	SUB9594113	2022-01-09	2022-01-09	Illumina MiSeq sequencing: 16-Seq of homo sapiens gut microbiome	Gut microbiome profiles of Alzheimers disease patients with different cognitive states	PRJNA734525	C117	14S14R1.fastq.gz	29422316;35515347	d5dd7d8c6d24728a02f9742a0a228400;1ba1bbcb2b4c92e64d3fff8794371956	ftp.sra.ebi.ac.uk/vol1/fastq/SRR147/091/SRR14711491/SRR14711491_1.fastq.gz;ftp.sra.ebi.ac.uk/vol1/fastq/SRR147/091/SRR14711491/SRR14711491_2.fastq.gz	fasp.sra.ebi.ac.uk:/vol1/fastq/SRR147/091/SRR14711491/SRR14711491_1.fastq.gz;fasp.sra.ebi.ac.uk:/vol1/fastq/SRR147/091/SRR14711491/SRR14711491_2.fastq.gz	ftp.sra.ebi.ac.uk/vol1/fastq/SRR147/091/SRR14711491/SRR14711491_1.fastq.gz;ftp.sra.ebi.ac.uk/vol1/fastq/SRR147/091/SRR14711491/SRR14711491_2.fastq.gz							C117		MIMARKS Survey related sample from metagenome		2022-01-09				GENERATED_FILE;GENERATED_FILE		
SRR14711509	PRJNA734525	SRP322348	SAMN19513470	SRS9117449	SRX11049418	SRA1239671	256318	metagenome	ILLUMINA	Illumina MiSeq	ADH25		PAIRED	AMPLICON	METAGENOMIC	PCR	112258	63231145	SUB9594113	2022-01-09	2022-01-09	Illumina MiSeq sequencing: 16-Seq of homo sapiens gut microbiome	Gut microbiome profiles of Alzheimers disease patients with different cognitive states	PRJNA734525	ADH25	ALZH25S67R1.fastq.gz	602;16840602;18687173	c79c5d3fd6e297466e479630229bb249;54c277f29473ae06923db869efff4fd2;832ea83ab55a11a95b32173caecaba4b	ftp.sra.ebi.ac.uk/vol1/fastq/SRR147/009/SRR14711509/SRR14711509.fastq.gz;ftp.sra.ebi.ac.uk/vol1/fastq/SRR147/009/SRR14711509/SRR14711509_1.fastq.gz;ftp.sra.ebi.ac.uk/vol1/fastq/SRR147/009/SRR14711509/SRR14711509_2.fastq.gz	fasp.sra.ebi.ac.uk:/vol1/fastq/SRR147/009/SRR14711509/SRR14711509.fastq.gz;fasp.sra.ebi.ac.uk:/vol1/fastq/SRR147/009/SRR14711509/SRR14711509_1.fastq.gz;fasp.sra.ebi.ac.uk:/vol1/fastq/SRR147/009/SRR14711509/SRR14711509_2.fastq.gz	ftp.sra.ebi.ac.uk/vol1/fastq/SRR147/009/SRR14711509/SRR14711509.fastq.gz;ftp.sra.ebi.ac.uk/vol1/fastq/SRR147/009/SRR14711509/SRR14711509_1.fastq.gz;ftp.sra.ebi.ac.uk/vol1/fastq/SRR147/009/SRR14711509/SRR14711509_2.fastq.gz							ADH25		MIMARKS Survey related sample from metagenome		2022-01-09				GENERATED_FILE;GENERATED_FILE;GENERATED_FILE		
SRR14711515	PRJNA734525	SRP322348	SAMN19513465	SRS9117443	SRX11049412	SRA1239671	256318	metagenome	ILLUMINA	Illumina MiSeq	ADH20		PAIRED	AMPLICON	METAGENOMIC	PCR	162881	91751034	SUB9594113	2022-01-09	2022-01-09	Illumina MiSeq sequencing: 16-Seq of homo sapiens gut microbiome	Gut microbiome profiles of Alzheimers disease patients with different cognitive states	PRJNA734525	ADH20	ALZH20S7R1.fastq.gz	24208183;28245518	0303c909353b7378665338732a9851a1;73ec626c9d3de987d67cc0a6792cc0ef	ftp.sra.ebi.ac.uk/vol1/fastq/SRR147/015/SRR14711515/SRR14711515_1.fastq.gz;ftp.sra.ebi.ac.uk/vol1/fastq/SRR147/015/SRR14711515/SRR14711515_2.fastq.gz	fasp.sra.ebi.ac.uk:/vol1/fastq/SRR147/015/SRR14711515/SRR14711515_1.fastq.gz;fasp.sra.ebi.ac.uk:/vol1/fastq/SRR147/015/SRR14711515/SRR14711515_2.fastq.gz	ftp.sra.ebi.ac.uk/vol1/fastq/SRR147/015/SRR14711515/SRR14711515_1.fastq.gz;ftp.sra.ebi.ac.uk/vol1/fastq/SRR147/015/SRR14711515/SRR14711515_2.fastq.gz							ADH20		MIMARKS Survey related sample from metagenome		2022-01-09				GENERATED_FILE;GENERATED_FILE		
SRR14711492	PRJNA734525	SRP322348	SAMN19513441	SRS9117466	SRX11049435	SRA1239671	256318	metagenome	ILLUMINA	Illumina MiSeq	AD135		PAIRED	AMPLICON	METAGENOMIC	PCR	149028	69192951	SUB9594113	2022-01-09	2022-01-09	Illumina MiSeq sequencing: 16-Seq of homo sapiens gut microbiome	Gut microbiome profiles of Alzheimers disease patients with different cognitive states	PRJNA734525	AD135	52S52R1.fastq.gz	19334239;22870442	d942218641520cc9252ec2517c316885;ceca29ce4540a328d398c236345a4f75	ftp.sra.ebi.ac.uk/vol1/fastq/SRR147/092/SRR14711492/SRR14711492_1.fastq.gz;ftp.sra.ebi.ac.uk/vol1/fastq/SRR147/092/SRR14711492/SRR14711492_2.fastq.gz	fasp.sra.ebi.ac.uk:/vol1/fastq/SRR147/092/SRR14711492/SRR14711492_1.fastq.gz;fasp.sra.ebi.ac.uk:/vol1/fastq/SRR147/092/SRR14711492/SRR14711492_2.fastq.gz	ftp.sra.ebi.ac.uk/vol1/fastq/SRR147/092/SRR14711492/SRR14711492_1.fastq.gz;ftp.sra.ebi.ac.uk/vol1/fastq/SRR147/092/SRR14711492/SRR14711492_2.fastq.gz							AD135		MIMARKS Survey related sample from metagenome		2022-01-09				GENERATED_FILE;GENERATED_FILE		
SRR14711518	PRJNA734525	SRP322348	SAMN19513462	SRS9117440	SRX11049409	SRA1239671	256318	metagenome	ILLUMINA	Illumina MiSeq	ADH18		PAIRED	AMPLICON	METAGENOMIC	PCR	102650	57820206	SUB9594113	2022-01-09	2022-02-20	Illumina MiSeq sequencing: 16-Seq of homo sapiens gut microbiome	Gut microbiome profiles of Alzheimers disease patients with different cognitive states	PRJNA734525	ADH18	ALZH18S78R1.fastq.gz	588;16517654;17689029	beb30751f4751f5fc89979baa8c490c0;1b2793b3ba0e2d7a5db258dec6541a12;b77dd9e834d019f752eec304064ebb5b	ftp.sra.ebi.ac.uk/vol1/fastq/SRR147/018/SRR14711518/SRR14711518.fastq.gz;ftp.sra.ebi.ac.uk/vol1/fastq/SRR147/018/SRR14711518/SRR14711518_1.fastq.gz;ftp.sra.ebi.ac.uk/vol1/fastq/SRR147/018/SRR14711518/SRR14711518_2.fastq.gz	fasp.sra.ebi.ac.uk:/vol1/fastq/SRR147/018/SRR14711518/SRR14711518.fastq.gz;fasp.sra.ebi.ac.uk:/vol1/fastq/SRR147/018/SRR14711518/SRR14711518_1.fastq.gz;fasp.sra.ebi.ac.uk:/vol1/fastq/SRR147/018/SRR14711518/SRR14711518_2.fastq.gz	ftp.sra.ebi.ac.uk/vol1/fastq/SRR147/018/SRR14711518/SRR14711518.fastq.gz;ftp.sra.ebi.ac.uk/vol1/fastq/SRR147/018/SRR14711518/SRR14711518_1.fastq.gz;ftp.sra.ebi.ac.uk/vol1/fastq/SRR147/018/SRR14711518/SRR14711518_2.fastq.gz							ADH18		MIMARKS Survey related sample from metagenome		2022-01-09				GENERATED_FILE;GENERATED_FILE;GENERATED_FILE		
SRR14711516	PRJNA734525	SRP322348	SAMN19513464	SRS9117442	SRX11049411	SRA1239671	256318	metagenome	ILLUMINA	Illumina MiSeq	ADH2		PAIRED	AMPLICON	METAGENOMIC	PCR	77291	43516925	SUB9594113	2022-01-09	2022-01-09	Illumina MiSeq sequencing: 16-Seq of homo sapiens gut microbiome	Gut microbiome profiles of Alzheimers disease patients with different cognitive states	PRJNA734525	ADH2	ALZH2S76R1.fastq.gz	545;11768526;12721563	f76ae2fa8afbef992ecbe1b6526a2d47;2332a0e70cf36fca6b1e08de9996f77a;5f1e6541d7983dae87467df1ea563c80	ftp.sra.ebi.ac.uk/vol1/fastq/SRR147/016/SRR14711516/SRR14711516.fastq.gz;ftp.sra.ebi.ac.uk/vol1/fastq/SRR147/016/SRR14711516/SRR14711516_1.fastq.gz;ftp.sra.ebi.ac.uk/vol1/fastq/SRR147/016/SRR14711516/SRR14711516_2.fastq.gz	fasp.sra.ebi.ac.uk:/vol1/fastq/SRR147/016/SRR14711516/SRR14711516.fastq.gz;fasp.sra.ebi.ac.uk:/vol1/fastq/SRR147/016/SRR14711516/SRR14711516_1.fastq.gz;fasp.sra.ebi.ac.uk:/vol1/fastq/SRR147/016/SRR14711516/SRR14711516_2.fastq.gz	ftp.sra.ebi.ac.uk/vol1/fastq/SRR147/016/SRR14711516/SRR14711516.fastq.gz;ftp.sra.ebi.ac.uk/vol1/fastq/SRR147/016/SRR14711516/SRR14711516_1.fastq.gz;ftp.sra.ebi.ac.uk/vol1/fastq/SRR147/016/SRR14711516/SRR14711516_2.fastq.gz							ADH2		MIMARKS Survey related sample from metagenome		2022-01-09				GENERATED_FILE;GENERATED_FILE;GENERATED_FILE		
SRR14711526	PRJNA734525	SRP322348	SAMN19513455	SRS9117432	SRX11049401	SRA1239671	256318	metagenome	ILLUMINA	Illumina MiSeq	ADH11		PAIRED	AMPLICON	METAGENOMIC	PCR	68088	38348629	SUB9594113	2022-01-09	2022-01-09	Illumina MiSeq sequencing: 16-Seq of homo sapiens gut microbiome	Gut microbiome profiles of Alzheimers disease patients with different cognitive states	PRJNA734525	ADH11	ALZH11S89R1.fastq.gz	8760621;10694538	f5e5ba86187964fc752228aa2658b5e3;64f353c9fea7fddb8223f2ba1023c797	ftp.sra.ebi.ac.uk/vol1/fastq/SRR147/026/SRR14711526/SRR14711526_1.fastq.gz;ftp.sra.ebi.ac.uk/vol1/fastq/SRR147/026/SRR14711526/SRR14711526_2.fastq.gz	fasp.sra.ebi.ac.uk:/vol1/fastq/SRR147/026/SRR14711526/SRR14711526_1.fastq.gz;fasp.sra.ebi.ac.uk:/vol1/fastq/SRR147/026/SRR14711526/SRR14711526_2.fastq.gz	ftp.sra.ebi.ac.uk/vol1/fastq/SRR147/026/SRR14711526/SRR14711526_1.fastq.gz;ftp.sra.ebi.ac.uk/vol1/fastq/SRR147/026/SRR14711526/SRR14711526_2.fastq.gz							ADH11		MIMARKS Survey related sample from metagenome		2022-01-09				GENERATED_FILE;GENERATED_FILE		
SRR14711496	PRJNA734525	SRP322348	SAMN19513482	SRS9117462	SRX11049431	SRA1239671	256318	metagenome	ILLUMINA	Illumina MiSeq	ADH9		PAIRED	AMPLICON	METAGENOMIC	PCR	114972	64772350	SUB9594113	2022-01-09	2022-01-09	Illumina MiSeq sequencing: 16-Seq of homo sapiens gut microbiome	Gut microbiome profiles of Alzheimers disease patients with different cognitive states	PRJNA734525	ADH9	ALZH9S65R1.fastq.gz	15442731;19397352	0a1981353eaf718f0ebab91125edca98;80437b40984ebdb8a061ff40edfcc16f	ftp.sra.ebi.ac.uk/vol1/fastq/SRR147/096/SRR14711496/SRR14711496_1.fastq.gz;ftp.sra.ebi.ac.uk/vol1/fastq/SRR147/096/SRR14711496/SRR14711496_2.fastq.gz	fasp.sra.ebi.ac.uk:/vol1/fastq/SRR147/096/SRR14711496/SRR14711496_1.fastq.gz;fasp.sra.ebi.ac.uk:/vol1/fastq/SRR147/096/SRR14711496/SRR14711496_2.fastq.gz	ftp.sra.ebi.ac.uk/vol1/fastq/SRR147/096/SRR14711496/SRR14711496_1.fastq.gz;ftp.sra.ebi.ac.uk/vol1/fastq/SRR147/096/SRR14711496/SRR14711496_2.fastq.gz							ADH9		MIMARKS Survey related sample from metagenome		2022-01-09				GENERATED_FILE;GENERATED_FILE		
SRR14711517	PRJNA734525	SRP322348	SAMN19513463	SRS9117441	SRX11049410	SRA1239671	256318	metagenome	ILLUMINA	Illumina MiSeq	ADH19		PAIRED	AMPLICON	METAGENOMIC	PCR	93575	52683897	SUB9594113	2022-01-09	2022-01-09	Illumina MiSeq sequencing: 16-Seq of homo sapiens gut microbiome	Gut microbiome profiles of Alzheimers disease patients with different cognitive states	PRJNA734525	ADH19	ALZH19S90R1.fastq.gz	518;13549017;16047997	cc8d8812af091b6b0d496a5500559bef;dd9fc26184ee58aea588dcf3b3396e45;9c2d14c4208ddc091c2c0d34790bfd91	ftp.sra.ebi.ac.uk/vol1/fastq/SRR147/017/SRR14711517/SRR14711517.fastq.gz;ftp.sra.ebi.ac.uk/vol1/fastq/SRR147/017/SRR14711517/SRR14711517_1.fastq.gz;ftp.sra.ebi.ac.uk/vol1/fastq/SRR147/017/SRR14711517/SRR14711517_2.fastq.gz	fasp.sra.ebi.ac.uk:/vol1/fastq/SRR147/017/SRR14711517/SRR14711517.fastq.gz;fasp.sra.ebi.ac.uk:/vol1/fastq/SRR147/017/SRR14711517/SRR14711517_1.fastq.gz;fasp.sra.ebi.ac.uk:/vol1/fastq/SRR147/017/SRR14711517/SRR14711517_2.fastq.gz	ftp.sra.ebi.ac.uk/vol1/fastq/SRR147/017/SRR14711517/SRR14711517.fastq.gz;ftp.sra.ebi.ac.uk/vol1/fastq/SRR147/017/SRR14711517/SRR14711517_1.fastq.gz;ftp.sra.ebi.ac.uk/vol1/fastq/SRR147/017/SRR14711517/SRR14711517_2.fastq.gz							ADH19		MIMARKS Survey related sample from metagenome		2022-01-09				GENERATED_FILE;GENERATED_FILE;GENERATED_FILE		
SRR14711497	PRJNA734525	SRP322348	SAMN19513481	SRS9117461	SRX11049430	SRA1239671	256318	metagenome	ILLUMINA	Illumina MiSeq	ADH8		PAIRED	AMPLICON	METAGENOMIC	PCR	99725	56149855	SUB9594113	2022-01-09	2022-02-20	Illumina MiSeq sequencing: 16-Seq of homo sapiens gut microbiome	Gut microbiome profiles of Alzheimers disease patients with different cognitive states	PRJNA734525	ADH8	ALZH8S53R1.fastq.gz	2236;13916688;16743397	e19011faf022634312fb2274b558345b;595cc36d31ea8bf46c9eb56e5509689a;18b80dcf042cfd1a76df8e7e467d1cf8	ftp.sra.ebi.ac.uk/vol1/fastq/SRR147/097/SRR14711497/SRR14711497.fastq.gz;ftp.sra.ebi.ac.uk/vol1/fastq/SRR147/097/SRR14711497/SRR14711497_1.fastq.gz;ftp.sra.ebi.ac.uk/vol1/fastq/SRR147/097/SRR14711497/SRR14711497_2.fastq.gz	fasp.sra.ebi.ac.uk:/vol1/fastq/SRR147/097/SRR14711497/SRR14711497.fastq.gz;fasp.sra.ebi.ac.uk:/vol1/fastq/SRR147/097/SRR14711497/SRR14711497_1.fastq.gz;fasp.sra.ebi.ac.uk:/vol1/fastq/SRR147/097/SRR14711497/SRR14711497_2.fastq.gz	ftp.sra.ebi.ac.uk/vol1/fastq/SRR147/097/SRR14711497/SRR14711497.fastq.gz;ftp.sra.ebi.ac.uk/vol1/fastq/SRR147/097/SRR14711497/SRR14711497_1.fastq.gz;ftp.sra.ebi.ac.uk/vol1/fastq/SRR147/097/SRR14711497/SRR14711497_2.fastq.gz							ADH8		MIMARKS Survey related sample from metagenome		2022-01-09				GENERATED_FILE;GENERATED_FILE;GENERATED_FILE		
SRR14711521	PRJNA734525	SRP322348	SAMN19513459	SRS9117437	SRX11049406	SRA1239671	256318	metagenome	ILLUMINA	Illumina MiSeq	ADH15		PAIRED	AMPLICON	METAGENOMIC	PCR	92237	51960362	SUB9594113	2022-01-09	2022-01-09	Illumina MiSeq sequencing: 16-Seq of homo sapiens gut microbiome	Gut microbiome profiles of Alzheimers disease patients with different cognitive states	PRJNA734525	ADH15	ALZH15S11R1.fastq.gz	14083040;15481096	777ef62836ed5b6751ad9d3156776899;ca97332d17d3e7bd1e1ad36b1f8045d9	ftp.sra.ebi.ac.uk/vol1/fastq/SRR147/021/SRR14711521/SRR14711521_1.fastq.gz;ftp.sra.ebi.ac.uk/vol1/fastq/SRR147/021/SRR14711521/SRR14711521_2.fastq.gz	fasp.sra.ebi.ac.uk:/vol1/fastq/SRR147/021/SRR14711521/SRR14711521_1.fastq.gz;fasp.sra.ebi.ac.uk:/vol1/fastq/SRR147/021/SRR14711521/SRR14711521_2.fastq.gz	ftp.sra.ebi.ac.uk/vol1/fastq/SRR147/021/SRR14711521/SRR14711521_1.fastq.gz;ftp.sra.ebi.ac.uk/vol1/fastq/SRR147/021/SRR14711521/SRR14711521_2.fastq.gz							ADH15		MIMARKS Survey related sample from metagenome		2022-01-09				GENERATED_FILE;GENERATED_FILE		
SRR14711500	PRJNA734525	SRP322348	SAMN19513478	SRS9117458	SRX11049427	SRA1239671	256318	metagenome	ILLUMINA	Illumina MiSeq	ADH5		PAIRED	AMPLICON	METAGENOMIC	PCR	91779	51632988	SUB9594113	2022-01-09	2022-01-09	Illumina MiSeq sequencing: 16-Seq of homo sapiens gut microbiome	Gut microbiome profiles of Alzheimers disease patients with different cognitive states	PRJNA734525	ADH5	ALZH5S17R1.fastq.gz	1915;13570249;15308508	d23e2d46c6b1dcc6579570c158b64087;6adcad67fe087fdc37aebe0110d2ff5a;966ed5caa1af30ab00867836bc861522	ftp.sra.ebi.ac.uk/vol1/fastq/SRR147/000/SRR14711500/SRR14711500.fastq.gz;ftp.sra.ebi.ac.uk/vol1/fastq/SRR147/000/SRR14711500/SRR14711500_1.fastq.gz;ftp.sra.ebi.ac.uk/vol1/fastq/SRR147/000/SRR14711500/SRR14711500_2.fastq.gz	fasp.sra.ebi.ac.uk:/vol1/fastq/SRR147/000/SRR14711500/SRR14711500.fastq.gz;fasp.sra.ebi.ac.uk:/vol1/fastq/SRR147/000/SRR14711500/SRR14711500_1.fastq.gz;fasp.sra.ebi.ac.uk:/vol1/fastq/SRR147/000/SRR14711500/SRR14711500_2.fastq.gz	ftp.sra.ebi.ac.uk/vol1/fastq/SRR147/000/SRR14711500/SRR14711500.fastq.gz;ftp.sra.ebi.ac.uk/vol1/fastq/SRR147/000/SRR14711500/SRR14711500_1.fastq.gz;ftp.sra.ebi.ac.uk/vol1/fastq/SRR147/000/SRR14711500/SRR14711500_2.fastq.gz							ADH5		MIMARKS Survey related sample from metagenome		2022-01-09				GENERATED_FILE;GENERATED_FILE;GENERATED_FILE		
SRR14711523	PRJNA734525	SRP322348	SAMN19513457	SRS9117435	SRX11049404	SRA1239671	256318	metagenome	ILLUMINA	Illumina MiSeq	ADH13		PAIRED	AMPLICON	METAGENOMIC	PCR	103543	58324744	SUB9594113	2022-01-09	2022-01-09	Illumina MiSeq sequencing: 16-Seq of homo sapiens gut microbiome	Gut microbiome profiles of Alzheimers disease patients with different cognitive states	PRJNA734525	ADH13	ALZH13S18R1.fastq.gz	678;14898370;17027965	6097dacad4c99f2338bbffb3ea636acc;25399cea041c2c9107c223cafd0a9945;206b64d78275253de0089646daa25126	ftp.sra.ebi.ac.uk/vol1/fastq/SRR147/023/SRR14711523/SRR14711523.fastq.gz;ftp.sra.ebi.ac.uk/vol1/fastq/SRR147/023/SRR14711523/SRR14711523_1.fastq.gz;ftp.sra.ebi.ac.uk/vol1/fastq/SRR147/023/SRR14711523/SRR14711523_2.fastq.gz	fasp.sra.ebi.ac.uk:/vol1/fastq/SRR147/023/SRR14711523/SRR14711523.fastq.gz;fasp.sra.ebi.ac.uk:/vol1/fastq/SRR147/023/SRR14711523/SRR14711523_1.fastq.gz;fasp.sra.ebi.ac.uk:/vol1/fastq/SRR147/023/SRR14711523/SRR14711523_2.fastq.gz	ftp.sra.ebi.ac.uk/vol1/fastq/SRR147/023/SRR14711523/SRR14711523.fastq.gz;ftp.sra.ebi.ac.uk/vol1/fastq/SRR147/023/SRR14711523/SRR14711523_1.fastq.gz;ftp.sra.ebi.ac.uk/vol1/fastq/SRR147/023/SRR14711523/SRR14711523_2.fastq.gz							ADH13		MIMARKS Survey related sample from metagenome		2022-01-09				GENERATED_FILE;GENERATED_FILE;GENERATED_FILE		
SRR14711501	PRJNA734525	SRP322348	SAMN19513477	SRS9117457	SRX11049426	SRA1239671	256318	metagenome	ILLUMINA	Illumina MiSeq	ADH4		PAIRED	AMPLICON	METAGENOMIC	PCR	112608	63388652	SUB9594113	2022-01-09	2022-02-20	Illumina MiSeq sequencing: 16-Seq of homo sapiens gut microbiome	Gut microbiome profiles of Alzheimers disease patients with different cognitive states	PRJNA734525	ADH4	ALZH4S5R1.fastq.gz	2313;16680327;19447360	5a7b58a1a6f987aad4a9c6582084deb5;a9c2b3326cb365e053cad305fc20f29f;ec4d15d3e1603720c46f25746e595fdd	ftp.sra.ebi.ac.uk/vol1/fastq/SRR147/001/SRR14711501/SRR14711501.fastq.gz;ftp.sra.ebi.ac.uk/vol1/fastq/SRR147/001/SRR14711501/SRR14711501_1.fastq.gz;ftp.sra.ebi.ac.uk/vol1/fastq/SRR147/001/SRR14711501/SRR14711501_2.fastq.gz	fasp.sra.ebi.ac.uk:/vol1/fastq/SRR147/001/SRR14711501/SRR14711501.fastq.gz;fasp.sra.ebi.ac.uk:/vol1/fastq/SRR147/001/SRR14711501/SRR14711501_1.fastq.gz;fasp.sra.ebi.ac.uk:/vol1/fastq/SRR147/001/SRR14711501/SRR14711501_2.fastq.gz	ftp.sra.ebi.ac.uk/vol1/fastq/SRR147/001/SRR14711501/SRR14711501.fastq.gz;ftp.sra.ebi.ac.uk/vol1/fastq/SRR147/001/SRR14711501/SRR14711501_1.fastq.gz;ftp.sra.ebi.ac.uk/vol1/fastq/SRR147/001/SRR14711501/SRR14711501_2.fastq.gz							ADH4		MIMARKS Survey related sample from metagenome		2022-01-09				GENERATED_FILE;GENERATED_FILE;GENERATED_FILE		
SRR14711525	PRJNA734525	SRP322348	SAMN19513438	SRS9117433	SRX11049402	SRA1239671	256318	metagenome	ILLUMINA	Illumina MiSeq	AD127		PAIRED	AMPLICON	METAGENOMIC	PCR	51768	23970991	SUB9594113	2022-01-09	2022-01-09	Illumina MiSeq sequencing: 16-Seq of homo sapiens gut microbiome	Gut microbiome profiles of Alzheimers disease patients with different cognitive states	PRJNA734525	AD127	22S22R1.fastq.gz	6232465;7364511	9abd97d4dc2e8b565de9d76f47c3dbf8;760371a84f451fd0ceb74c6b65eab75e	ftp.sra.ebi.ac.uk/vol1/fastq/SRR147/025/SRR14711525/SRR14711525_1.fastq.gz;ftp.sra.ebi.ac.uk/vol1/fastq/SRR147/025/SRR14711525/SRR14711525_2.fastq.gz	fasp.sra.ebi.ac.uk:/vol1/fastq/SRR147/025/SRR14711525/SRR14711525_1.fastq.gz;fasp.sra.ebi.ac.uk:/vol1/fastq/SRR147/025/SRR14711525/SRR14711525_2.fastq.gz	ftp.sra.ebi.ac.uk/vol1/fastq/SRR147/025/SRR14711525/SRR14711525_1.fastq.gz;ftp.sra.ebi.ac.uk/vol1/fastq/SRR147/025/SRR14711525/SRR14711525_2.fastq.gz							AD127		MIMARKS Survey related sample from metagenome		2022-01-09				GENERATED_FILE;GENERATED_FILE		
SRR14711507	PRJNA734525	SRP322348	SAMN19513472	SRS9117451	SRX11049420	SRA1239671	256318	metagenome	ILLUMINA	Illumina MiSeq	ADH27		PAIRED	AMPLICON	METAGENOMIC	PCR	69934	39381601	SUB9594113	2022-01-09	2022-01-09	Illumina MiSeq sequencing: 16-Seq of homo sapiens gut microbiome	Gut microbiome profiles of Alzheimers disease patients with different cognitive states	PRJNA734525	ADH27	ALZH27S91R1.fastq.gz	1357;10382301;12041347	9ee66803908698013e29a745ad68ab03;68aca2770f896ce512988f633f8fe843;de1f5f7c130dad005ccbb98442281537	ftp.sra.ebi.ac.uk/vol1/fastq/SRR147/007/SRR14711507/SRR14711507.fastq.gz;ftp.sra.ebi.ac.uk/vol1/fastq/SRR147/007/SRR14711507/SRR14711507_1.fastq.gz;ftp.sra.ebi.ac.uk/vol1/fastq/SRR147/007/SRR14711507/SRR14711507_2.fastq.gz	fasp.sra.ebi.ac.uk:/vol1/fastq/SRR147/007/SRR14711507/SRR14711507.fastq.gz;fasp.sra.ebi.ac.uk:/vol1/fastq/SRR147/007/SRR14711507/SRR14711507_1.fastq.gz;fasp.sra.ebi.ac.uk:/vol1/fastq/SRR147/007/SRR14711507/SRR14711507_2.fastq.gz	ftp.sra.ebi.ac.uk/vol1/fastq/SRR147/007/SRR14711507/SRR14711507.fastq.gz;ftp.sra.ebi.ac.uk/vol1/fastq/SRR147/007/SRR14711507/SRR14711507_1.fastq.gz;ftp.sra.ebi.ac.uk/vol1/fastq/SRR147/007/SRR14711507/SRR14711507_2.fastq.gz							ADH27		MIMARKS Survey related sample from metagenome		2022-01-09				GENERATED_FILE;GENERATED_FILE;GENERATED_FILE		
SRR14711513	PRJNA734525	SRP322348	SAMN19513466	SRS9117445	SRX11049414	SRA1239671	256318	metagenome	ILLUMINA	Illumina MiSeq	ADH21		PAIRED	AMPLICON	METAGENOMIC	PCR	100384	56554586	SUB9594113	2022-01-09	2022-01-09	Illumina MiSeq sequencing: 16-Seq of homo sapiens gut microbiome	Gut microbiome profiles of Alzheimers disease patients with different cognitive states	PRJNA734525	ADH21	ALZH21S19R1.fastq.gz	13913056;16038715	d8d4407d636cefdf0c27474fb66c947b;a3ae272c6a86c088ecc01aa9226b4423	ftp.sra.ebi.ac.uk/vol1/fastq/SRR147/013/SRR14711513/SRR14711513_1.fastq.gz;ftp.sra.ebi.ac.uk/vol1/fastq/SRR147/013/SRR14711513/SRR14711513_2.fastq.gz	fasp.sra.ebi.ac.uk:/vol1/fastq/SRR147/013/SRR14711513/SRR14711513_1.fastq.gz;fasp.sra.ebi.ac.uk:/vol1/fastq/SRR147/013/SRR14711513/SRR14711513_2.fastq.gz	ftp.sra.ebi.ac.uk/vol1/fastq/SRR147/013/SRR14711513/SRR14711513_1.fastq.gz;ftp.sra.ebi.ac.uk/vol1/fastq/SRR147/013/SRR14711513/SRR14711513_2.fastq.gz							ADH21		MIMARKS Survey related sample from metagenome		2022-01-09				GENERATED_FILE;GENERATED_FILE		
SRR14711519	PRJNA734525	SRP322348	SAMN19513461	SRS9117439	SRX11049408	SRA1239671	256318	metagenome	ILLUMINA	Illumina MiSeq	ADH17		PAIRED	AMPLICON	METAGENOMIC	PCR	96211	54192886	SUB9594113	2022-01-09	2022-01-09	Illumina MiSeq sequencing: 16-Seq of homo sapiens gut microbiome	Gut microbiome profiles of Alzheimers disease patients with different cognitive states	PRJNA734525	ADH17	ALZH17S66R1.fastq.gz	13426303;15655116	0fd4517d5f02cc152f9f72d1d8b6a87a;8b5fc9b2b948e0deae986fac8f4ab26f	ftp.sra.ebi.ac.uk/vol1/fastq/SRR147/019/SRR14711519/SRR14711519_1.fastq.gz;ftp.sra.ebi.ac.uk/vol1/fastq/SRR147/019/SRR14711519/SRR14711519_2.fastq.gz	fasp.sra.ebi.ac.uk:/vol1/fastq/SRR147/019/SRR14711519/SRR14711519_1.fastq.gz;fasp.sra.ebi.ac.uk:/vol1/fastq/SRR147/019/SRR14711519/SRR14711519_2.fastq.gz	ftp.sra.ebi.ac.uk/vol1/fastq/SRR147/019/SRR14711519/SRR14711519_1.fastq.gz;ftp.sra.ebi.ac.uk/vol1/fastq/SRR147/019/SRR14711519/SRR14711519_2.fastq.gz							ADH17		MIMARKS Survey related sample from metagenome		2022-01-09				GENERATED_FILE;GENERATED_FILE		
SRR14711520	PRJNA734525	SRP322348	SAMN19513460	SRS9117438	SRX11049407	SRA1239671	256318	metagenome	ILLUMINA	Illumina MiSeq	ADH16		PAIRED	AMPLICON	METAGENOMIC	PCR	113673	64024091	SUB9594113	2022-01-09	2022-02-20	Illumina MiSeq sequencing: 16-Seq of homo sapiens gut microbiome	Gut microbiome profiles of Alzheimers disease patients with different cognitive states	PRJNA734525	ADH16	ALZH16S54R1.fastq.gz	2216;16249028;19502841	ffa1e67f80b47c5664094b2fd2702500;ed5f855e530ba18ff8f2cbf1203af50d;ac1d6349048273d58c3a4394b839d496	ftp.sra.ebi.ac.uk/vol1/fastq/SRR147/020/SRR14711520/SRR14711520.fastq.gz;ftp.sra.ebi.ac.uk/vol1/fastq/SRR147/020/SRR14711520/SRR14711520_1.fastq.gz;ftp.sra.ebi.ac.uk/vol1/fastq/SRR147/020/SRR14711520/SRR14711520_2.fastq.gz	fasp.sra.ebi.ac.uk:/vol1/fastq/SRR147/020/SRR14711520/SRR14711520.fastq.gz;fasp.sra.ebi.ac.uk:/vol1/fastq/SRR147/020/SRR14711520/SRR14711520_1.fastq.gz;fasp.sra.ebi.ac.uk:/vol1/fastq/SRR147/020/SRR14711520/SRR14711520_2.fastq.gz	ftp.sra.ebi.ac.uk/vol1/fastq/SRR147/020/SRR14711520/SRR14711520.fastq.gz;ftp.sra.ebi.ac.uk/vol1/fastq/SRR147/020/SRR14711520/SRR14711520_1.fastq.gz;ftp.sra.ebi.ac.uk/vol1/fastq/SRR147/020/SRR14711520/SRR14711520_2.fastq.gz							ADH16		MIMARKS Survey related sample from metagenome		2022-01-09				GENERATED_FILE;GENERATED_FILE;GENERATED_FILE		
SRR14711522	PRJNA734525	SRP322348	SAMN19513458	SRS9117436	SRX11049405	SRA1239671	256318	metagenome	ILLUMINA	Illumina MiSeq	ADH14		PAIRED	AMPLICON	METAGENOMIC	PCR	59552	33512639	SUB9594113	2022-01-09	2022-02-20	Illumina MiSeq sequencing: 16-Seq of homo sapiens gut microbiome	Gut microbiome profiles of Alzheimers disease patients with different cognitive states	PRJNA734525	ADH14	ALZH14S30R1.fastq.gz	9079169;10747764	622549644cd1505038b6fe12fe53eda1;028d4c9c2a8fbfc23180267c002d0600	ftp.sra.ebi.ac.uk/vol1/fastq/SRR147/022/SRR14711522/SRR14711522_1.fastq.gz;ftp.sra.ebi.ac.uk/vol1/fastq/SRR147/022/SRR14711522/SRR14711522_2.fastq.gz	fasp.sra.ebi.ac.uk:/vol1/fastq/SRR147/022/SRR14711522/SRR14711522_1.fastq.gz;fasp.sra.ebi.ac.uk:/vol1/fastq/SRR147/022/SRR14711522/SRR14711522_2.fastq.gz	ftp.sra.ebi.ac.uk/vol1/fastq/SRR147/022/SRR14711522/SRR14711522_1.fastq.gz;ftp.sra.ebi.ac.uk/vol1/fastq/SRR147/022/SRR14711522/SRR14711522_2.fastq.gz							ADH14		MIMARKS Survey related sample from metagenome		2022-01-09				GENERATED_FILE;GENERATED_FILE		
SRR14711524	PRJNA734525	SRP322348	SAMN19513456	SRS9117434	SRX11049403	SRA1239671	256318	metagenome	ILLUMINA	Illumina MiSeq	ADH12		PAIRED	AMPLICON	METAGENOMIC	PCR	93183	52467960	SUB9594113	2022-01-09	2022-02-20	Illumina MiSeq sequencing: 16-Seq of homo sapiens gut microbiome	Gut microbiome profiles of Alzheimers disease patients with different cognitive states	PRJNA734525	ADH12	ALZH12S6R1.fastq.gz	335;13814069;15778622	3bb3ba7d0ff65507d2af7dd193fbac00;55b57a1d670093221096522d55863646;d26e2d077ec12db19cbce4ba90b795bc	ftp.sra.ebi.ac.uk/vol1/fastq/SRR147/024/SRR14711524/SRR14711524.fastq.gz;ftp.sra.ebi.ac.uk/vol1/fastq/SRR147/024/SRR14711524/SRR14711524_1.fastq.gz;ftp.sra.ebi.ac.uk/vol1/fastq/SRR147/024/SRR14711524/SRR14711524_2.fastq.gz	fasp.sra.ebi.ac.uk:/vol1/fastq/SRR147/024/SRR14711524/SRR14711524.fastq.gz;fasp.sra.ebi.ac.uk:/vol1/fastq/SRR147/024/SRR14711524/SRR14711524_1.fastq.gz;fasp.sra.ebi.ac.uk:/vol1/fastq/SRR147/024/SRR14711524/SRR14711524_2.fastq.gz	ftp.sra.ebi.ac.uk/vol1/fastq/SRR147/024/SRR14711524/SRR14711524.fastq.gz;ftp.sra.ebi.ac.uk/vol1/fastq/SRR147/024/SRR14711524/SRR14711524_1.fastq.gz;ftp.sra.ebi.ac.uk/vol1/fastq/SRR147/024/SRR14711524/SRR14711524_2.fastq.gz							ADH12		MIMARKS Survey related sample from metagenome		2022-01-09				GENERATED_FILE;GENERATED_FILE;GENERATED_FILE		
