run_accession	study_accession	secondary_study_accession	sample_accession	secondary_sample_accession	experiment_accession	submission_accession	tax_id	scientific_name	instrument_platform	instrument_model	library_name	nominal_length	library_layout	library_strategy	library_source	library_selection	read_count	base_count	center_name	first_public	last_updated	experiment_title	study_title	study_alias	experiment_alias	run_alias	fastq_bytes	fastq_md5	fastq_ftp	fastq_aspera	fastq_galaxy	submitted_bytes	submitted_md5	submitted_ftp	submitted_aspera	submitted_galaxy	submitted_format	sample_alias	broker_name	sample_title	nominal_sdev	first_created	bam_ftp	bam_bytes	bam_md5	fastq_file_role	submitted_file_role	bam_file_role
SRR16303365	PRJNA770746	SRP341087	SAMN22233344	SRS10537869	SRX12582112	SRA1309995	646099	human metagenome	ILLUMINA	Illumina MiSeq	FECAL421		PAIRED	AMPLICON	METAGENOMIC	PCR	31097	15601347	SUB10513123	2022-11-02	2022-11-02	Illumina MiSeq sequencing: 16S sequencing of oral and gut microbiome in human AD	Alzheimer's Oral and Gut Microbiome Vancouver Canada	PRJNA770746	FECAL421	FECAL421_S140_L001_R1_001.fastq.gz	2431450;3499795	6912943d960edebe42f65c5b7348eda8;2650064d02683f04ed14c66dbb3acfd9	ftp.sra.ebi.ac.uk/vol1/fastq/SRR163/065/SRR16303365/SRR16303365_1.fastq.gz;ftp.sra.ebi.ac.uk/vol1/fastq/SRR163/065/SRR16303365/SRR16303365_2.fastq.gz	fasp.sra.ebi.ac.uk:/vol1/fastq/SRR163/065/SRR16303365/SRR16303365_1.fastq.gz;fasp.sra.ebi.ac.uk:/vol1/fastq/SRR163/065/SRR16303365/SRR16303365_2.fastq.gz	ftp.sra.ebi.ac.uk/vol1/fastq/SRR163/065/SRR16303365/SRR16303365_1.fastq.gz;ftp.sra.ebi.ac.uk/vol1/fastq/SRR163/065/SRR16303365/SRR16303365_2.fastq.gz							FECAL421		Metagenome or environmental sample from human metagenome		2022-11-02				GENERATED_FILE;GENERATED_FILE		
SRR16303454	PRJNA770746	SRP341087	SAMN22233441	SRS10537780	SRX12582023	SRA1309995	646099	human metagenome	ILLUMINA	Illumina MiSeq	FECAL881		PAIRED	AMPLICON	METAGENOMIC	PCR	47705	23937934	SUB10513123	2022-11-02	2022-11-02	Illumina MiSeq sequencing: 16S sequencing of oral and gut microbiome in human AD	Alzheimer's Oral and Gut Microbiome Vancouver Canada	PRJNA770746	FECAL881	FECAL881_S97_L001_R1_001.fastq.gz	3567429;4893649	2483bad0725520b0a44d214597c385ed;4b83127fbe9e8ce27b7050a31b3a01c9	ftp.sra.ebi.ac.uk/vol1/fastq/SRR163/054/SRR16303454/SRR16303454_1.fastq.gz;ftp.sra.ebi.ac.uk/vol1/fastq/SRR163/054/SRR16303454/SRR16303454_2.fastq.gz	fasp.sra.ebi.ac.uk:/vol1/fastq/SRR163/054/SRR16303454/SRR16303454_1.fastq.gz;fasp.sra.ebi.ac.uk:/vol1/fastq/SRR163/054/SRR16303454/SRR16303454_2.fastq.gz	ftp.sra.ebi.ac.uk/vol1/fastq/SRR163/054/SRR16303454/SRR16303454_1.fastq.gz;ftp.sra.ebi.ac.uk/vol1/fastq/SRR163/054/SRR16303454/SRR16303454_2.fastq.gz							FECAL881		Metagenome or environmental sample from human metagenome		2022-11-02				GENERATED_FILE;GENERATED_FILE		
SRR16303456	PRJNA770746	SRP341087	SAMN22233439	SRS10537779	SRX12582021	SRA1309995	646099	human metagenome	ILLUMINA	Illumina MiSeq	FECAL268		PAIRED	AMPLICON	METAGENOMIC	PCR	42396	21273517	SUB10513123	2022-11-02	2022-11-02	Illumina MiSeq sequencing: 16S sequencing of oral and gut microbiome in human AD	Alzheimer's Oral and Gut Microbiome Vancouver Canada	PRJNA770746	FECAL268	FECAL268_S137_L001_R1_001.fastq.gz	3456688;4534850	a74867635074338d4c01e75c79679c27;954e3dfc52aec34a3892ddaa0e6981ab	ftp.sra.ebi.ac.uk/vol1/fastq/SRR163/056/SRR16303456/SRR16303456_1.fastq.gz;ftp.sra.ebi.ac.uk/vol1/fastq/SRR163/056/SRR16303456/SRR16303456_2.fastq.gz	fasp.sra.ebi.ac.uk:/vol1/fastq/SRR163/056/SRR16303456/SRR16303456_1.fastq.gz;fasp.sra.ebi.ac.uk:/vol1/fastq/SRR163/056/SRR16303456/SRR16303456_2.fastq.gz	ftp.sra.ebi.ac.uk/vol1/fastq/SRR163/056/SRR16303456/SRR16303456_1.fastq.gz;ftp.sra.ebi.ac.uk/vol1/fastq/SRR163/056/SRR16303456/SRR16303456_2.fastq.gz							FECAL268		Metagenome or environmental sample from human metagenome		2022-11-02				GENERATED_FILE;GENERATED_FILE		
SRR16303457	PRJNA770746	SRP341087	SAMN22233438	SRS10537777	SRX12582020	SRA1309995	646099	human metagenome	ILLUMINA	Illumina MiSeq	FECAL767		PAIRED	AMPLICON	METAGENOMIC	PCR	42334	21245672	SUB10513123	2022-11-02	2022-11-03	Illumina MiSeq sequencing: 16S sequencing of oral and gut microbiome in human AD	Alzheimer's Oral and Gut Microbiome Vancouver Canada	PRJNA770746	FECAL767	FECAL767_S79_L001_R1_001.fastq.gz	3112279;3929943	f4d6e58b41a4ae60fe379e4382640aee;ea4340e2dd1051091836b8da16d40b0c	ftp.sra.ebi.ac.uk/vol1/fastq/SRR163/057/SRR16303457/SRR16303457_1.fastq.gz;ftp.sra.ebi.ac.uk/vol1/fastq/SRR163/057/SRR16303457/SRR16303457_2.fastq.gz	fasp.sra.ebi.ac.uk:/vol1/fastq/SRR163/057/SRR16303457/SRR16303457_1.fastq.gz;fasp.sra.ebi.ac.uk:/vol1/fastq/SRR163/057/SRR16303457/SRR16303457_2.fastq.gz	ftp.sra.ebi.ac.uk/vol1/fastq/SRR163/057/SRR16303457/SRR16303457_1.fastq.gz;ftp.sra.ebi.ac.uk/vol1/fastq/SRR163/057/SRR16303457/SRR16303457_2.fastq.gz							FECAL767		Metagenome or environmental sample from human metagenome		2022-11-02				GENERATED_FILE;GENERATED_FILE		
SRR16303459	PRJNA770746	SRP341087	SAMN22233436	SRS10537775	SRX12582018	SRA1309995	646099	human metagenome	ILLUMINA	Illumina MiSeq	FECAL432		PAIRED	AMPLICON	METAGENOMIC	PCR	48877	24521047	SUB10513123	2022-11-02	2022-11-02	Illumina MiSeq sequencing: 16S sequencing of oral and gut microbiome in human AD	Alzheimer's Oral and Gut Microbiome Vancouver Canada	PRJNA770746	FECAL432	FECAL432_S128_L001_R1_001.fastq.gz	3726249;4891259	70f9fa394975e79221b04879fdbca090;ecf4344ad75e0495b6659b9e4c01e059	ftp.sra.ebi.ac.uk/vol1/fastq/SRR163/059/SRR16303459/SRR16303459_1.fastq.gz;ftp.sra.ebi.ac.uk/vol1/fastq/SRR163/059/SRR16303459/SRR16303459_2.fastq.gz	fasp.sra.ebi.ac.uk:/vol1/fastq/SRR163/059/SRR16303459/SRR16303459_1.fastq.gz;fasp.sra.ebi.ac.uk:/vol1/fastq/SRR163/059/SRR16303459/SRR16303459_2.fastq.gz	ftp.sra.ebi.ac.uk/vol1/fastq/SRR163/059/SRR16303459/SRR16303459_1.fastq.gz;ftp.sra.ebi.ac.uk/vol1/fastq/SRR163/059/SRR16303459/SRR16303459_2.fastq.gz							FECAL432		Metagenome or environmental sample from human metagenome		2022-11-02				GENERATED_FILE;GENERATED_FILE		
SRR16303463	PRJNA770746	SRP341087	SAMN22233433	SRS10537771	SRX12582014	SRA1309995	646099	human metagenome	ILLUMINA	Illumina MiSeq	FECAL375		PAIRED	AMPLICON	METAGENOMIC	PCR	48910	24513719	SUB10513123	2022-11-02	2022-11-02	Illumina MiSeq sequencing: 16S sequencing of oral and gut microbiome in human AD	Alzheimer's Oral and Gut Microbiome Vancouver Canada	PRJNA770746	FECAL375	FECAL375_S99_L001_R1_001.fastq.gz	3672029;4839823	37bd0ff828e4cf88594083b8540570de;7651d6486b1a08197706d289c5ae8603	ftp.sra.ebi.ac.uk/vol1/fastq/SRR163/063/SRR16303463/SRR16303463_1.fastq.gz;ftp.sra.ebi.ac.uk/vol1/fastq/SRR163/063/SRR16303463/SRR16303463_2.fastq.gz	fasp.sra.ebi.ac.uk:/vol1/fastq/SRR163/063/SRR16303463/SRR16303463_1.fastq.gz;fasp.sra.ebi.ac.uk:/vol1/fastq/SRR163/063/SRR16303463/SRR16303463_2.fastq.gz	ftp.sra.ebi.ac.uk/vol1/fastq/SRR163/063/SRR16303463/SRR16303463_1.fastq.gz;ftp.sra.ebi.ac.uk/vol1/fastq/SRR163/063/SRR16303463/SRR16303463_2.fastq.gz							FECAL375		Metagenome or environmental sample from human metagenome		2022-11-02				GENERATED_FILE;GENERATED_FILE		
SRR16303466	PRJNA770746	SRP341087	SAMN22233430	SRS10537767	SRX12582011	SRA1309995	646099	human metagenome	ILLUMINA	Illumina MiSeq	FECAL319		PAIRED	AMPLICON	METAGENOMIC	PCR	38494	19317430	SUB10513123	2022-11-02	2022-11-02	Illumina MiSeq sequencing: 16S sequencing of oral and gut microbiome in human AD	Alzheimer's Oral and Gut Microbiome Vancouver Canada	PRJNA770746	FECAL319	FECAL319_S117_L001_R1_001.fastq.gz	3036689;4019801	080e1077e0556faed6105103c8e78449;1df385e014ee00a0985ca0dee1f552eb	ftp.sra.ebi.ac.uk/vol1/fastq/SRR163/066/SRR16303466/SRR16303466_1.fastq.gz;ftp.sra.ebi.ac.uk/vol1/fastq/SRR163/066/SRR16303466/SRR16303466_2.fastq.gz	fasp.sra.ebi.ac.uk:/vol1/fastq/SRR163/066/SRR16303466/SRR16303466_1.fastq.gz;fasp.sra.ebi.ac.uk:/vol1/fastq/SRR163/066/SRR16303466/SRR16303466_2.fastq.gz	ftp.sra.ebi.ac.uk/vol1/fastq/SRR163/066/SRR16303466/SRR16303466_1.fastq.gz;ftp.sra.ebi.ac.uk/vol1/fastq/SRR163/066/SRR16303466/SRR16303466_2.fastq.gz							FECAL319		Metagenome or environmental sample from human metagenome		2022-11-02				GENERATED_FILE;GENERATED_FILE		
SRR16303467	PRJNA770746	SRP341087	SAMN22233429	SRS10537768	SRX12582010	SRA1309995	646099	human metagenome	ILLUMINA	Illumina MiSeq	FECAL652		PAIRED	AMPLICON	METAGENOMIC	PCR	49413	24795845	SUB10513123	2022-11-02	2022-11-03	Illumina MiSeq sequencing: 16S sequencing of oral and gut microbiome in human AD	Alzheimer's Oral and Gut Microbiome Vancouver Canada	PRJNA770746	FECAL652	FECAL652_S107_L001_R1_001.fastq.gz	3518007;4743835	0620edb73e2d5acb7ca4c8135cd62793;536dd64403e4f0b193314d02474adc21	ftp.sra.ebi.ac.uk/vol1/fastq/SRR163/067/SRR16303467/SRR16303467_1.fastq.gz;ftp.sra.ebi.ac.uk/vol1/fastq/SRR163/067/SRR16303467/SRR16303467_2.fastq.gz	fasp.sra.ebi.ac.uk:/vol1/fastq/SRR163/067/SRR16303467/SRR16303467_1.fastq.gz;fasp.sra.ebi.ac.uk:/vol1/fastq/SRR163/067/SRR16303467/SRR16303467_2.fastq.gz	ftp.sra.ebi.ac.uk/vol1/fastq/SRR163/067/SRR16303467/SRR16303467_1.fastq.gz;ftp.sra.ebi.ac.uk/vol1/fastq/SRR163/067/SRR16303467/SRR16303467_2.fastq.gz							FECAL652		Metagenome or environmental sample from human metagenome		2022-11-02				GENERATED_FILE;GENERATED_FILE		
SRR16303468	PRJNA770746	SRP341087	SAMN22233428	SRS10537766	SRX12582009	SRA1309995	646099	human metagenome	ILLUMINA	Illumina MiSeq	FECAL273		PAIRED	AMPLICON	METAGENOMIC	PCR	48824	24500789	SUB10513123	2022-11-02	2022-11-02	Illumina MiSeq sequencing: 16S sequencing of oral and gut microbiome in human AD	Alzheimer's Oral and Gut Microbiome Vancouver Canada	PRJNA770746	FECAL273	FECAL273_S119_L001_R1_001.fastq.gz	3798425;5125006	79f6041edafcc9792187b054a2d24320;326e86dc373337c09db0bd8fb1fffcc1	ftp.sra.ebi.ac.uk/vol1/fastq/SRR163/068/SRR16303468/SRR16303468_1.fastq.gz;ftp.sra.ebi.ac.uk/vol1/fastq/SRR163/068/SRR16303468/SRR16303468_2.fastq.gz	fasp.sra.ebi.ac.uk:/vol1/fastq/SRR163/068/SRR16303468/SRR16303468_1.fastq.gz;fasp.sra.ebi.ac.uk:/vol1/fastq/SRR163/068/SRR16303468/SRR16303468_2.fastq.gz	ftp.sra.ebi.ac.uk/vol1/fastq/SRR163/068/SRR16303468/SRR16303468_1.fastq.gz;ftp.sra.ebi.ac.uk/vol1/fastq/SRR163/068/SRR16303468/SRR16303468_2.fastq.gz							FECAL273		Metagenome or environmental sample from human metagenome		2022-11-02				GENERATED_FILE;GENERATED_FILE		
SRR16303470	PRJNA770746	SRP341087	SAMN22233426	SRS10537764	SRX12582007	SRA1309995	646099	human metagenome	ILLUMINA	Illumina MiSeq	FECAL180		PAIRED	AMPLICON	METAGENOMIC	PCR	46802	23474044	SUB10513123	2022-11-02	2022-11-03	Illumina MiSeq sequencing: 16S sequencing of oral and gut microbiome in human AD	Alzheimer's Oral and Gut Microbiome Vancouver Canada	PRJNA770746	FECAL180	FECAL180_S135_L001_R1_001.fastq.gz	3805915;5371268	cfd16094d33254ad5b81c7692c2208da;8b76d76c66460b22745e85c2b4c42d98	ftp.sra.ebi.ac.uk/vol1/fastq/SRR163/070/SRR16303470/SRR16303470_1.fastq.gz;ftp.sra.ebi.ac.uk/vol1/fastq/SRR163/070/SRR16303470/SRR16303470_2.fastq.gz	fasp.sra.ebi.ac.uk:/vol1/fastq/SRR163/070/SRR16303470/SRR16303470_1.fastq.gz;fasp.sra.ebi.ac.uk:/vol1/fastq/SRR163/070/SRR16303470/SRR16303470_2.fastq.gz	ftp.sra.ebi.ac.uk/vol1/fastq/SRR163/070/SRR16303470/SRR16303470_1.fastq.gz;ftp.sra.ebi.ac.uk/vol1/fastq/SRR163/070/SRR16303470/SRR16303470_2.fastq.gz							FECAL180		Metagenome or environmental sample from human metagenome		2022-11-02				GENERATED_FILE;GENERATED_FILE		
SRR16303471	PRJNA770746	SRP341087	SAMN22233425	SRS10537763	SRX12582006	SRA1309995	646099	human metagenome	ILLUMINA	Illumina MiSeq	FECAL231		PAIRED	AMPLICON	METAGENOMIC	PCR	22821	11450299	SUB10513123	2022-11-02	2022-11-02	Illumina MiSeq sequencing: 16S sequencing of oral and gut microbiome in human AD	Alzheimer's Oral and Gut Microbiome Vancouver Canada	PRJNA770746	FECAL231	FECAL231_S78_L001_R1_001.fastq.gz	1727916;2249188	fd815ee5e3e34fc190d07eb238d6fa73;c63dc95b72d23a49345f35810493ac67	ftp.sra.ebi.ac.uk/vol1/fastq/SRR163/071/SRR16303471/SRR16303471_1.fastq.gz;ftp.sra.ebi.ac.uk/vol1/fastq/SRR163/071/SRR16303471/SRR16303471_2.fastq.gz	fasp.sra.ebi.ac.uk:/vol1/fastq/SRR163/071/SRR16303471/SRR16303471_1.fastq.gz;fasp.sra.ebi.ac.uk:/vol1/fastq/SRR163/071/SRR16303471/SRR16303471_2.fastq.gz	ftp.sra.ebi.ac.uk/vol1/fastq/SRR163/071/SRR16303471/SRR16303471_1.fastq.gz;ftp.sra.ebi.ac.uk/vol1/fastq/SRR163/071/SRR16303471/SRR16303471_2.fastq.gz							FECAL231		Metagenome or environmental sample from human metagenome		2022-11-02				GENERATED_FILE;GENERATED_FILE		
SRR16303477	PRJNA770746	SRP341087	SAMN22233420	SRS10537756	SRX12582000	SRA1309995	646099	human metagenome	ILLUMINA	Illumina MiSeq	FECAL534		PAIRED	AMPLICON	METAGENOMIC	PCR	48950	24545527	SUB10513123	2022-11-02	2022-11-02	Illumina MiSeq sequencing: 16S sequencing of oral and gut microbiome in human AD	Alzheimer's Oral and Gut Microbiome Vancouver Canada	PRJNA770746	FECAL534	FECAL534_S141_L001_R1_001.fastq.gz	3285467;4747168	c7e4f7b8970b754a7de5c53614749817;09e7d02e1d10fff9862eace459a677dc	ftp.sra.ebi.ac.uk/vol1/fastq/SRR163/077/SRR16303477/SRR16303477_1.fastq.gz;ftp.sra.ebi.ac.uk/vol1/fastq/SRR163/077/SRR16303477/SRR16303477_2.fastq.gz	fasp.sra.ebi.ac.uk:/vol1/fastq/SRR163/077/SRR16303477/SRR16303477_1.fastq.gz;fasp.sra.ebi.ac.uk:/vol1/fastq/SRR163/077/SRR16303477/SRR16303477_2.fastq.gz	ftp.sra.ebi.ac.uk/vol1/fastq/SRR163/077/SRR16303477/SRR16303477_1.fastq.gz;ftp.sra.ebi.ac.uk/vol1/fastq/SRR163/077/SRR16303477/SRR16303477_2.fastq.gz							FECAL534		Metagenome or environmental sample from human metagenome		2022-11-02				GENERATED_FILE;GENERATED_FILE		
SRR16303479	PRJNA770746	SRP341087	SAMN22233418	SRS10537755	SRX12581998	SRA1309995	646099	human metagenome	ILLUMINA	Illumina MiSeq	FECAL817		PAIRED	AMPLICON	METAGENOMIC	PCR	35646	17883744	SUB10513123	2022-11-02	2022-11-02	Illumina MiSeq sequencing: 16S sequencing of oral and gut microbiome in human AD	Alzheimer's Oral and Gut Microbiome Vancouver Canada	PRJNA770746	FECAL817	FECAL817_S142_L001_R1_001.fastq.gz	2837054;3913419	f1f11258b38cf96d1f6c2805e7eec82c;e2159c36b8d935be59aa71cad2e4cd2b	ftp.sra.ebi.ac.uk/vol1/fastq/SRR163/079/SRR16303479/SRR16303479_1.fastq.gz;ftp.sra.ebi.ac.uk/vol1/fastq/SRR163/079/SRR16303479/SRR16303479_2.fastq.gz	fasp.sra.ebi.ac.uk:/vol1/fastq/SRR163/079/SRR16303479/SRR16303479_1.fastq.gz;fasp.sra.ebi.ac.uk:/vol1/fastq/SRR163/079/SRR16303479/SRR16303479_2.fastq.gz	ftp.sra.ebi.ac.uk/vol1/fastq/SRR163/079/SRR16303479/SRR16303479_1.fastq.gz;ftp.sra.ebi.ac.uk/vol1/fastq/SRR163/079/SRR16303479/SRR16303479_2.fastq.gz							FECAL817		Metagenome or environmental sample from human metagenome		2022-11-02				GENERATED_FILE;GENERATED_FILE		
SRR16303481	PRJNA770746	SRP341087	SAMN22233416	SRS10537754	SRX12581996	SRA1309995	646099	human metagenome	ILLUMINA	Illumina MiSeq	FECAL140		PAIRED	AMPLICON	METAGENOMIC	PCR	49526	24841976	SUB10513123	2022-11-02	2022-11-02	Illumina MiSeq sequencing: 16S sequencing of oral and gut microbiome in human AD	Alzheimer's Oral and Gut Microbiome Vancouver Canada	PRJNA770746	FECAL140	FECAL140_S147_L001_R1_001.fastq.gz	3915348;5186298	039cf924ebf107ed2abca9d7b742f277;bcac9f83d3a50f45928f4d0538a1ba18	ftp.sra.ebi.ac.uk/vol1/fastq/SRR163/081/SRR16303481/SRR16303481_1.fastq.gz;ftp.sra.ebi.ac.uk/vol1/fastq/SRR163/081/SRR16303481/SRR16303481_2.fastq.gz	fasp.sra.ebi.ac.uk:/vol1/fastq/SRR163/081/SRR16303481/SRR16303481_1.fastq.gz;fasp.sra.ebi.ac.uk:/vol1/fastq/SRR163/081/SRR16303481/SRR16303481_2.fastq.gz	ftp.sra.ebi.ac.uk/vol1/fastq/SRR163/081/SRR16303481/SRR16303481_1.fastq.gz;ftp.sra.ebi.ac.uk/vol1/fastq/SRR163/081/SRR16303481/SRR16303481_2.fastq.gz							FECAL140		Metagenome or environmental sample from human metagenome		2022-11-02				GENERATED_FILE;GENERATED_FILE		
SRR16303489	PRJNA770746	SRP341087	SAMN22233409	SRS10537745	SRX12581988	SRA1309995	646099	human metagenome	ILLUMINA	Illumina MiSeq	FECAL445		PAIRED	AMPLICON	METAGENOMIC	PCR	23507	11795858	SUB10513123	2022-11-02	2022-11-03	Illumina MiSeq sequencing: 16S sequencing of oral and gut microbiome in human AD	Alzheimer's Oral and Gut Microbiome Vancouver Canada	PRJNA770746	FECAL445	FECAL445_S58_L001_R1_001.fastq.gz	1704873;2213505	2764720c72e4884a1bfd1da8eb28d0e0;abee90e282b4ad7e244dbca2f3e8d668	ftp.sra.ebi.ac.uk/vol1/fastq/SRR163/089/SRR16303489/SRR16303489_1.fastq.gz;ftp.sra.ebi.ac.uk/vol1/fastq/SRR163/089/SRR16303489/SRR16303489_2.fastq.gz	fasp.sra.ebi.ac.uk:/vol1/fastq/SRR163/089/SRR16303489/SRR16303489_1.fastq.gz;fasp.sra.ebi.ac.uk:/vol1/fastq/SRR163/089/SRR16303489/SRR16303489_2.fastq.gz	ftp.sra.ebi.ac.uk/vol1/fastq/SRR163/089/SRR16303489/SRR16303489_1.fastq.gz;ftp.sra.ebi.ac.uk/vol1/fastq/SRR163/089/SRR16303489/SRR16303489_2.fastq.gz							FECAL445		Metagenome or environmental sample from human metagenome		2022-11-02				GENERATED_FILE;GENERATED_FILE		
SRR16303497	PRJNA770746	SRP341087	SAMN22233402	SRS10537737	SRX12581980	SRA1309995	646099	human metagenome	ILLUMINA	Illumina MiSeq	FECAL283		PAIRED	AMPLICON	METAGENOMIC	PCR	20142	10107595	SUB10513123	2022-11-02	2022-11-03	Illumina MiSeq sequencing: 16S sequencing of oral and gut microbiome in human AD	Alzheimer's Oral and Gut Microbiome Vancouver Canada	PRJNA770746	FECAL283	FECAL283_S48_L001_R1_001.fastq.gz	1520309;1933770	5cc4073d7e55013633bcbc9839715abb;08f91b73b17e2fac33d3a0195ec93dc2	ftp.sra.ebi.ac.uk/vol1/fastq/SRR163/097/SRR16303497/SRR16303497_1.fastq.gz;ftp.sra.ebi.ac.uk/vol1/fastq/SRR163/097/SRR16303497/SRR16303497_2.fastq.gz	fasp.sra.ebi.ac.uk:/vol1/fastq/SRR163/097/SRR16303497/SRR16303497_1.fastq.gz;fasp.sra.ebi.ac.uk:/vol1/fastq/SRR163/097/SRR16303497/SRR16303497_2.fastq.gz	ftp.sra.ebi.ac.uk/vol1/fastq/SRR163/097/SRR16303497/SRR16303497_1.fastq.gz;ftp.sra.ebi.ac.uk/vol1/fastq/SRR163/097/SRR16303497/SRR16303497_2.fastq.gz							FECAL283		Metagenome or environmental sample from human metagenome		2022-11-02				GENERATED_FILE;GENERATED_FILE		
SRR16303500	PRJNA770746	SRP341087	SAMN22233399	SRS10537734	SRX12581977	SRA1309995	646099	human metagenome	ILLUMINA	Illumina MiSeq	FECAL723		PAIRED	AMPLICON	METAGENOMIC	PCR	33938	17008608	SUB10513123	2022-11-02	2022-11-03	Illumina MiSeq sequencing: 16S sequencing of oral and gut microbiome in human AD	Alzheimer's Oral and Gut Microbiome Vancouver Canada	PRJNA770746	FECAL723	FECAL723_S74_L001_R1_001.fastq.gz	2487242;3464000	460061ff0bf2fc6e86b8d678026bada8;d3360c5ff47041e200796be73e9c652d	ftp.sra.ebi.ac.uk/vol1/fastq/SRR163/000/SRR16303500/SRR16303500_1.fastq.gz;ftp.sra.ebi.ac.uk/vol1/fastq/SRR163/000/SRR16303500/SRR16303500_2.fastq.gz	fasp.sra.ebi.ac.uk:/vol1/fastq/SRR163/000/SRR16303500/SRR16303500_1.fastq.gz;fasp.sra.ebi.ac.uk:/vol1/fastq/SRR163/000/SRR16303500/SRR16303500_2.fastq.gz	ftp.sra.ebi.ac.uk/vol1/fastq/SRR163/000/SRR16303500/SRR16303500_1.fastq.gz;ftp.sra.ebi.ac.uk/vol1/fastq/SRR163/000/SRR16303500/SRR16303500_2.fastq.gz							FECAL723		Metagenome or environmental sample from human metagenome		2022-11-02				GENERATED_FILE;GENERATED_FILE		
SRR16303509	PRJNA770746	SRP341087	SAMN22233391	SRS10537725	SRX12581968	SRA1309995	646099	human metagenome	ILLUMINA	Illumina MiSeq	FECAL644		PAIRED	AMPLICON	METAGENOMIC	PCR	25411	12745668	SUB10513123	2022-11-02	2022-11-03	Illumina MiSeq sequencing: 16S sequencing of oral and gut microbiome in human AD	Alzheimer's Oral and Gut Microbiome Vancouver Canada	PRJNA770746	FECAL644	FECAL644_S64_L001_R1_001.fastq.gz	2087443;3049231	92d8472d1f9a800ba3ceb11243853ba8;2780d2838055414ba6db48d88a33de1b	ftp.sra.ebi.ac.uk/vol1/fastq/SRR163/009/SRR16303509/SRR16303509_1.fastq.gz;ftp.sra.ebi.ac.uk/vol1/fastq/SRR163/009/SRR16303509/SRR16303509_2.fastq.gz	fasp.sra.ebi.ac.uk:/vol1/fastq/SRR163/009/SRR16303509/SRR16303509_1.fastq.gz;fasp.sra.ebi.ac.uk:/vol1/fastq/SRR163/009/SRR16303509/SRR16303509_2.fastq.gz	ftp.sra.ebi.ac.uk/vol1/fastq/SRR163/009/SRR16303509/SRR16303509_1.fastq.gz;ftp.sra.ebi.ac.uk/vol1/fastq/SRR163/009/SRR16303509/SRR16303509_2.fastq.gz							FECAL644		Metagenome or environmental sample from human metagenome		2022-11-02				GENERATED_FILE;GENERATED_FILE		
SRR16303510	PRJNA770746	SRP341087	SAMN22233390	SRS10537724	SRX12581967	SRA1309995	646099	human metagenome	ILLUMINA	Illumina MiSeq	FECAL529		PAIRED	AMPLICON	METAGENOMIC	PCR	25684	12875967	SUB10513123	2022-11-02	2022-11-02	Illumina MiSeq sequencing: 16S sequencing of oral and gut microbiome in human AD	Alzheimer's Oral and Gut Microbiome Vancouver Canada	PRJNA770746	FECAL529	FECAL529_S55_L001_R1_001.fastq.gz	1864626;2525584	28f8eadaa918fc2e71bbf0b807e2d5e6;76f52954736094ad63d20e944b01e4ab	ftp.sra.ebi.ac.uk/vol1/fastq/SRR163/010/SRR16303510/SRR16303510_1.fastq.gz;ftp.sra.ebi.ac.uk/vol1/fastq/SRR163/010/SRR16303510/SRR16303510_2.fastq.gz	fasp.sra.ebi.ac.uk:/vol1/fastq/SRR163/010/SRR16303510/SRR16303510_1.fastq.gz;fasp.sra.ebi.ac.uk:/vol1/fastq/SRR163/010/SRR16303510/SRR16303510_2.fastq.gz	ftp.sra.ebi.ac.uk/vol1/fastq/SRR163/010/SRR16303510/SRR16303510_1.fastq.gz;ftp.sra.ebi.ac.uk/vol1/fastq/SRR163/010/SRR16303510/SRR16303510_2.fastq.gz							FECAL529		Metagenome or environmental sample from human metagenome		2022-11-02				GENERATED_FILE;GENERATED_FILE		
SRR16303513	PRJNA770746	SRP341087	SAMN22233387	SRS10537721	SRX12581964	SRA1309995	646099	human metagenome	ILLUMINA	Illumina MiSeq	FECAL800		PAIRED	AMPLICON	METAGENOMIC	PCR	23693	11884861	SUB10513123	2022-11-02	2022-11-02	Illumina MiSeq sequencing: 16S sequencing of oral and gut microbiome in human AD	Alzheimer's Oral and Gut Microbiome Vancouver Canada	PRJNA770746	FECAL800	FECAL800_S26_L001_R1_001.fastq.gz	1681888;2227492	4531ff87757ffe89f2a37800fa4381ff;25198dc781bfbe8d32b0be7ba37358a5	ftp.sra.ebi.ac.uk/vol1/fastq/SRR163/013/SRR16303513/SRR16303513_1.fastq.gz;ftp.sra.ebi.ac.uk/vol1/fastq/SRR163/013/SRR16303513/SRR16303513_2.fastq.gz	fasp.sra.ebi.ac.uk:/vol1/fastq/SRR163/013/SRR16303513/SRR16303513_1.fastq.gz;fasp.sra.ebi.ac.uk:/vol1/fastq/SRR163/013/SRR16303513/SRR16303513_2.fastq.gz	ftp.sra.ebi.ac.uk/vol1/fastq/SRR163/013/SRR16303513/SRR16303513_1.fastq.gz;ftp.sra.ebi.ac.uk/vol1/fastq/SRR163/013/SRR16303513/SRR16303513_2.fastq.gz							FECAL800		Metagenome or environmental sample from human metagenome		2022-11-02				GENERATED_FILE;GENERATED_FILE		
SRR16303514	PRJNA770746	SRP341087	SAMN22233386	SRS10537720	SRX12581963	SRA1309995	646099	human metagenome	ILLUMINA	Illumina MiSeq	FECAL899		PAIRED	AMPLICON	METAGENOMIC	PCR	21570	10820730	SUB10513123	2022-11-02	2022-11-03	Illumina MiSeq sequencing: 16S sequencing of oral and gut microbiome in human AD	Alzheimer's Oral and Gut Microbiome Vancouver Canada	PRJNA770746	FECAL899	FECAL899_S16_L001_R1_001.fastq.gz	1595698;2140394	83344f6e6efafd1bc7f55ceab50e61da;282f9fee2ee2a57f2e42469b956e3a3c	ftp.sra.ebi.ac.uk/vol1/fastq/SRR163/014/SRR16303514/SRR16303514_1.fastq.gz;ftp.sra.ebi.ac.uk/vol1/fastq/SRR163/014/SRR16303514/SRR16303514_2.fastq.gz	fasp.sra.ebi.ac.uk:/vol1/fastq/SRR163/014/SRR16303514/SRR16303514_1.fastq.gz;fasp.sra.ebi.ac.uk:/vol1/fastq/SRR163/014/SRR16303514/SRR16303514_2.fastq.gz	ftp.sra.ebi.ac.uk/vol1/fastq/SRR163/014/SRR16303514/SRR16303514_1.fastq.gz;ftp.sra.ebi.ac.uk/vol1/fastq/SRR163/014/SRR16303514/SRR16303514_2.fastq.gz							FECAL899		Metagenome or environmental sample from human metagenome		2022-11-02				GENERATED_FILE;GENERATED_FILE		
SRR16303453	PRJNA770746	SRP341087	SAMN22233442	SRS10537781	SRX12582024	SRA1309995	646099	human metagenome	ILLUMINA	Illumina MiSeq	FECAL669		PAIRED	AMPLICON	METAGENOMIC	PCR	42868	21508658	SUB10513123	2022-11-02	2022-11-02	Illumina MiSeq sequencing: 16S sequencing of oral and gut microbiome in human AD	Alzheimer's Oral and Gut Microbiome Vancouver Canada	PRJNA770746	FECAL669	FECAL669_S98_L001_R1_001.fastq.gz	3188922;4174576	ce70ae1688869cb1ce4bb97a63d610cb;5d72f6b0e43b985af707568f9c7e1ae8	ftp.sra.ebi.ac.uk/vol1/fastq/SRR163/053/SRR16303453/SRR16303453_1.fastq.gz;ftp.sra.ebi.ac.uk/vol1/fastq/SRR163/053/SRR16303453/SRR16303453_2.fastq.gz	fasp.sra.ebi.ac.uk:/vol1/fastq/SRR163/053/SRR16303453/SRR16303453_1.fastq.gz;fasp.sra.ebi.ac.uk:/vol1/fastq/SRR163/053/SRR16303453/SRR16303453_2.fastq.gz	ftp.sra.ebi.ac.uk/vol1/fastq/SRR163/053/SRR16303453/SRR16303453_1.fastq.gz;ftp.sra.ebi.ac.uk/vol1/fastq/SRR163/053/SRR16303453/SRR16303453_2.fastq.gz							FECAL669		Metagenome or environmental sample from human metagenome		2022-11-02				GENERATED_FILE;GENERATED_FILE		
SRR16303515	PRJNA770746	SRP341087	SAMN22233385	SRS10537719	SRX12581962	SRA1309995	646099	human metagenome	ILLUMINA	Illumina MiSeq	FECAL318		PAIRED	AMPLICON	METAGENOMIC	PCR	37872	19000722	SUB10513123	2022-11-02	2022-11-03	Illumina MiSeq sequencing: 16S sequencing of oral and gut microbiome in human AD	Alzheimer's Oral and Gut Microbiome Vancouver Canada	PRJNA770746	FECAL318	FECAL318_S143_L001_R1_001.fastq.gz	2782346;3819442	1f33c05521fcd52c192be890e14567dd;a7ce9795170fb1e3ad5eeb072e2a0955	ftp.sra.ebi.ac.uk/vol1/fastq/SRR163/015/SRR16303515/SRR16303515_1.fastq.gz;ftp.sra.ebi.ac.uk/vol1/fastq/SRR163/015/SRR16303515/SRR16303515_2.fastq.gz	fasp.sra.ebi.ac.uk:/vol1/fastq/SRR163/015/SRR16303515/SRR16303515_1.fastq.gz;fasp.sra.ebi.ac.uk:/vol1/fastq/SRR163/015/SRR16303515/SRR16303515_2.fastq.gz	ftp.sra.ebi.ac.uk/vol1/fastq/SRR163/015/SRR16303515/SRR16303515_1.fastq.gz;ftp.sra.ebi.ac.uk/vol1/fastq/SRR163/015/SRR16303515/SRR16303515_2.fastq.gz							FECAL318		Metagenome or environmental sample from human metagenome		2022-11-02				GENERATED_FILE;GENERATED_FILE		
SRR16303517	PRJNA770746	SRP341087	SAMN22233384	SRS10537717	SRX12581960	SRA1309995	646099	human metagenome	ILLUMINA	Illumina MiSeq	FECAL975		PAIRED	AMPLICON	METAGENOMIC	PCR	31810	15962102	SUB10513123	2022-11-02	2022-11-02	Illumina MiSeq sequencing: 16S sequencing of oral and gut microbiome in human AD	Alzheimer's Oral and Gut Microbiome Vancouver Canada	PRJNA770746	FECAL975	FECAL975_S6_L001_R1_001.fastq.gz	2449324;3180017	fb78bded41adfeb02f4c7772c5fd05e7;37b0838c3c5a23e09c5de5d2f2316a18	ftp.sra.ebi.ac.uk/vol1/fastq/SRR163/017/SRR16303517/SRR16303517_1.fastq.gz;ftp.sra.ebi.ac.uk/vol1/fastq/SRR163/017/SRR16303517/SRR16303517_2.fastq.gz	fasp.sra.ebi.ac.uk:/vol1/fastq/SRR163/017/SRR16303517/SRR16303517_1.fastq.gz;fasp.sra.ebi.ac.uk:/vol1/fastq/SRR163/017/SRR16303517/SRR16303517_2.fastq.gz	ftp.sra.ebi.ac.uk/vol1/fastq/SRR163/017/SRR16303517/SRR16303517_1.fastq.gz;ftp.sra.ebi.ac.uk/vol1/fastq/SRR163/017/SRR16303517/SRR16303517_2.fastq.gz							FECAL975		Metagenome or environmental sample from human metagenome		2022-11-02				GENERATED_FILE;GENERATED_FILE		
SRR16303462	PRJNA770746	SRP341087	SAMN22233434	SRS10537772	SRX12582015	SRA1309995	646099	human metagenome	ILLUMINA	Illumina MiSeq	FECAL203		PAIRED	AMPLICON	METAGENOMIC	PCR	49874	25025529	SUB10513123	2022-11-02	2022-11-03	Illumina MiSeq sequencing: 16S sequencing of oral and gut microbiome in human AD	Alzheimer's Oral and Gut Microbiome Vancouver Canada	PRJNA770746	FECAL203	FECAL203_S145_L001_R1_001.fastq.gz	3746441;5040915	56586dac58214bca3631e2691bb38836;88809742b258ff470efe7e29fe145c7f	ftp.sra.ebi.ac.uk/vol1/fastq/SRR163/062/SRR16303462/SRR16303462_1.fastq.gz;ftp.sra.ebi.ac.uk/vol1/fastq/SRR163/062/SRR16303462/SRR16303462_2.fastq.gz	fasp.sra.ebi.ac.uk:/vol1/fastq/SRR163/062/SRR16303462/SRR16303462_1.fastq.gz;fasp.sra.ebi.ac.uk:/vol1/fastq/SRR163/062/SRR16303462/SRR16303462_2.fastq.gz	ftp.sra.ebi.ac.uk/vol1/fastq/SRR163/062/SRR16303462/SRR16303462_1.fastq.gz;ftp.sra.ebi.ac.uk/vol1/fastq/SRR163/062/SRR16303462/SRR16303462_2.fastq.gz							FECAL203		Metagenome or environmental sample from human metagenome		2022-11-02				GENERATED_FILE;GENERATED_FILE		
SRR16303520	PRJNA770746	SRP341087	SAMN22233381	SRS10537714	SRX12581957	SRA1309995	646099	human metagenome	ILLUMINA	Illumina MiSeq	FECAL695		PAIRED	AMPLICON	METAGENOMIC	PCR	18041	9051430	SUB10513123	2022-11-02	2022-11-03	Illumina MiSeq sequencing: 16S sequencing of oral and gut microbiome in human AD	Alzheimer's Oral and Gut Microbiome Vancouver Canada	PRJNA770746	FECAL695	FECAL695_S54_L001_R1_001.fastq.gz	1347694;1943856	2e72f8c239ad4431abb32fab1c88c4d9;63b6d88133a9b8a252c1f5e03734ca3c	ftp.sra.ebi.ac.uk/vol1/fastq/SRR163/020/SRR16303520/SRR16303520_1.fastq.gz;ftp.sra.ebi.ac.uk/vol1/fastq/SRR163/020/SRR16303520/SRR16303520_2.fastq.gz	fasp.sra.ebi.ac.uk:/vol1/fastq/SRR163/020/SRR16303520/SRR16303520_1.fastq.gz;fasp.sra.ebi.ac.uk:/vol1/fastq/SRR163/020/SRR16303520/SRR16303520_2.fastq.gz	ftp.sra.ebi.ac.uk/vol1/fastq/SRR163/020/SRR16303520/SRR16303520_1.fastq.gz;ftp.sra.ebi.ac.uk/vol1/fastq/SRR163/020/SRR16303520/SRR16303520_2.fastq.gz							FECAL695		Metagenome or environmental sample from human metagenome		2022-11-02				GENERATED_FILE;GENERATED_FILE		
SRR16303464	PRJNA770746	SRP341087	SAMN22233432	SRS10537770	SRX12582013	SRA1309995	646099	human metagenome	ILLUMINA	Illumina MiSeq	FECAL905		PAIRED	AMPLICON	METAGENOMIC	PCR	43966	22064293	SUB10513123	2022-11-02	2022-11-02	Illumina MiSeq sequencing: 16S sequencing of oral and gut microbiome in human AD	Alzheimer's Oral and Gut Microbiome Vancouver Canada	PRJNA770746	FECAL905	FECAL905_S118_L001_R1_001.fastq.gz	3419083;4700959	1f8a53d003aaf61eab38e2fd19b0494f;2d1d50bede61ec032b7c96ab13cd6971	ftp.sra.ebi.ac.uk/vol1/fastq/SRR163/064/SRR16303464/SRR16303464_1.fastq.gz;ftp.sra.ebi.ac.uk/vol1/fastq/SRR163/064/SRR16303464/SRR16303464_2.fastq.gz	fasp.sra.ebi.ac.uk:/vol1/fastq/SRR163/064/SRR16303464/SRR16303464_1.fastq.gz;fasp.sra.ebi.ac.uk:/vol1/fastq/SRR163/064/SRR16303464/SRR16303464_2.fastq.gz	ftp.sra.ebi.ac.uk/vol1/fastq/SRR163/064/SRR16303464/SRR16303464_1.fastq.gz;ftp.sra.ebi.ac.uk/vol1/fastq/SRR163/064/SRR16303464/SRR16303464_2.fastq.gz							FECAL905		Metagenome or environmental sample from human metagenome		2022-11-02				GENERATED_FILE;GENERATED_FILE		
SRR16303522	PRJNA770746	SRP341087	SAMN22233379	SRS10537712	SRX12581955	SRA1309995	646099	human metagenome	ILLUMINA	Illumina MiSeq	FECAL926		PAIRED	AMPLICON	METAGENOMIC	PCR	23966	12025341	SUB10513123	2022-11-02	2022-11-03	Illumina MiSeq sequencing: 16S sequencing of oral and gut microbiome in human AD	Alzheimer's Oral and Gut Microbiome Vancouver Canada	PRJNA770746	FECAL926	FECAL926_S45_L001_R1_001.fastq.gz	1935992;2516290	ee9406edac94f2893e9fbb78b05d9087;22e9efd5a2855cfb4c1c64265623a627	ftp.sra.ebi.ac.uk/vol1/fastq/SRR163/022/SRR16303522/SRR16303522_1.fastq.gz;ftp.sra.ebi.ac.uk/vol1/fastq/SRR163/022/SRR16303522/SRR16303522_2.fastq.gz	fasp.sra.ebi.ac.uk:/vol1/fastq/SRR163/022/SRR16303522/SRR16303522_1.fastq.gz;fasp.sra.ebi.ac.uk:/vol1/fastq/SRR163/022/SRR16303522/SRR16303522_2.fastq.gz	ftp.sra.ebi.ac.uk/vol1/fastq/SRR163/022/SRR16303522/SRR16303522_1.fastq.gz;ftp.sra.ebi.ac.uk/vol1/fastq/SRR163/022/SRR16303522/SRR16303522_2.fastq.gz							FECAL926		Metagenome or environmental sample from human metagenome		2022-11-02				GENERATED_FILE;GENERATED_FILE		
SRR16303465	PRJNA770746	SRP341087	SAMN22233431	SRS10537769	SRX12582012	SRA1309995	646099	human metagenome	ILLUMINA	Illumina MiSeq	FECAL898		PAIRED	AMPLICON	METAGENOMIC	PCR	33558	16832436	SUB10513123	2022-11-02	2022-11-02	Illumina MiSeq sequencing: 16S sequencing of oral and gut microbiome in human AD	Alzheimer's Oral and Gut Microbiome Vancouver Canada	PRJNA770746	FECAL898	FECAL898_S88_L001_R1_001.fastq.gz	2563772;3490430	0f5256e6418d4bc174fa31f0a6eaaa21;bfe724b0c6f651ac05395dec19b31509	ftp.sra.ebi.ac.uk/vol1/fastq/SRR163/065/SRR16303465/SRR16303465_1.fastq.gz;ftp.sra.ebi.ac.uk/vol1/fastq/SRR163/065/SRR16303465/SRR16303465_2.fastq.gz	fasp.sra.ebi.ac.uk:/vol1/fastq/SRR163/065/SRR16303465/SRR16303465_1.fastq.gz;fasp.sra.ebi.ac.uk:/vol1/fastq/SRR163/065/SRR16303465/SRR16303465_2.fastq.gz	ftp.sra.ebi.ac.uk/vol1/fastq/SRR163/065/SRR16303465/SRR16303465_1.fastq.gz;ftp.sra.ebi.ac.uk/vol1/fastq/SRR163/065/SRR16303465/SRR16303465_2.fastq.gz							FECAL898		Metagenome or environmental sample from human metagenome		2022-11-02				GENERATED_FILE;GENERATED_FILE		
SRR16303528	PRJNA770746	SRP341087	SAMN22233374	SRS10537706	SRX12581949	SRA1309995	646099	human metagenome	ILLUMINA	Illumina MiSeq	FECAL756		PAIRED	AMPLICON	METAGENOMIC	PCR	41995	21063309	SUB10513123	2022-11-02	2022-11-02	Illumina MiSeq sequencing: 16S sequencing of oral and gut microbiome in human AD	Alzheimer's Oral and Gut Microbiome Vancouver Canada	PRJNA770746	FECAL756	FECAL756_S115_L001_R1_001.fastq.gz	3549543;4738088	034737808587c2932568c69af8bc9d46;46adb4127e345494141737e2844a4e8c	ftp.sra.ebi.ac.uk/vol1/fastq/SRR163/028/SRR16303528/SRR16303528_1.fastq.gz;ftp.sra.ebi.ac.uk/vol1/fastq/SRR163/028/SRR16303528/SRR16303528_2.fastq.gz	fasp.sra.ebi.ac.uk:/vol1/fastq/SRR163/028/SRR16303528/SRR16303528_1.fastq.gz;fasp.sra.ebi.ac.uk:/vol1/fastq/SRR163/028/SRR16303528/SRR16303528_2.fastq.gz	ftp.sra.ebi.ac.uk/vol1/fastq/SRR163/028/SRR16303528/SRR16303528_1.fastq.gz;ftp.sra.ebi.ac.uk/vol1/fastq/SRR163/028/SRR16303528/SRR16303528_2.fastq.gz							FECAL756		Metagenome or environmental sample from human metagenome		2022-11-02				GENERATED_FILE;GENERATED_FILE		
SRR16303476	PRJNA770746	SRP341087	SAMN22233421	SRS10537758	SRX12582001	SRA1309995	646099	human metagenome	ILLUMINA	Illumina MiSeq	FECAL834		PAIRED	AMPLICON	METAGENOMIC	PCR	21483	10775257	SUB10513123	2022-11-02	2022-11-02	Illumina MiSeq sequencing: 16S sequencing of oral and gut microbiome in human AD	Alzheimer's Oral and Gut Microbiome Vancouver Canada	PRJNA770746	FECAL834	FECAL834_S148_L001_R1_001.fastq.gz	1775532;2378508	3d7c6ff5dff4202badaf03c084be81e4;e9ba39c2125dd3b492328422f0725b3c	ftp.sra.ebi.ac.uk/vol1/fastq/SRR163/076/SRR16303476/SRR16303476_1.fastq.gz;ftp.sra.ebi.ac.uk/vol1/fastq/SRR163/076/SRR16303476/SRR16303476_2.fastq.gz	fasp.sra.ebi.ac.uk:/vol1/fastq/SRR163/076/SRR16303476/SRR16303476_1.fastq.gz;fasp.sra.ebi.ac.uk:/vol1/fastq/SRR163/076/SRR16303476/SRR16303476_2.fastq.gz	ftp.sra.ebi.ac.uk/vol1/fastq/SRR163/076/SRR16303476/SRR16303476_1.fastq.gz;ftp.sra.ebi.ac.uk/vol1/fastq/SRR163/076/SRR16303476/SRR16303476_2.fastq.gz							FECAL834		Metagenome or environmental sample from human metagenome		2022-11-02				GENERATED_FILE;GENERATED_FILE		
SRR16303529	PRJNA770746	SRP341087	SAMN22233373	SRS10537705	SRX12581948	SRA1309995	646099	human metagenome	ILLUMINA	Illumina MiSeq	FECAL728		PAIRED	AMPLICON	METAGENOMIC	PCR	19552	9810822	SUB10513123	2022-11-02	2022-11-02	Illumina MiSeq sequencing: 16S sequencing of oral and gut microbiome in human AD	Alzheimer's Oral and Gut Microbiome Vancouver Canada	PRJNA770746	FECAL728	FECAL728_S44_L001_R1_001.fastq.gz	1320800;1931971	a553c3ff504965bb352dcfe13e8be114;15435b756ce6a2e73bd9ac9e937b6201	ftp.sra.ebi.ac.uk/vol1/fastq/SRR163/029/SRR16303529/SRR16303529_1.fastq.gz;ftp.sra.ebi.ac.uk/vol1/fastq/SRR163/029/SRR16303529/SRR16303529_2.fastq.gz	fasp.sra.ebi.ac.uk:/vol1/fastq/SRR163/029/SRR16303529/SRR16303529_1.fastq.gz;fasp.sra.ebi.ac.uk:/vol1/fastq/SRR163/029/SRR16303529/SRR16303529_2.fastq.gz	ftp.sra.ebi.ac.uk/vol1/fastq/SRR163/029/SRR16303529/SRR16303529_1.fastq.gz;ftp.sra.ebi.ac.uk/vol1/fastq/SRR163/029/SRR16303529/SRR16303529_2.fastq.gz							FECAL728		Metagenome or environmental sample from human metagenome		2022-11-02				GENERATED_FILE;GENERATED_FILE		
SRR16303530	PRJNA770746	SRP341087	SAMN22233372	SRS10537704	SRX12581947	SRA1309995	646099	human metagenome	ILLUMINA	Illumina MiSeq	FECAL286		PAIRED	AMPLICON	METAGENOMIC	PCR	28105	14100931	SUB10513123	2022-11-02	2022-11-03	Illumina MiSeq sequencing: 16S sequencing of oral and gut microbiome in human AD	Alzheimer's Oral and Gut Microbiome Vancouver Canada	PRJNA770746	FECAL286	FECAL286_S24_L001_R1_001.fastq.gz	2148352;2935464	6f32a8ba2e67e3915bd7498b6f136356;ac0bbcbd2a5269db94d0e0a10b42c144	ftp.sra.ebi.ac.uk/vol1/fastq/SRR163/030/SRR16303530/SRR16303530_1.fastq.gz;ftp.sra.ebi.ac.uk/vol1/fastq/SRR163/030/SRR16303530/SRR16303530_2.fastq.gz	fasp.sra.ebi.ac.uk:/vol1/fastq/SRR163/030/SRR16303530/SRR16303530_1.fastq.gz;fasp.sra.ebi.ac.uk:/vol1/fastq/SRR163/030/SRR16303530/SRR16303530_2.fastq.gz	ftp.sra.ebi.ac.uk/vol1/fastq/SRR163/030/SRR16303530/SRR16303530_1.fastq.gz;ftp.sra.ebi.ac.uk/vol1/fastq/SRR163/030/SRR16303530/SRR16303530_2.fastq.gz							FECAL286		Metagenome or environmental sample from human metagenome		2022-11-02				GENERATED_FILE;GENERATED_FILE		
SRR16303482	PRJNA770746	SRP341087	SAMN22233415	SRS10537752	SRX12581995	SRA1309995	646099	human metagenome	ILLUMINA	Illumina MiSeq	FECAL413		PAIRED	AMPLICON	METAGENOMIC	PCR	6660	3341772	SUB10513123	2022-11-02	2022-11-03	Illumina MiSeq sequencing: 16S sequencing of oral and gut microbiome in human AD	Alzheimer's Oral and Gut Microbiome Vancouver Canada	PRJNA770746	FECAL413	FECAL413_S84_L001_R1_001.fastq.gz	547206;705572	0d8b13dc605566e498feec40540da4e9;4723a6fd22c3d56708f99de6a55890c3	ftp.sra.ebi.ac.uk/vol1/fastq/SRR163/082/SRR16303482/SRR16303482_1.fastq.gz;ftp.sra.ebi.ac.uk/vol1/fastq/SRR163/082/SRR16303482/SRR16303482_2.fastq.gz	fasp.sra.ebi.ac.uk:/vol1/fastq/SRR163/082/SRR16303482/SRR16303482_1.fastq.gz;fasp.sra.ebi.ac.uk:/vol1/fastq/SRR163/082/SRR16303482/SRR16303482_2.fastq.gz	ftp.sra.ebi.ac.uk/vol1/fastq/SRR163/082/SRR16303482/SRR16303482_1.fastq.gz;ftp.sra.ebi.ac.uk/vol1/fastq/SRR163/082/SRR16303482/SRR16303482_2.fastq.gz							FECAL413		Metagenome or environmental sample from human metagenome		2022-11-02				GENERATED_FILE;GENERATED_FILE		
SRR16303532	PRJNA770746	SRP341087	SAMN22233370	SRS10537702	SRX12581945	SRA1309995	646099	human metagenome	ILLUMINA	Illumina MiSeq	FECAL167		PAIRED	AMPLICON	METAGENOMIC	PCR	24394	12241275	SUB10513123	2022-11-02	2022-11-02	Illumina MiSeq sequencing: 16S sequencing of oral and gut microbiome in human AD	Alzheimer's Oral and Gut Microbiome Vancouver Canada	PRJNA770746	FECAL167	FECAL167_S14_L001_R1_001.fastq.gz	1803578;2345856	cc84b45614419df5fa5ab04d73ba5bc6;4228f9b27862264d2f136f877aa5dc37	ftp.sra.ebi.ac.uk/vol1/fastq/SRR163/032/SRR16303532/SRR16303532_1.fastq.gz;ftp.sra.ebi.ac.uk/vol1/fastq/SRR163/032/SRR16303532/SRR16303532_2.fastq.gz	fasp.sra.ebi.ac.uk:/vol1/fastq/SRR163/032/SRR16303532/SRR16303532_1.fastq.gz;fasp.sra.ebi.ac.uk:/vol1/fastq/SRR163/032/SRR16303532/SRR16303532_2.fastq.gz	ftp.sra.ebi.ac.uk/vol1/fastq/SRR163/032/SRR16303532/SRR16303532_1.fastq.gz;ftp.sra.ebi.ac.uk/vol1/fastq/SRR163/032/SRR16303532/SRR16303532_2.fastq.gz							FECAL167		Metagenome or environmental sample from human metagenome		2022-11-02				GENERATED_FILE;GENERATED_FILE		
SRR16303484	PRJNA770746	SRP341087	SAMN22233414	SRS10537750	SRX12581993	SRA1309995	646099	human metagenome	ILLUMINA	Illumina MiSeq	FECAL801		PAIRED	AMPLICON	METAGENOMIC	PCR	36700	18407630	SUB10513123	2022-11-02	2022-11-03	Illumina MiSeq sequencing: 16S sequencing of oral and gut microbiome in human AD	Alzheimer's Oral and Gut Microbiome Vancouver Canada	PRJNA770746	FECAL801	FECAL801_S111_L001_R1_001.fastq.gz	3112974;3937429	c77ea394ce54ea379ea33a02141d5cb9;9e1f6995e14be49c07d54b76feef359c	ftp.sra.ebi.ac.uk/vol1/fastq/SRR163/084/SRR16303484/SRR16303484_1.fastq.gz;ftp.sra.ebi.ac.uk/vol1/fastq/SRR163/084/SRR16303484/SRR16303484_2.fastq.gz	fasp.sra.ebi.ac.uk:/vol1/fastq/SRR163/084/SRR16303484/SRR16303484_1.fastq.gz;fasp.sra.ebi.ac.uk:/vol1/fastq/SRR163/084/SRR16303484/SRR16303484_2.fastq.gz	ftp.sra.ebi.ac.uk/vol1/fastq/SRR163/084/SRR16303484/SRR16303484_1.fastq.gz;ftp.sra.ebi.ac.uk/vol1/fastq/SRR163/084/SRR16303484/SRR16303484_2.fastq.gz							FECAL801		Metagenome or environmental sample from human metagenome		2022-11-02				GENERATED_FILE;GENERATED_FILE		
SRR16303533	PRJNA770746	SRP341087	SAMN22233369	SRS10537701	SRX12581944	SRA1309995	646099	human metagenome	ILLUMINA	Illumina MiSeq	FECAL345		PAIRED	AMPLICON	METAGENOMIC	PCR	39575	19855177	SUB10513123	2022-11-02	2022-11-03	Illumina MiSeq sequencing: 16S sequencing of oral and gut microbiome in human AD	Alzheimer's Oral and Gut Microbiome Vancouver Canada	PRJNA770746	FECAL345	FECAL345_S132_L001_R1_001.fastq.gz	3163993;4084333	c63d53a994908edd166a8d8b4e1391e3;0361090529cd5e1e06e50f58d2554d5d	ftp.sra.ebi.ac.uk/vol1/fastq/SRR163/033/SRR16303533/SRR16303533_1.fastq.gz;ftp.sra.ebi.ac.uk/vol1/fastq/SRR163/033/SRR16303533/SRR16303533_2.fastq.gz	fasp.sra.ebi.ac.uk:/vol1/fastq/SRR163/033/SRR16303533/SRR16303533_1.fastq.gz;fasp.sra.ebi.ac.uk:/vol1/fastq/SRR163/033/SRR16303533/SRR16303533_2.fastq.gz	ftp.sra.ebi.ac.uk/vol1/fastq/SRR163/033/SRR16303533/SRR16303533_1.fastq.gz;ftp.sra.ebi.ac.uk/vol1/fastq/SRR163/033/SRR16303533/SRR16303533_2.fastq.gz							FECAL345		Metagenome or environmental sample from human metagenome		2022-11-02				GENERATED_FILE;GENERATED_FILE		
SRR16303539	PRJNA770746	SRP341087	SAMN22233364	SRS10537695	SRX12581938	SRA1309995	646099	human metagenome	ILLUMINA	Illumina MiSeq	FECAL409		PAIRED	AMPLICON	METAGENOMIC	PCR	29052	14572273	SUB10513123	2022-11-02	2022-11-02	Illumina MiSeq sequencing: 16S sequencing of oral and gut microbiome in human AD	Alzheimer's Oral and Gut Microbiome Vancouver Canada	PRJNA770746	FECAL409	FECAL409_S33_L001_R1_001.fastq.gz	2442766;3166688	8eb7481ed700ebe2f6f5b0e129279c9d;3130799472c4a0330d4324ff23171069	ftp.sra.ebi.ac.uk/vol1/fastq/SRR163/039/SRR16303539/SRR16303539_1.fastq.gz;ftp.sra.ebi.ac.uk/vol1/fastq/SRR163/039/SRR16303539/SRR16303539_2.fastq.gz	fasp.sra.ebi.ac.uk:/vol1/fastq/SRR163/039/SRR16303539/SRR16303539_1.fastq.gz;fasp.sra.ebi.ac.uk:/vol1/fastq/SRR163/039/SRR16303539/SRR16303539_2.fastq.gz	ftp.sra.ebi.ac.uk/vol1/fastq/SRR163/039/SRR16303539/SRR16303539_1.fastq.gz;ftp.sra.ebi.ac.uk/vol1/fastq/SRR163/039/SRR16303539/SRR16303539_2.fastq.gz							FECAL409		Metagenome or environmental sample from human metagenome		2022-11-02				GENERATED_FILE;GENERATED_FILE		
SRR16303485	PRJNA770746	SRP341087	SAMN22233413	SRS10537749	SRX12581992	SRA1309995	646099	human metagenome	ILLUMINA	Illumina MiSeq	FECAL311		PAIRED	AMPLICON	METAGENOMIC	PCR	28506	14298109	SUB10513123	2022-11-02	2022-11-02	Illumina MiSeq sequencing: 16S sequencing of oral and gut microbiome in human AD	Alzheimer's Oral and Gut Microbiome Vancouver Canada	PRJNA770746	FECAL311	FECAL311_S20_L001_R1_001.fastq.gz	2082142;2778371	47229262904f605408635c8a85ba7c3b;323f7b6ce47bd433b06f33d5a6a852aa	ftp.sra.ebi.ac.uk/vol1/fastq/SRR163/085/SRR16303485/SRR16303485_1.fastq.gz;ftp.sra.ebi.ac.uk/vol1/fastq/SRR163/085/SRR16303485/SRR16303485_2.fastq.gz	fasp.sra.ebi.ac.uk:/vol1/fastq/SRR163/085/SRR16303485/SRR16303485_1.fastq.gz;fasp.sra.ebi.ac.uk:/vol1/fastq/SRR163/085/SRR16303485/SRR16303485_2.fastq.gz	ftp.sra.ebi.ac.uk/vol1/fastq/SRR163/085/SRR16303485/SRR16303485_1.fastq.gz;ftp.sra.ebi.ac.uk/vol1/fastq/SRR163/085/SRR16303485/SRR16303485_2.fastq.gz							FECAL311		Metagenome or environmental sample from human metagenome		2022-11-02				GENERATED_FILE;GENERATED_FILE		
SRR16303541	PRJNA770746	SRP341087	SAMN22233362	SRS10537693	SRX12581936	SRA1309995	646099	human metagenome	ILLUMINA	Illumina MiSeq	FECAL293		PAIRED	AMPLICON	METAGENOMIC	PCR	12131	6086139	SUB10513123	2022-11-02	2022-11-03	Illumina MiSeq sequencing: 16S sequencing of oral and gut microbiome in human AD	Alzheimer's Oral and Gut Microbiome Vancouver Canada	PRJNA770746	FECAL293	FECAL293_S23_L001_R1_001.fastq.gz	924147;1326311	a38df7157357f36a2bd4ea12fb4216d3;1f90df698824a728d2548bf1241e2983	ftp.sra.ebi.ac.uk/vol1/fastq/SRR163/041/SRR16303541/SRR16303541_1.fastq.gz;ftp.sra.ebi.ac.uk/vol1/fastq/SRR163/041/SRR16303541/SRR16303541_2.fastq.gz	fasp.sra.ebi.ac.uk:/vol1/fastq/SRR163/041/SRR16303541/SRR16303541_1.fastq.gz;fasp.sra.ebi.ac.uk:/vol1/fastq/SRR163/041/SRR16303541/SRR16303541_2.fastq.gz	ftp.sra.ebi.ac.uk/vol1/fastq/SRR163/041/SRR16303541/SRR16303541_1.fastq.gz;ftp.sra.ebi.ac.uk/vol1/fastq/SRR163/041/SRR16303541/SRR16303541_2.fastq.gz							FECAL293		Metagenome or environmental sample from human metagenome		2022-11-02				GENERATED_FILE;GENERATED_FILE		
SRR16303487	PRJNA770746	SRP341087	SAMN22233411	SRS10537747	SRX12581990	SRA1309995	646099	human metagenome	ILLUMINA	Illumina MiSeq	FECAL981		PAIRED	AMPLICON	METAGENOMIC	PCR	25960	13025315	SUB10513123	2022-11-02	2022-11-02	Illumina MiSeq sequencing: 16S sequencing of oral and gut microbiome in human AD	Alzheimer's Oral and Gut Microbiome Vancouver Canada	PRJNA770746	FECAL981	FECAL981_S76_L001_R1_001.fastq.gz	2025384;2612087	4c2ef0784281a21aa4e3891fe561b225;490aa6fff724a00d698abfbdbd881255	ftp.sra.ebi.ac.uk/vol1/fastq/SRR163/087/SRR16303487/SRR16303487_1.fastq.gz;ftp.sra.ebi.ac.uk/vol1/fastq/SRR163/087/SRR16303487/SRR16303487_2.fastq.gz	fasp.sra.ebi.ac.uk:/vol1/fastq/SRR163/087/SRR16303487/SRR16303487_1.fastq.gz;fasp.sra.ebi.ac.uk:/vol1/fastq/SRR163/087/SRR16303487/SRR16303487_2.fastq.gz	ftp.sra.ebi.ac.uk/vol1/fastq/SRR163/087/SRR16303487/SRR16303487_1.fastq.gz;ftp.sra.ebi.ac.uk/vol1/fastq/SRR163/087/SRR16303487/SRR16303487_2.fastq.gz							FECAL981		Metagenome or environmental sample from human metagenome		2022-11-02				GENERATED_FILE;GENERATED_FILE		
SRR16303546	PRJNA770746	SRP341087	SAMN22233357	SRS10537688	SRX12581931	SRA1309995	646099	human metagenome	ILLUMINA	Illumina MiSeq	FECAL580		PAIRED	AMPLICON	METAGENOMIC	PCR	2730	1369879	SUB10513123	2022-11-02	2022-11-02	Illumina MiSeq sequencing: 16S sequencing of oral and gut microbiome in human AD	Alzheimer's Oral and Gut Microbiome Vancouver Canada	PRJNA770746	FECAL580	FECAL580_S103_L001_R1_001.fastq.gz	203018;267077	abe835c8437ee7e4f15eb27b39828271;db8e8fc2fc1fd1785652c49f8819ba22	ftp.sra.ebi.ac.uk/vol1/fastq/SRR163/046/SRR16303546/SRR16303546_1.fastq.gz;ftp.sra.ebi.ac.uk/vol1/fastq/SRR163/046/SRR16303546/SRR16303546_2.fastq.gz	fasp.sra.ebi.ac.uk:/vol1/fastq/SRR163/046/SRR16303546/SRR16303546_1.fastq.gz;fasp.sra.ebi.ac.uk:/vol1/fastq/SRR163/046/SRR16303546/SRR16303546_2.fastq.gz	ftp.sra.ebi.ac.uk/vol1/fastq/SRR163/046/SRR16303546/SRR16303546_1.fastq.gz;ftp.sra.ebi.ac.uk/vol1/fastq/SRR163/046/SRR16303546/SRR16303546_2.fastq.gz							FECAL580		Metagenome or environmental sample from human metagenome		2022-11-02				GENERATED_FILE;GENERATED_FILE		
SRR16303490	PRJNA770746	SRP341087	SAMN22233408	SRS10537744	SRX12581987	SRA1309995	646099	human metagenome	ILLUMINA	Illumina MiSeq	FECAL740		PAIRED	AMPLICON	METAGENOMIC	PCR	21833	10952523	SUB10513123	2022-11-02	2022-11-02	Illumina MiSeq sequencing: 16S sequencing of oral and gut microbiome in human AD	Alzheimer's Oral and Gut Microbiome Vancouver Canada	PRJNA770746	FECAL740	FECAL740_S49_L001_R1_001.fastq.gz	1676200;2168356	1b9e51abd4a54b3c9cb7764544451b8d;392eb5e19bf8ed32127bd542d9ce566c	ftp.sra.ebi.ac.uk/vol1/fastq/SRR163/090/SRR16303490/SRR16303490_1.fastq.gz;ftp.sra.ebi.ac.uk/vol1/fastq/SRR163/090/SRR16303490/SRR16303490_2.fastq.gz	fasp.sra.ebi.ac.uk:/vol1/fastq/SRR163/090/SRR16303490/SRR16303490_1.fastq.gz;fasp.sra.ebi.ac.uk:/vol1/fastq/SRR163/090/SRR16303490/SRR16303490_2.fastq.gz	ftp.sra.ebi.ac.uk/vol1/fastq/SRR163/090/SRR16303490/SRR16303490_1.fastq.gz;ftp.sra.ebi.ac.uk/vol1/fastq/SRR163/090/SRR16303490/SRR16303490_2.fastq.gz							FECAL740		Metagenome or environmental sample from human metagenome		2022-11-02				GENERATED_FILE;GENERATED_FILE		
SRR16303547	PRJNA770746	SRP341087	SAMN22233356	SRS10537687	SRX12581930	SRA1309995	646099	human metagenome	ILLUMINA	Illumina MiSeq	FECAL390		PAIRED	AMPLICON	METAGENOMIC	PCR	12773	6398696	SUB10513123	2022-11-02	2022-11-02	Illumina MiSeq sequencing: 16S sequencing of oral and gut microbiome in human AD	Alzheimer's Oral and Gut Microbiome Vancouver Canada	PRJNA770746	FECAL390	FECAL390_S60_L001_R1_001.fastq.gz	963555;1433859	505ae2f07975cbf54ec6f49c247d1190;885f564113249bc089528a1ec813e57c	ftp.sra.ebi.ac.uk/vol1/fastq/SRR163/047/SRR16303547/SRR16303547_1.fastq.gz;ftp.sra.ebi.ac.uk/vol1/fastq/SRR163/047/SRR16303547/SRR16303547_2.fastq.gz	fasp.sra.ebi.ac.uk:/vol1/fastq/SRR163/047/SRR16303547/SRR16303547_1.fastq.gz;fasp.sra.ebi.ac.uk:/vol1/fastq/SRR163/047/SRR16303547/SRR16303547_2.fastq.gz	ftp.sra.ebi.ac.uk/vol1/fastq/SRR163/047/SRR16303547/SRR16303547_1.fastq.gz;ftp.sra.ebi.ac.uk/vol1/fastq/SRR163/047/SRR16303547/SRR16303547_2.fastq.gz							FECAL390		Metagenome or environmental sample from human metagenome		2022-11-02				GENERATED_FILE;GENERATED_FILE		
SRR16303551	PRJNA770746	SRP341087	SAMN22233353	SRS10537683	SRX12581926	SRA1309995	646099	human metagenome	ILLUMINA	Illumina MiSeq	FECAL842		PAIRED	AMPLICON	METAGENOMIC	PCR	19117	9593632	SUB10513123	2022-11-02	2022-11-03	Illumina MiSeq sequencing: 16S sequencing of oral and gut microbiome in human AD	Alzheimer's Oral and Gut Microbiome Vancouver Canada	PRJNA770746	FECAL842	FECAL842_S32_L001_R1_001.fastq.gz	1573324;1993347	033e5abb4bd92e4d5e49d958deaff047;28065fdda33c57ce61a2ad9bed09ea6c	ftp.sra.ebi.ac.uk/vol1/fastq/SRR163/051/SRR16303551/SRR16303551_1.fastq.gz;ftp.sra.ebi.ac.uk/vol1/fastq/SRR163/051/SRR16303551/SRR16303551_2.fastq.gz	fasp.sra.ebi.ac.uk:/vol1/fastq/SRR163/051/SRR16303551/SRR16303551_1.fastq.gz;fasp.sra.ebi.ac.uk:/vol1/fastq/SRR163/051/SRR16303551/SRR16303551_2.fastq.gz	ftp.sra.ebi.ac.uk/vol1/fastq/SRR163/051/SRR16303551/SRR16303551_1.fastq.gz;ftp.sra.ebi.ac.uk/vol1/fastq/SRR163/051/SRR16303551/SRR16303551_2.fastq.gz							FECAL842		Metagenome or environmental sample from human metagenome		2022-11-02				GENERATED_FILE;GENERATED_FILE		
SRR16303491	PRJNA770746	SRP341087	SAMN22233407	SRS10537743	SRX12581986	SRA1309995	646099	human metagenome	ILLUMINA	Illumina MiSeq	FECAL653		PAIRED	AMPLICON	METAGENOMIC	PCR	18979	9523708	SUB10513123	2022-11-02	2022-11-02	Illumina MiSeq sequencing: 16S sequencing of oral and gut microbiome in human AD	Alzheimer's Oral and Gut Microbiome Vancouver Canada	PRJNA770746	FECAL653	FECAL653_S29_L001_R1_001.fastq.gz	1563437;1992321	bcc430eb462f993726f26c019f968f11;7979647bcc42452a6df67ad6b6f76d04	ftp.sra.ebi.ac.uk/vol1/fastq/SRR163/091/SRR16303491/SRR16303491_1.fastq.gz;ftp.sra.ebi.ac.uk/vol1/fastq/SRR163/091/SRR16303491/SRR16303491_2.fastq.gz	fasp.sra.ebi.ac.uk:/vol1/fastq/SRR163/091/SRR16303491/SRR16303491_1.fastq.gz;fasp.sra.ebi.ac.uk:/vol1/fastq/SRR163/091/SRR16303491/SRR16303491_2.fastq.gz	ftp.sra.ebi.ac.uk/vol1/fastq/SRR163/091/SRR16303491/SRR16303491_1.fastq.gz;ftp.sra.ebi.ac.uk/vol1/fastq/SRR163/091/SRR16303491/SRR16303491_2.fastq.gz							FECAL653		Metagenome or environmental sample from human metagenome		2022-11-02				GENERATED_FILE;GENERATED_FILE		
SRR16303553	PRJNA770746	SRP341087	SAMN22233351	SRS10537681	SRX12581924	SRA1309995	646099	human metagenome	ILLUMINA	Illumina MiSeq	FECAL498		PAIRED	AMPLICON	METAGENOMIC	PCR	36621	18376877	SUB10513123	2022-11-02	2022-11-03	Illumina MiSeq sequencing: 16S sequencing of oral and gut microbiome in human AD	Alzheimer's Oral and Gut Microbiome Vancouver Canada	PRJNA770746	FECAL498	FECAL498_S2_L001_R1_001.fastq.gz	2892764;3507233	f3824b4efd4cf1da5f847c66d752d337;eab639feb2fd052e5f7433b836a7b322	ftp.sra.ebi.ac.uk/vol1/fastq/SRR163/053/SRR16303553/SRR16303553_1.fastq.gz;ftp.sra.ebi.ac.uk/vol1/fastq/SRR163/053/SRR16303553/SRR16303553_2.fastq.gz	fasp.sra.ebi.ac.uk:/vol1/fastq/SRR163/053/SRR16303553/SRR16303553_1.fastq.gz;fasp.sra.ebi.ac.uk:/vol1/fastq/SRR163/053/SRR16303553/SRR16303553_2.fastq.gz	ftp.sra.ebi.ac.uk/vol1/fastq/SRR163/053/SRR16303553/SRR16303553_1.fastq.gz;ftp.sra.ebi.ac.uk/vol1/fastq/SRR163/053/SRR16303553/SRR16303553_2.fastq.gz							FECAL498		Metagenome or environmental sample from human metagenome		2022-11-02				GENERATED_FILE;GENERATED_FILE		
SRR16303492	PRJNA770746	SRP341087	SAMN22233406	SRS10537742	SRX12581985	SRA1309995	646099	human metagenome	ILLUMINA	Illumina MiSeq	FECAL968		PAIRED	AMPLICON	METAGENOMIC	PCR	27338	13714265	SUB10513123	2022-11-02	2022-11-03	Illumina MiSeq sequencing: 16S sequencing of oral and gut microbiome in human AD	Alzheimer's Oral and Gut Microbiome Vancouver Canada	PRJNA770746	FECAL968	FECAL968_S19_L001_R1_001.fastq.gz	2117604;2950533	32a4bb93f3729d818ee5f2ecb32ca1c7;9109bd5f5725fe6319902167e760525f	ftp.sra.ebi.ac.uk/vol1/fastq/SRR163/092/SRR16303492/SRR16303492_1.fastq.gz;ftp.sra.ebi.ac.uk/vol1/fastq/SRR163/092/SRR16303492/SRR16303492_2.fastq.gz	fasp.sra.ebi.ac.uk:/vol1/fastq/SRR163/092/SRR16303492/SRR16303492_1.fastq.gz;fasp.sra.ebi.ac.uk:/vol1/fastq/SRR163/092/SRR16303492/SRR16303492_2.fastq.gz	ftp.sra.ebi.ac.uk/vol1/fastq/SRR163/092/SRR16303492/SRR16303492_1.fastq.gz;ftp.sra.ebi.ac.uk/vol1/fastq/SRR163/092/SRR16303492/SRR16303492_2.fastq.gz							FECAL968		Metagenome or environmental sample from human metagenome		2022-11-02				GENERATED_FILE;GENERATED_FILE		
SRR16303557	PRJNA770746	SRP341087	SAMN22233347	SRS10537677	SRX12581920	SRA1309995	646099	human metagenome	ILLUMINA	Illumina MiSeq	FECAL970		PAIRED	AMPLICON	METAGENOMIC	PCR	27826	13960349	SUB10513123	2022-11-02	2022-11-02	Illumina MiSeq sequencing: 16S sequencing of oral and gut microbiome in human AD	Alzheimer's Oral and Gut Microbiome Vancouver Canada	PRJNA770746	FECAL970	FECAL970_S31_L001_R1_001.fastq.gz	2087395;2930945	60b65a147111f17fe620f9bb01383007;36e5899c3d7cd787a77b64cbaed4a34b	ftp.sra.ebi.ac.uk/vol1/fastq/SRR163/057/SRR16303557/SRR16303557_1.fastq.gz;ftp.sra.ebi.ac.uk/vol1/fastq/SRR163/057/SRR16303557/SRR16303557_2.fastq.gz	fasp.sra.ebi.ac.uk:/vol1/fastq/SRR163/057/SRR16303557/SRR16303557_1.fastq.gz;fasp.sra.ebi.ac.uk:/vol1/fastq/SRR163/057/SRR16303557/SRR16303557_2.fastq.gz	ftp.sra.ebi.ac.uk/vol1/fastq/SRR163/057/SRR16303557/SRR16303557_1.fastq.gz;ftp.sra.ebi.ac.uk/vol1/fastq/SRR163/057/SRR16303557/SRR16303557_2.fastq.gz							FECAL970		Metagenome or environmental sample from human metagenome		2022-11-02				GENERATED_FILE;GENERATED_FILE		
SRR16303495	PRJNA770746	SRP341087	SAMN22233404	SRS10537739	SRX12581982	SRA1309995	646099	human metagenome	ILLUMINA	Illumina MiSeq	FECAL186		PAIRED	AMPLICON	METAGENOMIC	PCR	35709	17918558	SUB10513123	2022-11-02	2022-11-02	Illumina MiSeq sequencing: 16S sequencing of oral and gut microbiome in human AD	Alzheimer's Oral and Gut Microbiome Vancouver Canada	PRJNA770746	FECAL186	FECAL186_S75_L001_R1_001.fastq.gz	2552001;3546862	13e5cd6c07b74437271ec5b6beaa3cd9;92bb8b915d2e426739ea982cb339731f	ftp.sra.ebi.ac.uk/vol1/fastq/SRR163/095/SRR16303495/SRR16303495_1.fastq.gz;ftp.sra.ebi.ac.uk/vol1/fastq/SRR163/095/SRR16303495/SRR16303495_2.fastq.gz	fasp.sra.ebi.ac.uk:/vol1/fastq/SRR163/095/SRR16303495/SRR16303495_1.fastq.gz;fasp.sra.ebi.ac.uk:/vol1/fastq/SRR163/095/SRR16303495/SRR16303495_2.fastq.gz	ftp.sra.ebi.ac.uk/vol1/fastq/SRR163/095/SRR16303495/SRR16303495_1.fastq.gz;ftp.sra.ebi.ac.uk/vol1/fastq/SRR163/095/SRR16303495/SRR16303495_2.fastq.gz							FECAL186		Metagenome or environmental sample from human metagenome		2022-11-02				GENERATED_FILE;GENERATED_FILE		
SRR16303504	PRJNA770746	SRP341087	SAMN22233395	SRS10537730	SRX12581973	SRA1309995	646099	human metagenome	ILLUMINA	Illumina MiSeq	FECAL285		PAIRED	AMPLICON	METAGENOMIC	PCR	25426	12755625	SUB10513123	2022-11-02	2022-11-02	Illumina MiSeq sequencing: 16S sequencing of oral and gut microbiome in human AD	Alzheimer's Oral and Gut Microbiome Vancouver Canada	PRJNA770746	FECAL285	FECAL285_S47_L001_R1_001.fastq.gz	2097322;2705446	bd5935b6ecff4044948501851d45d84c;dfcd5e98c6eba6a1dfbc7ae5a5d5135f	ftp.sra.ebi.ac.uk/vol1/fastq/SRR163/004/SRR16303504/SRR16303504_1.fastq.gz;ftp.sra.ebi.ac.uk/vol1/fastq/SRR163/004/SRR16303504/SRR16303504_2.fastq.gz	fasp.sra.ebi.ac.uk:/vol1/fastq/SRR163/004/SRR16303504/SRR16303504_1.fastq.gz;fasp.sra.ebi.ac.uk:/vol1/fastq/SRR163/004/SRR16303504/SRR16303504_2.fastq.gz	ftp.sra.ebi.ac.uk/vol1/fastq/SRR163/004/SRR16303504/SRR16303504_1.fastq.gz;ftp.sra.ebi.ac.uk/vol1/fastq/SRR163/004/SRR16303504/SRR16303504_2.fastq.gz							FECAL285		Metagenome or environmental sample from human metagenome		2022-11-02				GENERATED_FILE;GENERATED_FILE		
SRR16303511	PRJNA770746	SRP341087	SAMN22233389	SRS10537723	SRX12581966	SRA1309995	646099	human metagenome	ILLUMINA	Illumina MiSeq	FECAL474		PAIRED	AMPLICON	METAGENOMIC	PCR	22098	11090219	SUB10513123	2022-11-02	2022-11-03	Illumina MiSeq sequencing: 16S sequencing of oral and gut microbiome in human AD	Alzheimer's Oral and Gut Microbiome Vancouver Canada	PRJNA770746	FECAL474	FECAL474_S46_L001_R1_001.fastq.gz	1471087;2005181	cf4ba04033a13468d5ebbc5bcbebf522;974201fd5dc4f782501e87d5697f7a69	ftp.sra.ebi.ac.uk/vol1/fastq/SRR163/011/SRR16303511/SRR16303511_1.fastq.gz;ftp.sra.ebi.ac.uk/vol1/fastq/SRR163/011/SRR16303511/SRR16303511_2.fastq.gz	fasp.sra.ebi.ac.uk:/vol1/fastq/SRR163/011/SRR16303511/SRR16303511_1.fastq.gz;fasp.sra.ebi.ac.uk:/vol1/fastq/SRR163/011/SRR16303511/SRR16303511_2.fastq.gz	ftp.sra.ebi.ac.uk/vol1/fastq/SRR163/011/SRR16303511/SRR16303511_1.fastq.gz;ftp.sra.ebi.ac.uk/vol1/fastq/SRR163/011/SRR16303511/SRR16303511_2.fastq.gz							FECAL474		Metagenome or environmental sample from human metagenome		2022-11-02				GENERATED_FILE;GENERATED_FILE		
SRR16303512	PRJNA770746	SRP341087	SAMN22233388	SRS10537722	SRX12581965	SRA1309995	646099	human metagenome	ILLUMINA	Illumina MiSeq	FECAL380		PAIRED	AMPLICON	METAGENOMIC	PCR	22570	11324722	SUB10513123	2022-11-02	2022-11-02	Illumina MiSeq sequencing: 16S sequencing of oral and gut microbiome in human AD	Alzheimer's Oral and Gut Microbiome Vancouver Canada	PRJNA770746	FECAL380	FECAL380_S36_L001_R1_001.fastq.gz	1777772;2458467	70dc562f9fbf23b9d2b6101d7801d502;793f2f6c10e5fd0172abeff1f4b21fa0	ftp.sra.ebi.ac.uk/vol1/fastq/SRR163/012/SRR16303512/SRR16303512_1.fastq.gz;ftp.sra.ebi.ac.uk/vol1/fastq/SRR163/012/SRR16303512/SRR16303512_2.fastq.gz	fasp.sra.ebi.ac.uk:/vol1/fastq/SRR163/012/SRR16303512/SRR16303512_1.fastq.gz;fasp.sra.ebi.ac.uk:/vol1/fastq/SRR163/012/SRR16303512/SRR16303512_2.fastq.gz	ftp.sra.ebi.ac.uk/vol1/fastq/SRR163/012/SRR16303512/SRR16303512_1.fastq.gz;ftp.sra.ebi.ac.uk/vol1/fastq/SRR163/012/SRR16303512/SRR16303512_2.fastq.gz							FECAL380		Metagenome or environmental sample from human metagenome		2022-11-02				GENERATED_FILE;GENERATED_FILE		
SRR16303531	PRJNA770746	SRP341087	SAMN22233371	SRS10537703	SRX12581946	SRA1309995	646099	human metagenome	ILLUMINA	Illumina MiSeq	FECAL749		PAIRED	AMPLICON	METAGENOMIC	PCR	47578	23876004	SUB10513123	2022-11-02	2022-11-02	Illumina MiSeq sequencing: 16S sequencing of oral and gut microbiome in human AD	Alzheimer's Oral and Gut Microbiome Vancouver Canada	PRJNA770746	FECAL749	FECAL749_S105_L001_R1_001.fastq.gz	3125227;4433506	5608cf6c5c0e0c302b6dedc03d73f019;4272d3443ce2a814cd4928b98ce8bb02	ftp.sra.ebi.ac.uk/vol1/fastq/SRR163/031/SRR16303531/SRR16303531_1.fastq.gz;ftp.sra.ebi.ac.uk/vol1/fastq/SRR163/031/SRR16303531/SRR16303531_2.fastq.gz	fasp.sra.ebi.ac.uk:/vol1/fastq/SRR163/031/SRR16303531/SRR16303531_1.fastq.gz;fasp.sra.ebi.ac.uk:/vol1/fastq/SRR163/031/SRR16303531/SRR16303531_2.fastq.gz	ftp.sra.ebi.ac.uk/vol1/fastq/SRR163/031/SRR16303531/SRR16303531_1.fastq.gz;ftp.sra.ebi.ac.uk/vol1/fastq/SRR163/031/SRR16303531/SRR16303531_2.fastq.gz							FECAL749		Metagenome or environmental sample from human metagenome		2022-11-02				GENERATED_FILE;GENERATED_FILE		
SRR16303534	PRJNA770746	SRP341087	SAMN22233368	SRS10537700	SRX12581943	SRA1309995	646099	human metagenome	ILLUMINA	Illumina MiSeq	FECAL414		PAIRED	AMPLICON	METAGENOMIC	PCR	24855	12470462	SUB10513123	2022-11-02	2022-11-02	Illumina MiSeq sequencing: 16S sequencing of oral and gut microbiome in human AD	Alzheimer's Oral and Gut Microbiome Vancouver Canada	PRJNA770746	FECAL414	FECAL414_S70_L001_R1_001.fastq.gz	1948974;2614788	7a941af515f6bb50e3d9f962f8b17866;d60a9f7ad5163093ce9fde267fb9e212	ftp.sra.ebi.ac.uk/vol1/fastq/SRR163/034/SRR16303534/SRR16303534_1.fastq.gz;ftp.sra.ebi.ac.uk/vol1/fastq/SRR163/034/SRR16303534/SRR16303534_2.fastq.gz	fasp.sra.ebi.ac.uk:/vol1/fastq/SRR163/034/SRR16303534/SRR16303534_1.fastq.gz;fasp.sra.ebi.ac.uk:/vol1/fastq/SRR163/034/SRR16303534/SRR16303534_2.fastq.gz	ftp.sra.ebi.ac.uk/vol1/fastq/SRR163/034/SRR16303534/SRR16303534_1.fastq.gz;ftp.sra.ebi.ac.uk/vol1/fastq/SRR163/034/SRR16303534/SRR16303534_2.fastq.gz							FECAL414		Metagenome or environmental sample from human metagenome		2022-11-02				GENERATED_FILE;GENERATED_FILE		
SRR16303536	PRJNA770746	SRP341087	SAMN22233366	SRS10537698	SRX12581941	SRA1309995	646099	human metagenome	ILLUMINA	Illumina MiSeq	FECAL420		PAIRED	AMPLICON	METAGENOMIC	PCR	12133	6083959	SUB10513123	2022-11-02	2022-11-02	Illumina MiSeq sequencing: 16S sequencing of oral and gut microbiome in human AD	Alzheimer's Oral and Gut Microbiome Vancouver Canada	PRJNA770746	FECAL420	FECAL420_S52_L001_R1_001.fastq.gz	945442;1266134	ce0cdba8de6e84516d8be12f6fc3d062;19953761b0ec304255efd9fd6f016fd5	ftp.sra.ebi.ac.uk/vol1/fastq/SRR163/036/SRR16303536/SRR16303536_1.fastq.gz;ftp.sra.ebi.ac.uk/vol1/fastq/SRR163/036/SRR16303536/SRR16303536_2.fastq.gz	fasp.sra.ebi.ac.uk:/vol1/fastq/SRR163/036/SRR16303536/SRR16303536_1.fastq.gz;fasp.sra.ebi.ac.uk:/vol1/fastq/SRR163/036/SRR16303536/SRR16303536_2.fastq.gz	ftp.sra.ebi.ac.uk/vol1/fastq/SRR163/036/SRR16303536/SRR16303536_1.fastq.gz;ftp.sra.ebi.ac.uk/vol1/fastq/SRR163/036/SRR16303536/SRR16303536_2.fastq.gz							FECAL420		Metagenome or environmental sample from human metagenome		2022-11-02				GENERATED_FILE;GENERATED_FILE		
SRR16303542	PRJNA770746	SRP341087	SAMN22233361	SRS10537692	SRX12581935	SRA1309995	646099	human metagenome	ILLUMINA	Illumina MiSeq	FECAL236		PAIRED	AMPLICON	METAGENOMIC	PCR	48349	24214456	SUB10513123	2022-11-02	2022-11-02	Illumina MiSeq sequencing: 16S sequencing of oral and gut microbiome in human AD	Alzheimer's Oral and Gut Microbiome Vancouver Canada	PRJNA770746	FECAL236	FECAL236_S113_L001_R1_001.fastq.gz	3333209;4643010	488089a36f3b5c58616a1a3518ff7cf0;acbae2b948e0e2b80b41645095360225	ftp.sra.ebi.ac.uk/vol1/fastq/SRR163/042/SRR16303542/SRR16303542_1.fastq.gz;ftp.sra.ebi.ac.uk/vol1/fastq/SRR163/042/SRR16303542/SRR16303542_2.fastq.gz	fasp.sra.ebi.ac.uk:/vol1/fastq/SRR163/042/SRR16303542/SRR16303542_1.fastq.gz;fasp.sra.ebi.ac.uk:/vol1/fastq/SRR163/042/SRR16303542/SRR16303542_2.fastq.gz	ftp.sra.ebi.ac.uk/vol1/fastq/SRR163/042/SRR16303542/SRR16303542_1.fastq.gz;ftp.sra.ebi.ac.uk/vol1/fastq/SRR163/042/SRR16303542/SRR16303542_2.fastq.gz							FECAL236		Metagenome or environmental sample from human metagenome		2022-11-02				GENERATED_FILE;GENERATED_FILE		
SRR16303550	PRJNA770746	SRP341087	SAMN22233354	SRS10537684	SRX12581927	SRA1309995	646099	human metagenome	ILLUMINA	Illumina MiSeq	FECAL693		PAIRED	AMPLICON	METAGENOMIC	PCR	31702	15909516	SUB10513123	2022-11-02	2022-11-02	Illumina MiSeq sequencing: 16S sequencing of oral and gut microbiome in human AD	Alzheimer's Oral and Gut Microbiome Vancouver Canada	PRJNA770746	FECAL693	FECAL693_S42_L001_R1_001.fastq.gz	2300981;3080181	46f42df7da24473fa9b126ce3e48bdad;e52fc728c3430bf51769c76fe1ce5f5d	ftp.sra.ebi.ac.uk/vol1/fastq/SRR163/050/SRR16303550/SRR16303550_1.fastq.gz;ftp.sra.ebi.ac.uk/vol1/fastq/SRR163/050/SRR16303550/SRR16303550_2.fastq.gz	fasp.sra.ebi.ac.uk:/vol1/fastq/SRR163/050/SRR16303550/SRR16303550_1.fastq.gz;fasp.sra.ebi.ac.uk:/vol1/fastq/SRR163/050/SRR16303550/SRR16303550_2.fastq.gz	ftp.sra.ebi.ac.uk/vol1/fastq/SRR163/050/SRR16303550/SRR16303550_1.fastq.gz;ftp.sra.ebi.ac.uk/vol1/fastq/SRR163/050/SRR16303550/SRR16303550_2.fastq.gz							FECAL693		Metagenome or environmental sample from human metagenome		2022-11-02				GENERATED_FILE;GENERATED_FILE		
SRR16303555	PRJNA770746	SRP341087	SAMN22233349	SRS10537679	SRX12581922	SRA1309995	646099	human metagenome	ILLUMINA	Illumina MiSeq	FECAL213		PAIRED	AMPLICON	METAGENOMIC	PCR	27629	13861598	SUB10513123	2022-11-02	2022-11-02	Illumina MiSeq sequencing: 16S sequencing of oral and gut microbiome in human AD	Alzheimer's Oral and Gut Microbiome Vancouver Canada	PRJNA770746	FECAL213	FECAL213_S68_L001_R1_001.fastq.gz	2175427;2952434	7d4bde1e8e30c70072ae3117c690f3a0;8749066d01facb25e294b7c7ad346901	ftp.sra.ebi.ac.uk/vol1/fastq/SRR163/055/SRR16303555/SRR16303555_1.fastq.gz;ftp.sra.ebi.ac.uk/vol1/fastq/SRR163/055/SRR16303555/SRR16303555_2.fastq.gz	fasp.sra.ebi.ac.uk:/vol1/fastq/SRR163/055/SRR16303555/SRR16303555_1.fastq.gz;fasp.sra.ebi.ac.uk:/vol1/fastq/SRR163/055/SRR16303555/SRR16303555_2.fastq.gz	ftp.sra.ebi.ac.uk/vol1/fastq/SRR163/055/SRR16303555/SRR16303555_1.fastq.gz;ftp.sra.ebi.ac.uk/vol1/fastq/SRR163/055/SRR16303555/SRR16303555_2.fastq.gz							FECAL213		Metagenome or environmental sample from human metagenome		2022-11-02				GENERATED_FILE;GENERATED_FILE		
SRR16303556	PRJNA770746	SRP341087	SAMN22233348	SRS10537678	SRX12581921	SRA1309995	646099	human metagenome	ILLUMINA	Illumina MiSeq	FECAL952		PAIRED	AMPLICON	METAGENOMIC	PCR	21465	10770421	SUB10513123	2022-11-02	2022-11-02	Illumina MiSeq sequencing: 16S sequencing of oral and gut microbiome in human AD	Alzheimer's Oral and Gut Microbiome Vancouver Canada	PRJNA770746	FECAL952	FECAL952_S41_L001_R1_001.fastq.gz	1728079;2189700	8516f098184dc199def5f527bedaae57;a172d84dd65f71686db98e5fea653ab6	ftp.sra.ebi.ac.uk/vol1/fastq/SRR163/056/SRR16303556/SRR16303556_1.fastq.gz;ftp.sra.ebi.ac.uk/vol1/fastq/SRR163/056/SRR16303556/SRR16303556_2.fastq.gz	fasp.sra.ebi.ac.uk:/vol1/fastq/SRR163/056/SRR16303556/SRR16303556_1.fastq.gz;fasp.sra.ebi.ac.uk:/vol1/fastq/SRR163/056/SRR16303556/SRR16303556_2.fastq.gz	ftp.sra.ebi.ac.uk/vol1/fastq/SRR163/056/SRR16303556/SRR16303556_1.fastq.gz;ftp.sra.ebi.ac.uk/vol1/fastq/SRR163/056/SRR16303556/SRR16303556_2.fastq.gz							FECAL952		Metagenome or environmental sample from human metagenome		2022-11-02				GENERATED_FILE;GENERATED_FILE		
SRR16303558	PRJNA770746	SRP341087	SAMN22233346	SRS10537676	SRX12581919	SRA1309995	646099	human metagenome	ILLUMINA	Illumina MiSeq	FECAL163		PAIRED	AMPLICON	METAGENOMIC	PCR	41841	20991564	SUB10513123	2022-11-02	2022-11-03	Illumina MiSeq sequencing: 16S sequencing of oral and gut microbiome in human AD	Alzheimer's Oral and Gut Microbiome Vancouver Canada	PRJNA770746	FECAL163	FECAL163_S83_L001_R1_001.fastq.gz	3175224;4289674	a21ec4c1f38bf2938b43533ac2213a14;4294b8e8cae2325a9aaec1149d35506a	ftp.sra.ebi.ac.uk/vol1/fastq/SRR163/058/SRR16303558/SRR16303558_1.fastq.gz;ftp.sra.ebi.ac.uk/vol1/fastq/SRR163/058/SRR16303558/SRR16303558_2.fastq.gz	fasp.sra.ebi.ac.uk:/vol1/fastq/SRR163/058/SRR16303558/SRR16303558_1.fastq.gz;fasp.sra.ebi.ac.uk:/vol1/fastq/SRR163/058/SRR16303558/SRR16303558_2.fastq.gz	ftp.sra.ebi.ac.uk/vol1/fastq/SRR163/058/SRR16303558/SRR16303558_1.fastq.gz;ftp.sra.ebi.ac.uk/vol1/fastq/SRR163/058/SRR16303558/SRR16303558_2.fastq.gz							FECAL163		Metagenome or environmental sample from human metagenome		2022-11-02				GENERATED_FILE;GENERATED_FILE		
SRR16303559	PRJNA770746	SRP341087	SAMN22233345	SRS10537675	SRX12581918	SRA1309995	646099	human metagenome	ILLUMINA	Illumina MiSeq	FECAL302		PAIRED	AMPLICON	METAGENOMIC	PCR	51275	25725516	SUB10513123	2022-11-02	2022-11-02	Illumina MiSeq sequencing: 16S sequencing of oral and gut microbiome in human AD	Alzheimer's Oral and Gut Microbiome Vancouver Canada	PRJNA770746	FECAL302	FECAL302_S149_L001_R1_001.fastq.gz	3401503;5289673	52b45f04e846d2af0c987307843e97c8;603df8fb1ce31417f08940bf33cab6a5	ftp.sra.ebi.ac.uk/vol1/fastq/SRR163/059/SRR16303559/SRR16303559_1.fastq.gz;ftp.sra.ebi.ac.uk/vol1/fastq/SRR163/059/SRR16303559/SRR16303559_2.fastq.gz	fasp.sra.ebi.ac.uk:/vol1/fastq/SRR163/059/SRR16303559/SRR16303559_1.fastq.gz;fasp.sra.ebi.ac.uk:/vol1/fastq/SRR163/059/SRR16303559/SRR16303559_2.fastq.gz	ftp.sra.ebi.ac.uk/vol1/fastq/SRR163/059/SRR16303559/SRR16303559_1.fastq.gz;ftp.sra.ebi.ac.uk/vol1/fastq/SRR163/059/SRR16303559/SRR16303559_2.fastq.gz							FECAL302		Metagenome or environmental sample from human metagenome		2022-11-02				GENERATED_FILE;GENERATED_FILE		
SRR16303455	PRJNA770746	SRP341087	SAMN22233440	SRS10537778	SRX12582022	SRA1309995	646099	human metagenome	ILLUMINA	Illumina MiSeq	FECAL882		PAIRED	AMPLICON	METAGENOMIC	PCR	35670	17900237	SUB10513123	2022-11-02	2022-11-02	Illumina MiSeq sequencing: 16S sequencing of oral and gut microbiome in human AD	Alzheimer's Oral and Gut Microbiome Vancouver Canada	PRJNA770746	FECAL882	FECAL882_S100_L001_R1_001.fastq.gz	2610429;3379177	7cfb4752083e38fd65bbdcdfdd36f58e;1a4815709a6d0c053b37bfcc99205a01	ftp.sra.ebi.ac.uk/vol1/fastq/SRR163/055/SRR16303455/SRR16303455_1.fastq.gz;ftp.sra.ebi.ac.uk/vol1/fastq/SRR163/055/SRR16303455/SRR16303455_2.fastq.gz	fasp.sra.ebi.ac.uk:/vol1/fastq/SRR163/055/SRR16303455/SRR16303455_1.fastq.gz;fasp.sra.ebi.ac.uk:/vol1/fastq/SRR163/055/SRR16303455/SRR16303455_2.fastq.gz	ftp.sra.ebi.ac.uk/vol1/fastq/SRR163/055/SRR16303455/SRR16303455_1.fastq.gz;ftp.sra.ebi.ac.uk/vol1/fastq/SRR163/055/SRR16303455/SRR16303455_2.fastq.gz							FECAL882		Metagenome or environmental sample from human metagenome		2022-11-02				GENERATED_FILE;GENERATED_FILE		
SRR16303458	PRJNA770746	SRP341087	SAMN22233437	SRS10537776	SRX12582019	SRA1309995	646099	human metagenome	ILLUMINA	Illumina MiSeq	FECAL916		PAIRED	AMPLICON	METAGENOMIC	PCR	36938	18533326	SUB10513123	2022-11-02	2022-11-02	Illumina MiSeq sequencing: 16S sequencing of oral and gut microbiome in human AD	Alzheimer's Oral and Gut Microbiome Vancouver Canada	PRJNA770746	FECAL916	FECAL916_S80_L001_R1_001.fastq.gz	2985734;3949163	3b6eb0a418979f2dc362b7db4a09e0de;003b9c4b18bbe9c37624ade9e9acecc3	ftp.sra.ebi.ac.uk/vol1/fastq/SRR163/058/SRR16303458/SRR16303458_1.fastq.gz;ftp.sra.ebi.ac.uk/vol1/fastq/SRR163/058/SRR16303458/SRR16303458_2.fastq.gz	fasp.sra.ebi.ac.uk:/vol1/fastq/SRR163/058/SRR16303458/SRR16303458_1.fastq.gz;fasp.sra.ebi.ac.uk:/vol1/fastq/SRR163/058/SRR16303458/SRR16303458_2.fastq.gz	ftp.sra.ebi.ac.uk/vol1/fastq/SRR163/058/SRR16303458/SRR16303458_1.fastq.gz;ftp.sra.ebi.ac.uk/vol1/fastq/SRR163/058/SRR16303458/SRR16303458_2.fastq.gz							FECAL916		Metagenome or environmental sample from human metagenome		2022-11-02				GENERATED_FILE;GENERATED_FILE		
SRR16303460	PRJNA770746	SRP341087	SAMN22233435	SRS10537774	SRX12582017	SRA1309995	646099	human metagenome	ILLUMINA	Illumina MiSeq	FECAL184		PAIRED	AMPLICON	METAGENOMIC	PCR	18110	9086698	SUB10513123	2022-11-02	2022-11-02	Illumina MiSeq sequencing: 16S sequencing of oral and gut microbiome in human AD	Alzheimer's Oral and Gut Microbiome Vancouver Canada	PRJNA770746	FECAL184	FECAL184_S89_L001_R1_001.fastq.gz	1390509;1757765	3a681359aff83e6481a74d2e8b976993;13a40baeac14063bbf4e8e2d317232d9	ftp.sra.ebi.ac.uk/vol1/fastq/SRR163/060/SRR16303460/SRR16303460_1.fastq.gz;ftp.sra.ebi.ac.uk/vol1/fastq/SRR163/060/SRR16303460/SRR16303460_2.fastq.gz	fasp.sra.ebi.ac.uk:/vol1/fastq/SRR163/060/SRR16303460/SRR16303460_1.fastq.gz;fasp.sra.ebi.ac.uk:/vol1/fastq/SRR163/060/SRR16303460/SRR16303460_2.fastq.gz	ftp.sra.ebi.ac.uk/vol1/fastq/SRR163/060/SRR16303460/SRR16303460_1.fastq.gz;ftp.sra.ebi.ac.uk/vol1/fastq/SRR163/060/SRR16303460/SRR16303460_2.fastq.gz							FECAL184		Metagenome or environmental sample from human metagenome		2022-11-02				GENERATED_FILE;GENERATED_FILE		
SRR16303469	PRJNA770746	SRP341087	SAMN22233427	SRS10537765	SRX12582008	SRA1309995	646099	human metagenome	ILLUMINA	Illumina MiSeq	FECAL807		PAIRED	AMPLICON	METAGENOMIC	PCR	37755	18942978	SUB10513123	2022-11-02	2022-11-02	Illumina MiSeq sequencing: 16S sequencing of oral and gut microbiome in human AD	Alzheimer's Oral and Gut Microbiome Vancouver Canada	PRJNA770746	FECAL807	FECAL807_S77_L001_R1_001.fastq.gz	2999440;4143478	17dc18bf817ccf89e7217cf8b6ed67a2;ebbcdb6cbd585fdd2f02fe59c3c303a2	ftp.sra.ebi.ac.uk/vol1/fastq/SRR163/069/SRR16303469/SRR16303469_1.fastq.gz;ftp.sra.ebi.ac.uk/vol1/fastq/SRR163/069/SRR16303469/SRR16303469_2.fastq.gz	fasp.sra.ebi.ac.uk:/vol1/fastq/SRR163/069/SRR16303469/SRR16303469_1.fastq.gz;fasp.sra.ebi.ac.uk:/vol1/fastq/SRR163/069/SRR16303469/SRR16303469_2.fastq.gz	ftp.sra.ebi.ac.uk/vol1/fastq/SRR163/069/SRR16303469/SRR16303469_1.fastq.gz;ftp.sra.ebi.ac.uk/vol1/fastq/SRR163/069/SRR16303469/SRR16303469_2.fastq.gz							FECAL807		Metagenome or environmental sample from human metagenome		2022-11-02				GENERATED_FILE;GENERATED_FILE		
SRR16303473	PRJNA770746	SRP341087	SAMN22233424	SRS10537761	SRX12582004	SRA1309995	646099	human metagenome	ILLUMINA	Illumina MiSeq	FECAL270		PAIRED	AMPLICON	METAGENOMIC	PCR	47840	24007002	SUB10513123	2022-11-02	2022-11-03	Illumina MiSeq sequencing: 16S sequencing of oral and gut microbiome in human AD	Alzheimer's Oral and Gut Microbiome Vancouver Canada	PRJNA770746	FECAL270	FECAL270_S144_L001_R1_001.fastq.gz	3252915;4524183	27d9d6e4768fdfa36ce4c2d33ce06def;13c3d7ddf09f9cbce3a85b838b19bf39	ftp.sra.ebi.ac.uk/vol1/fastq/SRR163/073/SRR16303473/SRR16303473_1.fastq.gz;ftp.sra.ebi.ac.uk/vol1/fastq/SRR163/073/SRR16303473/SRR16303473_2.fastq.gz	fasp.sra.ebi.ac.uk:/vol1/fastq/SRR163/073/SRR16303473/SRR16303473_1.fastq.gz;fasp.sra.ebi.ac.uk:/vol1/fastq/SRR163/073/SRR16303473/SRR16303473_2.fastq.gz	ftp.sra.ebi.ac.uk/vol1/fastq/SRR163/073/SRR16303473/SRR16303473_1.fastq.gz;ftp.sra.ebi.ac.uk/vol1/fastq/SRR163/073/SRR16303473/SRR16303473_2.fastq.gz							FECAL270		Metagenome or environmental sample from human metagenome		2022-11-02				GENERATED_FILE;GENERATED_FILE		
SRR16303474	PRJNA770746	SRP341087	SAMN22233423	SRS10537760	SRX12582003	SRA1309995	646099	human metagenome	ILLUMINA	Illumina MiSeq	FECAL470		PAIRED	AMPLICON	METAGENOMIC	PCR	28381	14236377	SUB10513123	2022-11-02	2022-11-02	Illumina MiSeq sequencing: 16S sequencing of oral and gut microbiome in human AD	Alzheimer's Oral and Gut Microbiome Vancouver Canada	PRJNA770746	FECAL470	FECAL470_S101_L001_R1_001.fastq.gz	2374569;3133364	e48bffd41a5bbb0e606280e4cd316cb4;bbfea6ede851deef6e17af4be6f51a6d	ftp.sra.ebi.ac.uk/vol1/fastq/SRR163/074/SRR16303474/SRR16303474_1.fastq.gz;ftp.sra.ebi.ac.uk/vol1/fastq/SRR163/074/SRR16303474/SRR16303474_2.fastq.gz	fasp.sra.ebi.ac.uk:/vol1/fastq/SRR163/074/SRR16303474/SRR16303474_1.fastq.gz;fasp.sra.ebi.ac.uk:/vol1/fastq/SRR163/074/SRR16303474/SRR16303474_2.fastq.gz	ftp.sra.ebi.ac.uk/vol1/fastq/SRR163/074/SRR16303474/SRR16303474_1.fastq.gz;ftp.sra.ebi.ac.uk/vol1/fastq/SRR163/074/SRR16303474/SRR16303474_2.fastq.gz							FECAL470		Metagenome or environmental sample from human metagenome		2022-11-02				GENERATED_FILE;GENERATED_FILE		
SRR16303475	PRJNA770746	SRP341087	SAMN22233422	SRS10537759	SRX12582002	SRA1309995	646099	human metagenome	ILLUMINA	Illumina MiSeq	FECAL411		PAIRED	AMPLICON	METAGENOMIC	PCR	44790	22472201	SUB10513123	2022-11-02	2022-11-02	Illumina MiSeq sequencing: 16S sequencing of oral and gut microbiome in human AD	Alzheimer's Oral and Gut Microbiome Vancouver Canada	PRJNA770746	FECAL411	FECAL411_S129_L001_R1_001.fastq.gz	3420176;4610256	c2073444e1617d98463180aa3e9f59b7;ef577b0959679b3af493d2ae1089881a	ftp.sra.ebi.ac.uk/vol1/fastq/SRR163/075/SRR16303475/SRR16303475_1.fastq.gz;ftp.sra.ebi.ac.uk/vol1/fastq/SRR163/075/SRR16303475/SRR16303475_2.fastq.gz	fasp.sra.ebi.ac.uk:/vol1/fastq/SRR163/075/SRR16303475/SRR16303475_1.fastq.gz;fasp.sra.ebi.ac.uk:/vol1/fastq/SRR163/075/SRR16303475/SRR16303475_2.fastq.gz	ftp.sra.ebi.ac.uk/vol1/fastq/SRR163/075/SRR16303475/SRR16303475_1.fastq.gz;ftp.sra.ebi.ac.uk/vol1/fastq/SRR163/075/SRR16303475/SRR16303475_2.fastq.gz							FECAL411		Metagenome or environmental sample from human metagenome		2022-11-02				GENERATED_FILE;GENERATED_FILE		
SRR16303478	PRJNA770746	SRP341087	SAMN22233419	SRS10537757	SRX12581999	SRA1309995	646099	human metagenome	ILLUMINA	Illumina MiSeq	FECAL830		PAIRED	AMPLICON	METAGENOMIC	PCR	38107	19114892	SUB10513123	2022-11-02	2022-11-03	Illumina MiSeq sequencing: 16S sequencing of oral and gut microbiome in human AD	Alzheimer's Oral and Gut Microbiome Vancouver Canada	PRJNA770746	FECAL830	FECAL830_S81_L001_R1_001.fastq.gz	3137572;4271755	32a0e4a670c626c6895484472080e849;db210d81128a32827ca22f663ef2adb5	ftp.sra.ebi.ac.uk/vol1/fastq/SRR163/078/SRR16303478/SRR16303478_1.fastq.gz;ftp.sra.ebi.ac.uk/vol1/fastq/SRR163/078/SRR16303478/SRR16303478_2.fastq.gz	fasp.sra.ebi.ac.uk:/vol1/fastq/SRR163/078/SRR16303478/SRR16303478_1.fastq.gz;fasp.sra.ebi.ac.uk:/vol1/fastq/SRR163/078/SRR16303478/SRR16303478_2.fastq.gz	ftp.sra.ebi.ac.uk/vol1/fastq/SRR163/078/SRR16303478/SRR16303478_1.fastq.gz;ftp.sra.ebi.ac.uk/vol1/fastq/SRR163/078/SRR16303478/SRR16303478_2.fastq.gz							FECAL830		Metagenome or environmental sample from human metagenome		2022-11-02				GENERATED_FILE;GENERATED_FILE		
SRR16303480	PRJNA770746	SRP341087	SAMN22233417	SRS10537753	SRX12581997	SRA1309995	646099	human metagenome	ILLUMINA	Illumina MiSeq	FECAL256		PAIRED	AMPLICON	METAGENOMIC	PCR	23747	11912501	SUB10513123	2022-11-02	2022-11-02	Illumina MiSeq sequencing: 16S sequencing of oral and gut microbiome in human AD	Alzheimer's Oral and Gut Microbiome Vancouver Canada	PRJNA770746	FECAL256	FECAL256_S92_L001_R1_001.fastq.gz	1774227;2565562	2246b9c1c54d0720916619b28e33cc1a;de098f70301f31f9f8b5838d67137f6b	ftp.sra.ebi.ac.uk/vol1/fastq/SRR163/080/SRR16303480/SRR16303480_1.fastq.gz;ftp.sra.ebi.ac.uk/vol1/fastq/SRR163/080/SRR16303480/SRR16303480_2.fastq.gz	fasp.sra.ebi.ac.uk:/vol1/fastq/SRR163/080/SRR16303480/SRR16303480_1.fastq.gz;fasp.sra.ebi.ac.uk:/vol1/fastq/SRR163/080/SRR16303480/SRR16303480_2.fastq.gz	ftp.sra.ebi.ac.uk/vol1/fastq/SRR163/080/SRR16303480/SRR16303480_1.fastq.gz;ftp.sra.ebi.ac.uk/vol1/fastq/SRR163/080/SRR16303480/SRR16303480_2.fastq.gz							FECAL256		Metagenome or environmental sample from human metagenome		2022-11-02				GENERATED_FILE;GENERATED_FILE		
SRR16303486	PRJNA770746	SRP341087	SAMN22233412	SRS10537748	SRX12581991	SRA1309995	646099	human metagenome	ILLUMINA	Illumina MiSeq	FECAL338		PAIRED	AMPLICON	METAGENOMIC	PCR	43977	21983625	SUB10513123	2022-11-02	2022-11-03	Illumina MiSeq sequencing: 16S sequencing of oral and gut microbiome in human AD	Alzheimer's Oral and Gut Microbiome Vancouver Canada	PRJNA770746	FECAL338	FECAL338_S10_L001_R1_001.fastq.gz	2741066;4140662	74177f216ee78245d86d58ab366604a8;b5606947b92c2d3c409af63b59b19f7f	ftp.sra.ebi.ac.uk/vol1/fastq/SRR163/086/SRR16303486/SRR16303486_1.fastq.gz;ftp.sra.ebi.ac.uk/vol1/fastq/SRR163/086/SRR16303486/SRR16303486_2.fastq.gz	fasp.sra.ebi.ac.uk:/vol1/fastq/SRR163/086/SRR16303486/SRR16303486_1.fastq.gz;fasp.sra.ebi.ac.uk:/vol1/fastq/SRR163/086/SRR16303486/SRR16303486_2.fastq.gz	ftp.sra.ebi.ac.uk/vol1/fastq/SRR163/086/SRR16303486/SRR16303486_1.fastq.gz;ftp.sra.ebi.ac.uk/vol1/fastq/SRR163/086/SRR16303486/SRR16303486_2.fastq.gz							FECAL338		Metagenome or environmental sample from human metagenome		2022-11-02				GENERATED_FILE;GENERATED_FILE		
SRR16303488	PRJNA770746	SRP341087	SAMN22233410	SRS10537746	SRX12581989	SRA1309995	646099	human metagenome	ILLUMINA	Illumina MiSeq	FECAL274		PAIRED	AMPLICON	METAGENOMIC	PCR	24707	12396534	SUB10513123	2022-11-02	2022-11-02	Illumina MiSeq sequencing: 16S sequencing of oral and gut microbiome in human AD	Alzheimer's Oral and Gut Microbiome Vancouver Canada	PRJNA770746	FECAL274	FECAL274_S67_L001_R1_001.fastq.gz	2013509;2933210	f627a52c356696f38ef4211598afa0f5;eff8f7a7ffdc031c937cfb61d948adcf	ftp.sra.ebi.ac.uk/vol1/fastq/SRR163/088/SRR16303488/SRR16303488_1.fastq.gz;ftp.sra.ebi.ac.uk/vol1/fastq/SRR163/088/SRR16303488/SRR16303488_2.fastq.gz	fasp.sra.ebi.ac.uk:/vol1/fastq/SRR163/088/SRR16303488/SRR16303488_1.fastq.gz;fasp.sra.ebi.ac.uk:/vol1/fastq/SRR163/088/SRR16303488/SRR16303488_2.fastq.gz	ftp.sra.ebi.ac.uk/vol1/fastq/SRR163/088/SRR16303488/SRR16303488_1.fastq.gz;ftp.sra.ebi.ac.uk/vol1/fastq/SRR163/088/SRR16303488/SRR16303488_2.fastq.gz							FECAL274		Metagenome or environmental sample from human metagenome		2022-11-02				GENERATED_FILE;GENERATED_FILE		
SRR16303493	PRJNA770746	SRP341087	SAMN22233405	SRS10537741	SRX12581984	SRA1309995	646099	human metagenome	ILLUMINA	Illumina MiSeq	FECAL176		PAIRED	AMPLICON	METAGENOMIC	PCR	23312	11698185	SUB10513123	2022-11-02	2022-11-03	Illumina MiSeq sequencing: 16S sequencing of oral and gut microbiome in human AD	Alzheimer's Oral and Gut Microbiome Vancouver Canada	PRJNA770746	FECAL176	FECAL176_S9_L001_R1_001.fastq.gz	1784984;2293261	e7456bc3783d63862bbba962d2a63e33;3b30c6fb7d056b76d1b1f3cfd8c58081	ftp.sra.ebi.ac.uk/vol1/fastq/SRR163/093/SRR16303493/SRR16303493_1.fastq.gz;ftp.sra.ebi.ac.uk/vol1/fastq/SRR163/093/SRR16303493/SRR16303493_2.fastq.gz	fasp.sra.ebi.ac.uk:/vol1/fastq/SRR163/093/SRR16303493/SRR16303493_1.fastq.gz;fasp.sra.ebi.ac.uk:/vol1/fastq/SRR163/093/SRR16303493/SRR16303493_2.fastq.gz	ftp.sra.ebi.ac.uk/vol1/fastq/SRR163/093/SRR16303493/SRR16303493_1.fastq.gz;ftp.sra.ebi.ac.uk/vol1/fastq/SRR163/093/SRR16303493/SRR16303493_2.fastq.gz							FECAL176		Metagenome or environmental sample from human metagenome		2022-11-02				GENERATED_FILE;GENERATED_FILE		
SRR16303496	PRJNA770746	SRP341087	SAMN22233403	SRS10537738	SRX12581981	SRA1309995	646099	human metagenome	ILLUMINA	Illumina MiSeq	FECAL944		PAIRED	AMPLICON	METAGENOMIC	PCR	17528	8795357	SUB10513123	2022-11-02	2022-11-03	Illumina MiSeq sequencing: 16S sequencing of oral and gut microbiome in human AD	Alzheimer's Oral and Gut Microbiome Vancouver Canada	PRJNA770746	FECAL944	FECAL944_S66_L001_R1_001.fastq.gz	1151526;1764430	789cbde7f95021848342a0812c33e317;b9ea936e56c85ec3f0712017e6779282	ftp.sra.ebi.ac.uk/vol1/fastq/SRR163/096/SRR16303496/SRR16303496_1.fastq.gz;ftp.sra.ebi.ac.uk/vol1/fastq/SRR163/096/SRR16303496/SRR16303496_2.fastq.gz	fasp.sra.ebi.ac.uk:/vol1/fastq/SRR163/096/SRR16303496/SRR16303496_1.fastq.gz;fasp.sra.ebi.ac.uk:/vol1/fastq/SRR163/096/SRR16303496/SRR16303496_2.fastq.gz	ftp.sra.ebi.ac.uk/vol1/fastq/SRR163/096/SRR16303496/SRR16303496_1.fastq.gz;ftp.sra.ebi.ac.uk/vol1/fastq/SRR163/096/SRR16303496/SRR16303496_2.fastq.gz							FECAL944		Metagenome or environmental sample from human metagenome		2022-11-02				GENERATED_FILE;GENERATED_FILE		
SRR16303498	PRJNA770746	SRP341087	SAMN22233401	SRS10537736	SRX12581979	SRA1309995	646099	human metagenome	ILLUMINA	Illumina MiSeq	FECAL222		PAIRED	AMPLICON	METAGENOMIC	PCR	29839	14972445	SUB10513123	2022-11-02	2022-11-02	Illumina MiSeq sequencing: 16S sequencing of oral and gut microbiome in human AD	Alzheimer's Oral and Gut Microbiome Vancouver Canada	PRJNA770746	FECAL222	FECAL222_S38_L001_R1_001.fastq.gz	2394602;3050280	3b8bc3a977324a62d51aa1c2eac1568a;49872e8f2c59c49173f18f4f669d0f16	ftp.sra.ebi.ac.uk/vol1/fastq/SRR163/098/SRR16303498/SRR16303498_1.fastq.gz;ftp.sra.ebi.ac.uk/vol1/fastq/SRR163/098/SRR16303498/SRR16303498_2.fastq.gz	fasp.sra.ebi.ac.uk:/vol1/fastq/SRR163/098/SRR16303498/SRR16303498_1.fastq.gz;fasp.sra.ebi.ac.uk:/vol1/fastq/SRR163/098/SRR16303498/SRR16303498_2.fastq.gz	ftp.sra.ebi.ac.uk/vol1/fastq/SRR163/098/SRR16303498/SRR16303498_1.fastq.gz;ftp.sra.ebi.ac.uk/vol1/fastq/SRR163/098/SRR16303498/SRR16303498_2.fastq.gz							FECAL222		Metagenome or environmental sample from human metagenome		2022-11-02				GENERATED_FILE;GENERATED_FILE		
SRR16303499	PRJNA770746	SRP341087	SAMN22233400	SRS10537735	SRX12581978	SRA1309995	646099	human metagenome	ILLUMINA	Illumina MiSeq	FECAL523		PAIRED	AMPLICON	METAGENOMIC	PCR	28006	14050970	SUB10513123	2022-11-02	2022-11-03	Illumina MiSeq sequencing: 16S sequencing of oral and gut microbiome in human AD	Alzheimer's Oral and Gut Microbiome Vancouver Canada	PRJNA770746	FECAL523	FECAL523_S8_L001_R1_001.fastq.gz	2316022;2938388	e266ef26b483d70f8f3280097af2b5e4;3245321e4ad294e2c1df9a2f4b2a6ba4	ftp.sra.ebi.ac.uk/vol1/fastq/SRR163/099/SRR16303499/SRR16303499_1.fastq.gz;ftp.sra.ebi.ac.uk/vol1/fastq/SRR163/099/SRR16303499/SRR16303499_2.fastq.gz	fasp.sra.ebi.ac.uk:/vol1/fastq/SRR163/099/SRR16303499/SRR16303499_1.fastq.gz;fasp.sra.ebi.ac.uk:/vol1/fastq/SRR163/099/SRR16303499/SRR16303499_2.fastq.gz	ftp.sra.ebi.ac.uk/vol1/fastq/SRR163/099/SRR16303499/SRR16303499_1.fastq.gz;ftp.sra.ebi.ac.uk/vol1/fastq/SRR163/099/SRR16303499/SRR16303499_2.fastq.gz							FECAL523		Metagenome or environmental sample from human metagenome		2022-11-02				GENERATED_FILE;GENERATED_FILE		
SRR16303501	PRJNA770746	SRP341087	SAMN22233398	SRS10537733	SRX12581976	SRA1309995	646099	human metagenome	ILLUMINA	Illumina MiSeq	FECAL441		PAIRED	AMPLICON	METAGENOMIC	PCR	24287	12186957	SUB10513123	2022-11-02	2022-11-02	Illumina MiSeq sequencing: 16S sequencing of oral and gut microbiome in human AD	Alzheimer's Oral and Gut Microbiome Vancouver Canada	PRJNA770746	FECAL441	FECAL441_S65_L001_R1_001.fastq.gz	1818022;2642648	4c2c7cd90a330067de2ba9c9dadade7a;033476d08b407ec10a0d3581e721627b	ftp.sra.ebi.ac.uk/vol1/fastq/SRR163/001/SRR16303501/SRR16303501_1.fastq.gz;ftp.sra.ebi.ac.uk/vol1/fastq/SRR163/001/SRR16303501/SRR16303501_2.fastq.gz	fasp.sra.ebi.ac.uk:/vol1/fastq/SRR163/001/SRR16303501/SRR16303501_1.fastq.gz;fasp.sra.ebi.ac.uk:/vol1/fastq/SRR163/001/SRR16303501/SRR16303501_2.fastq.gz	ftp.sra.ebi.ac.uk/vol1/fastq/SRR163/001/SRR16303501/SRR16303501_1.fastq.gz;ftp.sra.ebi.ac.uk/vol1/fastq/SRR163/001/SRR16303501/SRR16303501_2.fastq.gz							FECAL441		Metagenome or environmental sample from human metagenome		2022-11-02				GENERATED_FILE;GENERATED_FILE		
SRR16303502	PRJNA770746	SRP341087	SAMN22233397	SRS10537732	SRX12581975	SRA1309995	646099	human metagenome	ILLUMINA	Illumina MiSeq	FECAL192		PAIRED	AMPLICON	METAGENOMIC	PCR	32573	16342662	SUB10513123	2022-11-02	2022-11-03	Illumina MiSeq sequencing: 16S sequencing of oral and gut microbiome in human AD	Alzheimer's Oral and Gut Microbiome Vancouver Canada	PRJNA770746	FECAL192	FECAL192_S56_L001_R1_001.fastq.gz	2276629;3251595	60d2ef23f09ac78383eb3abb2146d052;f01b26a4b40d041fb3a92535480fe723	ftp.sra.ebi.ac.uk/vol1/fastq/SRR163/002/SRR16303502/SRR16303502_1.fastq.gz;ftp.sra.ebi.ac.uk/vol1/fastq/SRR163/002/SRR16303502/SRR16303502_2.fastq.gz	fasp.sra.ebi.ac.uk:/vol1/fastq/SRR163/002/SRR16303502/SRR16303502_1.fastq.gz;fasp.sra.ebi.ac.uk:/vol1/fastq/SRR163/002/SRR16303502/SRR16303502_2.fastq.gz	ftp.sra.ebi.ac.uk/vol1/fastq/SRR163/002/SRR16303502/SRR16303502_1.fastq.gz;ftp.sra.ebi.ac.uk/vol1/fastq/SRR163/002/SRR16303502/SRR16303502_2.fastq.gz							FECAL192		Metagenome or environmental sample from human metagenome		2022-11-02				GENERATED_FILE;GENERATED_FILE		
SRR16303503	PRJNA770746	SRP341087	SAMN22233396	SRS10537731	SRX12581974	SRA1309995	646099	human metagenome	ILLUMINA	Illumina MiSeq	FECAL181		PAIRED	AMPLICON	METAGENOMIC	PCR	43150	21648401	SUB10513123	2022-11-02	2022-11-03	Illumina MiSeq sequencing: 16S sequencing of oral and gut microbiome in human AD	Alzheimer's Oral and Gut Microbiome Vancouver Canada	PRJNA770746	FECAL181	FECAL181_S152_L001_R1_001.fastq.gz	3336767;4465314	17a437d9d01a775449e6d8c6ae017643;574e1c5fe71581175225b5e915d313cb	ftp.sra.ebi.ac.uk/vol1/fastq/SRR163/003/SRR16303503/SRR16303503_1.fastq.gz;ftp.sra.ebi.ac.uk/vol1/fastq/SRR163/003/SRR16303503/SRR16303503_2.fastq.gz	fasp.sra.ebi.ac.uk:/vol1/fastq/SRR163/003/SRR16303503/SRR16303503_1.fastq.gz;fasp.sra.ebi.ac.uk:/vol1/fastq/SRR163/003/SRR16303503/SRR16303503_2.fastq.gz	ftp.sra.ebi.ac.uk/vol1/fastq/SRR163/003/SRR16303503/SRR16303503_1.fastq.gz;ftp.sra.ebi.ac.uk/vol1/fastq/SRR163/003/SRR16303503/SRR16303503_2.fastq.gz							FECAL181		Metagenome or environmental sample from human metagenome		2022-11-02				GENERATED_FILE;GENERATED_FILE		
SRR16303506	PRJNA770746	SRP341087	SAMN22233394	SRS10537728	SRX12581971	SRA1309995	646099	human metagenome	ILLUMINA	Illumina MiSeq	FECAL337		PAIRED	AMPLICON	METAGENOMIC	PCR	33470	16794808	SUB10513123	2022-11-02	2022-11-03	Illumina MiSeq sequencing: 16S sequencing of oral and gut microbiome in human AD	Alzheimer's Oral and Gut Microbiome Vancouver Canada	PRJNA770746	FECAL337	FECAL337_S37_L001_R1_001.fastq.gz	2417504;3404060	d7dc331ab1bdcb51490fc41daa14ccee;190314548a80942e01f798a192966b81	ftp.sra.ebi.ac.uk/vol1/fastq/SRR163/006/SRR16303506/SRR16303506_1.fastq.gz;ftp.sra.ebi.ac.uk/vol1/fastq/SRR163/006/SRR16303506/SRR16303506_2.fastq.gz	fasp.sra.ebi.ac.uk:/vol1/fastq/SRR163/006/SRR16303506/SRR16303506_1.fastq.gz;fasp.sra.ebi.ac.uk:/vol1/fastq/SRR163/006/SRR16303506/SRR16303506_2.fastq.gz	ftp.sra.ebi.ac.uk/vol1/fastq/SRR163/006/SRR16303506/SRR16303506_1.fastq.gz;ftp.sra.ebi.ac.uk/vol1/fastq/SRR163/006/SRR16303506/SRR16303506_2.fastq.gz							FECAL337		Metagenome or environmental sample from human metagenome		2022-11-02				GENERATED_FILE;GENERATED_FILE		
SRR16303507	PRJNA770746	SRP341087	SAMN22233393	SRS10537727	SRX12581970	SRA1309995	646099	human metagenome	ILLUMINA	Illumina MiSeq	FECAL708		PAIRED	AMPLICON	METAGENOMIC	PCR	23428	11756305	SUB10513123	2022-11-02	2022-11-03	Illumina MiSeq sequencing: 16S sequencing of oral and gut microbiome in human AD	Alzheimer's Oral and Gut Microbiome Vancouver Canada	PRJNA770746	FECAL708	FECAL708_S17_L001_R1_001.fastq.gz	1746159;2297357	7a3106d3477590aea713eb9083a4c52b;fa41d602a6e974a279886bcee5577fd4	ftp.sra.ebi.ac.uk/vol1/fastq/SRR163/007/SRR16303507/SRR16303507_1.fastq.gz;ftp.sra.ebi.ac.uk/vol1/fastq/SRR163/007/SRR16303507/SRR16303507_2.fastq.gz	fasp.sra.ebi.ac.uk:/vol1/fastq/SRR163/007/SRR16303507/SRR16303507_1.fastq.gz;fasp.sra.ebi.ac.uk:/vol1/fastq/SRR163/007/SRR16303507/SRR16303507_2.fastq.gz	ftp.sra.ebi.ac.uk/vol1/fastq/SRR163/007/SRR16303507/SRR16303507_1.fastq.gz;ftp.sra.ebi.ac.uk/vol1/fastq/SRR163/007/SRR16303507/SRR16303507_2.fastq.gz							FECAL708		Metagenome or environmental sample from human metagenome		2022-11-02				GENERATED_FILE;GENERATED_FILE		
SRR16303508	PRJNA770746	SRP341087	SAMN22233392	SRS10537726	SRX12581969	SRA1309995	646099	human metagenome	ILLUMINA	Illumina MiSeq	FECAL435		PAIRED	AMPLICON	METAGENOMIC	PCR	28108	14102494	SUB10513123	2022-11-02	2022-11-02	Illumina MiSeq sequencing: 16S sequencing of oral and gut microbiome in human AD	Alzheimer's Oral and Gut Microbiome Vancouver Canada	PRJNA770746	FECAL435	FECAL435_S7_L001_R1_001.fastq.gz	2269245;2916386	712d848f2d546359d98ae742f67197a1;593ca681ccdacf750180df2b74ad7651	ftp.sra.ebi.ac.uk/vol1/fastq/SRR163/008/SRR16303508/SRR16303508_1.fastq.gz;ftp.sra.ebi.ac.uk/vol1/fastq/SRR163/008/SRR16303508/SRR16303508_2.fastq.gz	fasp.sra.ebi.ac.uk:/vol1/fastq/SRR163/008/SRR16303508/SRR16303508_1.fastq.gz;fasp.sra.ebi.ac.uk:/vol1/fastq/SRR163/008/SRR16303508/SRR16303508_2.fastq.gz	ftp.sra.ebi.ac.uk/vol1/fastq/SRR163/008/SRR16303508/SRR16303508_1.fastq.gz;ftp.sra.ebi.ac.uk/vol1/fastq/SRR163/008/SRR16303508/SRR16303508_2.fastq.gz							FECAL435		Metagenome or environmental sample from human metagenome		2022-11-02				GENERATED_FILE;GENERATED_FILE		
SRR16303518	PRJNA770746	SRP341087	SAMN22233383	SRS10537716	SRX12581959	SRA1309995	646099	human metagenome	ILLUMINA	Illumina MiSeq	FECAL678		PAIRED	AMPLICON	METAGENOMIC	PCR	26586	13337940	SUB10513123	2022-11-02	2022-11-02	Illumina MiSeq sequencing: 16S sequencing of oral and gut microbiome in human AD	Alzheimer's Oral and Gut Microbiome Vancouver Canada	PRJNA770746	FECAL678	FECAL678_S72_L001_R1_001.fastq.gz	2210317;3066591	ffca6656304e08228aa6158b518fd09e;0d04123e35df35652440739ab8bb2736	ftp.sra.ebi.ac.uk/vol1/fastq/SRR163/018/SRR16303518/SRR16303518_1.fastq.gz;ftp.sra.ebi.ac.uk/vol1/fastq/SRR163/018/SRR16303518/SRR16303518_2.fastq.gz	fasp.sra.ebi.ac.uk:/vol1/fastq/SRR163/018/SRR16303518/SRR16303518_1.fastq.gz;fasp.sra.ebi.ac.uk:/vol1/fastq/SRR163/018/SRR16303518/SRR16303518_2.fastq.gz	ftp.sra.ebi.ac.uk/vol1/fastq/SRR163/018/SRR16303518/SRR16303518_1.fastq.gz;ftp.sra.ebi.ac.uk/vol1/fastq/SRR163/018/SRR16303518/SRR16303518_2.fastq.gz							FECAL678		Metagenome or environmental sample from human metagenome		2022-11-02				GENERATED_FILE;GENERATED_FILE		
SRR16303519	PRJNA770746	SRP341087	SAMN22233382	SRS10537715	SRX12581958	SRA1309995	646099	human metagenome	ILLUMINA	Illumina MiSeq	FECAL343		PAIRED	AMPLICON	METAGENOMIC	PCR	663	332668	SUB10513123	2022-11-02	2022-11-02	Illumina MiSeq sequencing: 16S sequencing of oral and gut microbiome in human AD	Alzheimer's Oral and Gut Microbiome Vancouver Canada	PRJNA770746	FECAL343	FECAL343_S134_L001_R1_001.fastq.gz	52581;68827	ae0a5c904d98a9a7c3f220d6a15ab377;c4a3309d0a01525575468186cbb0b602	ftp.sra.ebi.ac.uk/vol1/fastq/SRR163/019/SRR16303519/SRR16303519_1.fastq.gz;ftp.sra.ebi.ac.uk/vol1/fastq/SRR163/019/SRR16303519/SRR16303519_2.fastq.gz	fasp.sra.ebi.ac.uk:/vol1/fastq/SRR163/019/SRR16303519/SRR16303519_1.fastq.gz;fasp.sra.ebi.ac.uk:/vol1/fastq/SRR163/019/SRR16303519/SRR16303519_2.fastq.gz	ftp.sra.ebi.ac.uk/vol1/fastq/SRR163/019/SRR16303519/SRR16303519_1.fastq.gz;ftp.sra.ebi.ac.uk/vol1/fastq/SRR163/019/SRR16303519/SRR16303519_2.fastq.gz							FECAL343		Metagenome or environmental sample from human metagenome		2022-11-02				GENERATED_FILE;GENERATED_FILE		
SRR16303521	PRJNA770746	SRP341087	SAMN22233380	SRS10537713	SRX12581956	SRA1309995	646099	human metagenome	ILLUMINA	Illumina MiSeq	FECAL451		PAIRED	AMPLICON	METAGENOMIC	PCR	33661	16891754	SUB10513123	2022-11-02	2022-11-03	Illumina MiSeq sequencing: 16S sequencing of oral and gut microbiome in human AD	Alzheimer's Oral and Gut Microbiome Vancouver Canada	PRJNA770746	FECAL451	FECAL451_S125_L001_R1_001.fastq.gz	2656134;3478047	df33625e21ab60c8a3bbdea0ef3668bb;35f9dd583d659dae2eb1b3f7aa3e4e01	ftp.sra.ebi.ac.uk/vol1/fastq/SRR163/021/SRR16303521/SRR16303521_1.fastq.gz;ftp.sra.ebi.ac.uk/vol1/fastq/SRR163/021/SRR16303521/SRR16303521_2.fastq.gz	fasp.sra.ebi.ac.uk:/vol1/fastq/SRR163/021/SRR16303521/SRR16303521_1.fastq.gz;fasp.sra.ebi.ac.uk:/vol1/fastq/SRR163/021/SRR16303521/SRR16303521_2.fastq.gz	ftp.sra.ebi.ac.uk/vol1/fastq/SRR163/021/SRR16303521/SRR16303521_1.fastq.gz;ftp.sra.ebi.ac.uk/vol1/fastq/SRR163/021/SRR16303521/SRR16303521_2.fastq.gz							FECAL451		Metagenome or environmental sample from human metagenome		2022-11-02				GENERATED_FILE;GENERATED_FILE		
SRR16303523	PRJNA770746	SRP341087	SAMN22233378	SRS10537711	SRX12581954	SRA1309995	646099	human metagenome	ILLUMINA	Illumina MiSeq	FECAL357		PAIRED	AMPLICON	METAGENOMIC	PCR	26878	13483041	SUB10513123	2022-11-02	2022-11-03	Illumina MiSeq sequencing: 16S sequencing of oral and gut microbiome in human AD	Alzheimer's Oral and Gut Microbiome Vancouver Canada	PRJNA770746	FECAL357	FECAL357_S25_L001_R1_001.fastq.gz	2204745;2990595	5235a959081e960b6d5acaf9f69612ec;9ee7cdc44c766ef71ad850f47550c106	ftp.sra.ebi.ac.uk/vol1/fastq/SRR163/023/SRR16303523/SRR16303523_1.fastq.gz;ftp.sra.ebi.ac.uk/vol1/fastq/SRR163/023/SRR16303523/SRR16303523_2.fastq.gz	fasp.sra.ebi.ac.uk:/vol1/fastq/SRR163/023/SRR16303523/SRR16303523_1.fastq.gz;fasp.sra.ebi.ac.uk:/vol1/fastq/SRR163/023/SRR16303523/SRR16303523_2.fastq.gz	ftp.sra.ebi.ac.uk/vol1/fastq/SRR163/023/SRR16303523/SRR16303523_1.fastq.gz;ftp.sra.ebi.ac.uk/vol1/fastq/SRR163/023/SRR16303523/SRR16303523_2.fastq.gz							FECAL357		Metagenome or environmental sample from human metagenome		2022-11-02				GENERATED_FILE;GENERATED_FILE		
SRR16303524	PRJNA770746	SRP341087	SAMN22233377	SRS10537710	SRX12581953	SRA1309995	646099	human metagenome	ILLUMINA	Illumina MiSeq	FECAL260		PAIRED	AMPLICON	METAGENOMIC	PCR	29687	14894847	SUB10513123	2022-11-02	2022-11-03	Illumina MiSeq sequencing: 16S sequencing of oral and gut microbiome in human AD	Alzheimer's Oral and Gut Microbiome Vancouver Canada	PRJNA770746	FECAL260	FECAL260_S5_L001_R1_001.fastq.gz	2361535;3184013	01d83816d1e2f4af188abe86e3c747bf;a4830eb4577d3134a62b11531f915483	ftp.sra.ebi.ac.uk/vol1/fastq/SRR163/024/SRR16303524/SRR16303524_1.fastq.gz;ftp.sra.ebi.ac.uk/vol1/fastq/SRR163/024/SRR16303524/SRR16303524_2.fastq.gz	fasp.sra.ebi.ac.uk:/vol1/fastq/SRR163/024/SRR16303524/SRR16303524_1.fastq.gz;fasp.sra.ebi.ac.uk:/vol1/fastq/SRR163/024/SRR16303524/SRR16303524_2.fastq.gz	ftp.sra.ebi.ac.uk/vol1/fastq/SRR163/024/SRR16303524/SRR16303524_1.fastq.gz;ftp.sra.ebi.ac.uk/vol1/fastq/SRR163/024/SRR16303524/SRR16303524_2.fastq.gz							FECAL260		Metagenome or environmental sample from human metagenome		2022-11-02				GENERATED_FILE;GENERATED_FILE		
SRR16303525	PRJNA770746	SRP341087	SAMN22233376	SRS10537709	SRX12581952	SRA1309995	646099	human metagenome	ILLUMINA	Illumina MiSeq	FECAL114		PAIRED	AMPLICON	METAGENOMIC	PCR	29927	15013145	SUB10513123	2022-11-02	2022-11-03	Illumina MiSeq sequencing: 16S sequencing of oral and gut microbiome in human AD	Alzheimer's Oral and Gut Microbiome Vancouver Canada	PRJNA770746	FECAL114	FECAL114_S71_L001_R1_001.fastq.gz	2353683;3341552	1d70b85d136d63b98c2f52546b35a59a;4af341b3e8a0384bd0eb31ee1f39b99d	ftp.sra.ebi.ac.uk/vol1/fastq/SRR163/025/SRR16303525/SRR16303525_1.fastq.gz;ftp.sra.ebi.ac.uk/vol1/fastq/SRR163/025/SRR16303525/SRR16303525_2.fastq.gz	fasp.sra.ebi.ac.uk:/vol1/fastq/SRR163/025/SRR16303525/SRR16303525_1.fastq.gz;fasp.sra.ebi.ac.uk:/vol1/fastq/SRR163/025/SRR16303525/SRR16303525_2.fastq.gz	ftp.sra.ebi.ac.uk/vol1/fastq/SRR163/025/SRR16303525/SRR16303525_1.fastq.gz;ftp.sra.ebi.ac.uk/vol1/fastq/SRR163/025/SRR16303525/SRR16303525_2.fastq.gz							FECAL114		Metagenome or environmental sample from human metagenome		2022-11-02				GENERATED_FILE;GENERATED_FILE		
SRR16303526	PRJNA770746	SRP341087	SAMN22233375	SRS10537708	SRX12581951	SRA1309995	646099	human metagenome	ILLUMINA	Illumina MiSeq	FECAL492		PAIRED	AMPLICON	METAGENOMIC	PCR	35843	17982914	SUB10513123	2022-11-02	2022-11-03	Illumina MiSeq sequencing: 16S sequencing of oral and gut microbiome in human AD	Alzheimer's Oral and Gut Microbiome Vancouver Canada	PRJNA770746	FECAL492	FECAL492_S53_L001_R1_001.fastq.gz	2597027;3702370	67d44699568771df3cfccdcbf525fb89;359bb527e1073c65ed3c1e8b52635687	ftp.sra.ebi.ac.uk/vol1/fastq/SRR163/026/SRR16303526/SRR16303526_1.fastq.gz;ftp.sra.ebi.ac.uk/vol1/fastq/SRR163/026/SRR16303526/SRR16303526_2.fastq.gz	fasp.sra.ebi.ac.uk:/vol1/fastq/SRR163/026/SRR16303526/SRR16303526_1.fastq.gz;fasp.sra.ebi.ac.uk:/vol1/fastq/SRR163/026/SRR16303526/SRR16303526_2.fastq.gz	ftp.sra.ebi.ac.uk/vol1/fastq/SRR163/026/SRR16303526/SRR16303526_1.fastq.gz;ftp.sra.ebi.ac.uk/vol1/fastq/SRR163/026/SRR16303526/SRR16303526_2.fastq.gz							FECAL492		Metagenome or environmental sample from human metagenome		2022-11-02				GENERATED_FILE;GENERATED_FILE		
SRR16303535	PRJNA770746	SRP341087	SAMN22233367	SRS10537699	SRX12581942	SRA1309995	646099	human metagenome	ILLUMINA	Illumina MiSeq	FECAL770		PAIRED	AMPLICON	METAGENOMIC	PCR	31535	15822646	SUB10513123	2022-11-02	2022-11-02	Illumina MiSeq sequencing: 16S sequencing of oral and gut microbiome in human AD	Alzheimer's Oral and Gut Microbiome Vancouver Canada	PRJNA770746	FECAL770	FECAL770_S61_L001_R1_001.fastq.gz	2223388;3386442	ddbb1ff3a14ca16f228804cbf237c609;8557558aaae513f528cacf85c6f7ef7e	ftp.sra.ebi.ac.uk/vol1/fastq/SRR163/035/SRR16303535/SRR16303535_1.fastq.gz;ftp.sra.ebi.ac.uk/vol1/fastq/SRR163/035/SRR16303535/SRR16303535_2.fastq.gz	fasp.sra.ebi.ac.uk:/vol1/fastq/SRR163/035/SRR16303535/SRR16303535_1.fastq.gz;fasp.sra.ebi.ac.uk:/vol1/fastq/SRR163/035/SRR16303535/SRR16303535_2.fastq.gz	ftp.sra.ebi.ac.uk/vol1/fastq/SRR163/035/SRR16303535/SRR16303535_1.fastq.gz;ftp.sra.ebi.ac.uk/vol1/fastq/SRR163/035/SRR16303535/SRR16303535_2.fastq.gz							FECAL770		Metagenome or environmental sample from human metagenome		2022-11-02				GENERATED_FILE;GENERATED_FILE		
SRR16303537	PRJNA770746	SRP341087	SAMN22233365	SRS10537697	SRX12581940	SRA1309995	646099	human metagenome	ILLUMINA	Illumina MiSeq	FECAL542		PAIRED	AMPLICON	METAGENOMIC	PCR	28112	14104872	SUB10513123	2022-11-02	2022-11-02	Illumina MiSeq sequencing: 16S sequencing of oral and gut microbiome in human AD	Alzheimer's Oral and Gut Microbiome Vancouver Canada	PRJNA770746	FECAL542	FECAL542_S43_L001_R1_001.fastq.gz	2145860;2781891	530fe1349a8f047f517448f199f1babf;e66e78405e2c544ae36d3e33d16e94c7	ftp.sra.ebi.ac.uk/vol1/fastq/SRR163/037/SRR16303537/SRR16303537_1.fastq.gz;ftp.sra.ebi.ac.uk/vol1/fastq/SRR163/037/SRR16303537/SRR16303537_2.fastq.gz	fasp.sra.ebi.ac.uk:/vol1/fastq/SRR163/037/SRR16303537/SRR16303537_1.fastq.gz;fasp.sra.ebi.ac.uk:/vol1/fastq/SRR163/037/SRR16303537/SRR16303537_2.fastq.gz	ftp.sra.ebi.ac.uk/vol1/fastq/SRR163/037/SRR16303537/SRR16303537_1.fastq.gz;ftp.sra.ebi.ac.uk/vol1/fastq/SRR163/037/SRR16303537/SRR16303537_2.fastq.gz							FECAL542		Metagenome or environmental sample from human metagenome		2022-11-02				GENERATED_FILE;GENERATED_FILE		
SRR16303540	PRJNA770746	SRP341087	SAMN22233363	SRS10537694	SRX12581937	SRA1309995	646099	human metagenome	ILLUMINA	Illumina MiSeq	FECAL494		PAIRED	AMPLICON	METAGENOMIC	PCR	26761	13429574	SUB10513123	2022-11-02	2022-11-02	Illumina MiSeq sequencing: 16S sequencing of oral and gut microbiome in human AD	Alzheimer's Oral and Gut Microbiome Vancouver Canada	PRJNA770746	FECAL494	FECAL494_S123_L001_R1_001.fastq.gz	1711404;2708158	0a40cd432c671e84bf0f645ee5d411a5;a3163e45bf5c90cc4917b35e2484effb	ftp.sra.ebi.ac.uk/vol1/fastq/SRR163/040/SRR16303540/SRR16303540_1.fastq.gz;ftp.sra.ebi.ac.uk/vol1/fastq/SRR163/040/SRR16303540/SRR16303540_2.fastq.gz	fasp.sra.ebi.ac.uk:/vol1/fastq/SRR163/040/SRR16303540/SRR16303540_1.fastq.gz;fasp.sra.ebi.ac.uk:/vol1/fastq/SRR163/040/SRR16303540/SRR16303540_2.fastq.gz	ftp.sra.ebi.ac.uk/vol1/fastq/SRR163/040/SRR16303540/SRR16303540_1.fastq.gz;ftp.sra.ebi.ac.uk/vol1/fastq/SRR163/040/SRR16303540/SRR16303540_2.fastq.gz							FECAL494		Metagenome or environmental sample from human metagenome		2022-11-02				GENERATED_FILE;GENERATED_FILE		
SRR16303543	PRJNA770746	SRP341087	SAMN22233360	SRS10537691	SRX12581934	SRA1309995	646099	human metagenome	ILLUMINA	Illumina MiSeq	FECAL107		PAIRED	AMPLICON	METAGENOMIC	PCR	24860	12473071	SUB10513123	2022-11-02	2022-11-02	Illumina MiSeq sequencing: 16S sequencing of oral and gut microbiome in human AD	Alzheimer's Oral and Gut Microbiome Vancouver Canada	PRJNA770746	FECAL107	FECAL107_S13_L001_R1_001.fastq.gz	2075322;2710165	d98a7a74258d31fbfb9b633c52e5d63c;29704f31be76d16d2d494ef24cdf5efb	ftp.sra.ebi.ac.uk/vol1/fastq/SRR163/043/SRR16303543/SRR16303543_1.fastq.gz;ftp.sra.ebi.ac.uk/vol1/fastq/SRR163/043/SRR16303543/SRR16303543_2.fastq.gz	fasp.sra.ebi.ac.uk:/vol1/fastq/SRR163/043/SRR16303543/SRR16303543_1.fastq.gz;fasp.sra.ebi.ac.uk:/vol1/fastq/SRR163/043/SRR16303543/SRR16303543_2.fastq.gz	ftp.sra.ebi.ac.uk/vol1/fastq/SRR163/043/SRR16303543/SRR16303543_1.fastq.gz;ftp.sra.ebi.ac.uk/vol1/fastq/SRR163/043/SRR16303543/SRR16303543_2.fastq.gz							FECAL107		Metagenome or environmental sample from human metagenome		2022-11-02				GENERATED_FILE;GENERATED_FILE		
SRR16303544	PRJNA770746	SRP341087	SAMN22233359	SRS10537690	SRX12581933	SRA1309995	646099	human metagenome	ILLUMINA	Illumina MiSeq	FECAL958		PAIRED	AMPLICON	METAGENOMIC	PCR	37381	18757032	SUB10513123	2022-11-02	2022-11-03	Illumina MiSeq sequencing: 16S sequencing of oral and gut microbiome in human AD	Alzheimer's Oral and Gut Microbiome Vancouver Canada	PRJNA770746	FECAL958	FECAL958_S3_L001_R1_001.fastq.gz	2652599;3463132	05b0334dda877f9c51cdefbbd24cea12;0707f5bd5d11822c0cf9d16ea18f592c	ftp.sra.ebi.ac.uk/vol1/fastq/SRR163/044/SRR16303544/SRR16303544_1.fastq.gz;ftp.sra.ebi.ac.uk/vol1/fastq/SRR163/044/SRR16303544/SRR16303544_2.fastq.gz	fasp.sra.ebi.ac.uk:/vol1/fastq/SRR163/044/SRR16303544/SRR16303544_1.fastq.gz;fasp.sra.ebi.ac.uk:/vol1/fastq/SRR163/044/SRR16303544/SRR16303544_2.fastq.gz	ftp.sra.ebi.ac.uk/vol1/fastq/SRR163/044/SRR16303544/SRR16303544_1.fastq.gz;ftp.sra.ebi.ac.uk/vol1/fastq/SRR163/044/SRR16303544/SRR16303544_2.fastq.gz							FECAL958		Metagenome or environmental sample from human metagenome		2022-11-02				GENERATED_FILE;GENERATED_FILE		
SRR16303545	PRJNA770746	SRP341087	SAMN22233358	SRS10537689	SRX12581932	SRA1309995	646099	human metagenome	ILLUMINA	Illumina MiSeq	FECAL874		PAIRED	AMPLICON	METAGENOMIC	PCR	37656	18898883	SUB10513123	2022-11-02	2022-11-03	Illumina MiSeq sequencing: 16S sequencing of oral and gut microbiome in human AD	Alzheimer's Oral and Gut Microbiome Vancouver Canada	PRJNA770746	FECAL874	FECAL874_S69_L001_R1_001.fastq.gz	2975585;3681453	2e634a47087fbe848f2ca53405022340;470057c5d59805c34a35652f4f4d2270	ftp.sra.ebi.ac.uk/vol1/fastq/SRR163/045/SRR16303545/SRR16303545_1.fastq.gz;ftp.sra.ebi.ac.uk/vol1/fastq/SRR163/045/SRR16303545/SRR16303545_2.fastq.gz	fasp.sra.ebi.ac.uk:/vol1/fastq/SRR163/045/SRR16303545/SRR16303545_1.fastq.gz;fasp.sra.ebi.ac.uk:/vol1/fastq/SRR163/045/SRR16303545/SRR16303545_2.fastq.gz	ftp.sra.ebi.ac.uk/vol1/fastq/SRR163/045/SRR16303545/SRR16303545_1.fastq.gz;ftp.sra.ebi.ac.uk/vol1/fastq/SRR163/045/SRR16303545/SRR16303545_2.fastq.gz							FECAL874		Metagenome or environmental sample from human metagenome		2022-11-02				GENERATED_FILE;GENERATED_FILE		
SRR16303548	PRJNA770746	SRP341087	SAMN22233355	SRS10537686	SRX12581929	SRA1309995	646099	human metagenome	ILLUMINA	Illumina MiSeq	FECAL753		PAIRED	AMPLICON	METAGENOMIC	PCR	27246	13672088	SUB10513123	2022-11-02	2022-11-03	Illumina MiSeq sequencing: 16S sequencing of oral and gut microbiome in human AD	Alzheimer's Oral and Gut Microbiome Vancouver Canada	PRJNA770746	FECAL753	FECAL753_S51_L001_R1_001.fastq.gz	2123361;2733967	2f22a9a1ea453797771d6db5d3e65ff2;3f81d93046dc9d57e8697674ce1a421e	ftp.sra.ebi.ac.uk/vol1/fastq/SRR163/048/SRR16303548/SRR16303548_1.fastq.gz;ftp.sra.ebi.ac.uk/vol1/fastq/SRR163/048/SRR16303548/SRR16303548_2.fastq.gz	fasp.sra.ebi.ac.uk:/vol1/fastq/SRR163/048/SRR16303548/SRR16303548_1.fastq.gz;fasp.sra.ebi.ac.uk:/vol1/fastq/SRR163/048/SRR16303548/SRR16303548_2.fastq.gz	ftp.sra.ebi.ac.uk/vol1/fastq/SRR163/048/SRR16303548/SRR16303548_1.fastq.gz;ftp.sra.ebi.ac.uk/vol1/fastq/SRR163/048/SRR16303548/SRR16303548_2.fastq.gz							FECAL753		Metagenome or environmental sample from human metagenome		2022-11-02				GENERATED_FILE;GENERATED_FILE		
SRR16303552	PRJNA770746	SRP341087	SAMN22233352	SRS10537682	SRX12581925	SRA1309995	646099	human metagenome	ILLUMINA	Illumina MiSeq	FECAL449		PAIRED	AMPLICON	METAGENOMIC	PCR	28821	14462237	SUB10513123	2022-11-02	2022-11-02	Illumina MiSeq sequencing: 16S sequencing of oral and gut microbiome in human AD	Alzheimer's Oral and Gut Microbiome Vancouver Canada	PRJNA770746	FECAL449	FECAL449_S12_L001_R1_001.fastq.gz	2285492;2944769	36339f1b6e42ab42fb1fb7ec000ff9e5;62e13fced30a5c7caf981574f867fdf8	ftp.sra.ebi.ac.uk/vol1/fastq/SRR163/052/SRR16303552/SRR16303552_1.fastq.gz;ftp.sra.ebi.ac.uk/vol1/fastq/SRR163/052/SRR16303552/SRR16303552_2.fastq.gz	fasp.sra.ebi.ac.uk:/vol1/fastq/SRR163/052/SRR16303552/SRR16303552_1.fastq.gz;fasp.sra.ebi.ac.uk:/vol1/fastq/SRR163/052/SRR16303552/SRR16303552_2.fastq.gz	ftp.sra.ebi.ac.uk/vol1/fastq/SRR163/052/SRR16303552/SRR16303552_1.fastq.gz;ftp.sra.ebi.ac.uk/vol1/fastq/SRR163/052/SRR16303552/SRR16303552_2.fastq.gz							FECAL449		Metagenome or environmental sample from human metagenome		2022-11-02				GENERATED_FILE;GENERATED_FILE		
SRR16303554	PRJNA770746	SRP341087	SAMN22233350	SRS10537680	SRX12581923	SRA1309995	646099	human metagenome	ILLUMINA	Illumina MiSeq	FECAL803		PAIRED	AMPLICON	METAGENOMIC	PCR	33613	16864807	SUB10513123	2022-11-02	2022-11-02	Illumina MiSeq sequencing: 16S sequencing of oral and gut microbiome in human AD	Alzheimer's Oral and Gut Microbiome Vancouver Canada	PRJNA770746	FECAL803	FECAL803_S93_L001_R1_001.fastq.gz	2683227;3404042	3499a4d776b9d63a450eb9b75e14bf7d;31d46d2bc61ad8d3fb99400959520544	ftp.sra.ebi.ac.uk/vol1/fastq/SRR163/054/SRR16303554/SRR16303554_1.fastq.gz;ftp.sra.ebi.ac.uk/vol1/fastq/SRR163/054/SRR16303554/SRR16303554_2.fastq.gz	fasp.sra.ebi.ac.uk:/vol1/fastq/SRR163/054/SRR16303554/SRR16303554_1.fastq.gz;fasp.sra.ebi.ac.uk:/vol1/fastq/SRR163/054/SRR16303554/SRR16303554_2.fastq.gz	ftp.sra.ebi.ac.uk/vol1/fastq/SRR163/054/SRR16303554/SRR16303554_1.fastq.gz;ftp.sra.ebi.ac.uk/vol1/fastq/SRR163/054/SRR16303554/SRR16303554_2.fastq.gz							FECAL803		Metagenome or environmental sample from human metagenome		2022-11-02				GENERATED_FILE;GENERATED_FILE		
