run_accession	study_accession	secondary_study_accession	sample_accession	secondary_sample_accession	experiment_accession	submission_accession	tax_id	scientific_name	instrument_platform	instrument_model	library_name	nominal_length	library_layout	library_strategy	library_source	library_selection	read_count	base_count	center_name	first_public	last_updated	experiment_title	study_title	study_alias	experiment_alias	run_alias	fastq_bytes	fastq_md5	fastq_ftp	fastq_aspera	fastq_galaxy	submitted_bytes	submitted_md5	submitted_ftp	submitted_aspera	submitted_galaxy	submitted_format	sample_alias	broker_name	sample_title	nominal_sdev	first_created	bam_ftp	bam_bytes	bam_md5	fastq_file_role	submitted_file_role	bam_file_role
ERR15003722	PRJEB79944	ERP164023	SAMEA118335924	ERS24550605	ERX14407691	ERA33133718	408170	human gut metagenome	ILLUMINA	Illumina NovaSeq 6000	NA		PAIRED	WGS	METAGENOMIC	RANDOM	24175104	3564772281	Centre of Host Microbiome Interaction	2025-05-21	2025-05-21	Illumina NovaSeq 6000 sequencing	Gut and oral microbiomes to investigate the oral-gut-brain axis on the pathophysiology of Parkinson's Disease patients	53e7d904-96a7-4098-8eea-909c4f82549a	ena-EXPERIMENT-TAB-20-05-2025-23:07:32:009-203107	ena-RUN-TAB-20-05-2025-23:07:32:009-203108	889362985;952013645	23e458b59c9c3c121477326825866ffc;2db92e08ae3644ec07f9edd5854fe00c	ftp.sra.ebi.ac.uk/vol1/fastq/ERR150/022/ERR15003722/ERR15003722_1.fastq.gz;ftp.sra.ebi.ac.uk/vol1/fastq/ERR150/022/ERR15003722/ERR15003722_2.fastq.gz	fasp.sra.ebi.ac.uk:/vol1/fastq/ERR150/022/ERR15003722/ERR15003722_1.fastq.gz;fasp.sra.ebi.ac.uk:/vol1/fastq/ERR150/022/ERR15003722/ERR15003722_2.fastq.gz	ftp.sra.ebi.ac.uk/vol1/fastq/ERR150/022/ERR15003722/ERR15003722_1.fastq.gz;ftp.sra.ebi.ac.uk/vol1/fastq/ERR150/022/ERR15003722/ERR15003722_2.fastq.gz	989996389;1063271492	aaf71b911ccff6f8b9a34853699529ec;bd40f1c32e79665f79419c36d93875c7	ftp.sra.ebi.ac.uk/vol1/run/ERR150/ERR15003722/805G_S25_R1_001.fastq.gz;ftp.sra.ebi.ac.uk/vol1/run/ERR150/ERR15003722/805G_S25_R2_001.fastq.gz	fasp.sra.ebi.ac.uk:/vol1/run/ERR150/ERR15003722/805G_S25_R1_001.fastq.gz;fasp.sra.ebi.ac.uk:/vol1/run/ERR150/ERR15003722/805G_S25_R2_001.fastq.gz	ftp.sra.ebi.ac.uk/vol1/run/ERR150/ERR15003722/805G_S25_R1_001.fastq.gz;ftp.sra.ebi.ac.uk/vol1/run/ERR150/ERR15003722/805G_S25_R2_001.fastq.gz	FASTQ;FASTQ	805G		805G		2025-05-20	ftp.sra.ebi.ac.uk/vol1/err/ERR150/022/ERR15003722/ERR15003722.bam	1777512699	2bdabd5da86c8c23fd19f73e6510574c	GENERATED_FILE;GENERATED_FILE	SUBMISSION_FILE;SUBMISSION_FILE	ARCHIVAL_FILE
ERR15003724	PRJEB79944	ERP164023	SAMEA118335926	ERS24550607	ERX14407693	ERA33133718	408170	human gut metagenome	ILLUMINA	Illumina NovaSeq 6000	NA		PAIRED	WGS	METAGENOMIC	RANDOM	90044976	13148622272	Centre of Host Microbiome Interaction	2025-05-21	2025-05-21	Illumina NovaSeq 6000 sequencing	Gut and oral microbiomes to investigate the oral-gut-brain axis on the pathophysiology of Parkinson's Disease patients	53e7d904-96a7-4098-8eea-909c4f82549a	ena-EXPERIMENT-TAB-20-05-2025-23:07:32:009-203111	ena-RUN-TAB-20-05-2025-23:07:32:009-203112	3360386702;3389931703	cbad8739d73c98afcd6c66eafb3108f6;b25281125110860da4f58358b6f5d5f6	ftp.sra.ebi.ac.uk/vol1/fastq/ERR150/024/ERR15003724/ERR15003724_1.fastq.gz;ftp.sra.ebi.ac.uk/vol1/fastq/ERR150/024/ERR15003724/ERR15003724_2.fastq.gz	fasp.sra.ebi.ac.uk:/vol1/fastq/ERR150/024/ERR15003724/ERR15003724_1.fastq.gz;fasp.sra.ebi.ac.uk:/vol1/fastq/ERR150/024/ERR15003724/ERR15003724_2.fastq.gz	ftp.sra.ebi.ac.uk/vol1/fastq/ERR150/024/ERR15003724/ERR15003724_1.fastq.gz;ftp.sra.ebi.ac.uk/vol1/fastq/ERR150/024/ERR15003724/ERR15003724_2.fastq.gz	3708127474;3747952169	3eefbf2ccda9c1ed0f2cc61ddbac7c4f;9142feab55709747082d046810af069d	ftp.sra.ebi.ac.uk/vol1/run/ERR150/ERR15003724/321G_R1_001.fastq.gz;ftp.sra.ebi.ac.uk/vol1/run/ERR150/ERR15003724/321G_R2_001.fastq.gz	fasp.sra.ebi.ac.uk:/vol1/run/ERR150/ERR15003724/321G_R1_001.fastq.gz;fasp.sra.ebi.ac.uk:/vol1/run/ERR150/ERR15003724/321G_R2_001.fastq.gz	ftp.sra.ebi.ac.uk/vol1/run/ERR150/ERR15003724/321G_R1_001.fastq.gz;ftp.sra.ebi.ac.uk/vol1/run/ERR150/ERR15003724/321G_R2_001.fastq.gz	FASTQ;FASTQ	321G		321G		2025-05-20	ftp.sra.ebi.ac.uk/vol1/err/ERR150/024/ERR15003724/ERR15003724.bam	6472133883	97eaf756eee20cc14ee3fbd6ac70a946	GENERATED_FILE;GENERATED_FILE	SUBMISSION_FILE;SUBMISSION_FILE	ARCHIVAL_FILE
ERR15003725	PRJEB79944	ERP164023	SAMEA118335927	ERS24550608	ERX14407694	ERA33133718	408170	human gut metagenome	ILLUMINA	Illumina NovaSeq 6000	NA		PAIRED	WGS	METAGENOMIC	RANDOM	42531132	6102112345	Centre of Host Microbiome Interaction	2025-05-21	2025-05-21	Illumina NovaSeq 6000 sequencing	Gut and oral microbiomes to investigate the oral-gut-brain axis on the pathophysiology of Parkinson's Disease patients	53e7d904-96a7-4098-8eea-909c4f82549a	ena-EXPERIMENT-TAB-20-05-2025-23:07:32:010-203113	ena-RUN-TAB-20-05-2025-23:07:32:010-203114	1560417579;1612944225	73bf51eb3a7a3804a9075b81aad270f6;63c2785402e6bfb65a6f1a3395d4c3d1	ftp.sra.ebi.ac.uk/vol1/fastq/ERR150/025/ERR15003725/ERR15003725_1.fastq.gz;ftp.sra.ebi.ac.uk/vol1/fastq/ERR150/025/ERR15003725/ERR15003725_2.fastq.gz	fasp.sra.ebi.ac.uk:/vol1/fastq/ERR150/025/ERR15003725/ERR15003725_1.fastq.gz;fasp.sra.ebi.ac.uk:/vol1/fastq/ERR150/025/ERR15003725/ERR15003725_2.fastq.gz	ftp.sra.ebi.ac.uk/vol1/fastq/ERR150/025/ERR15003725/ERR15003725_1.fastq.gz;ftp.sra.ebi.ac.uk/vol1/fastq/ERR150/025/ERR15003725/ERR15003725_2.fastq.gz	1731316757;1793125690	6f1a2cc82c2f8ab9becd676dc5e7add1;78071f4a22a3c929995d24232692889f	ftp.sra.ebi.ac.uk/vol1/run/ERR150/ERR15003725/827G_R1_001.fastq.gz;ftp.sra.ebi.ac.uk/vol1/run/ERR150/ERR15003725/827G_R2_001.fastq.gz	fasp.sra.ebi.ac.uk:/vol1/run/ERR150/ERR15003725/827G_R1_001.fastq.gz;fasp.sra.ebi.ac.uk:/vol1/run/ERR150/ERR15003725/827G_R2_001.fastq.gz	ftp.sra.ebi.ac.uk/vol1/run/ERR150/ERR15003725/827G_R1_001.fastq.gz;ftp.sra.ebi.ac.uk/vol1/run/ERR150/ERR15003725/827G_R2_001.fastq.gz	FASTQ;FASTQ	827G		827G		2025-05-20	ftp.sra.ebi.ac.uk/vol1/err/ERR150/025/ERR15003725/ERR15003725.bam	3071759726	dea535535bb896ce3abee1950d49d178	GENERATED_FILE;GENERATED_FILE	SUBMISSION_FILE;SUBMISSION_FILE	ARCHIVAL_FILE
ERR15003727	PRJEB79944	ERP164023	SAMEA118335929	ERS24550610	ERX14407696	ERA33133718	408170	human gut metagenome	ILLUMINA	Illumina NovaSeq 6000	NA		PAIRED	WGS	METAGENOMIC	RANDOM	28573670	4213583559	Centre of Host Microbiome Interaction	2025-05-21	2025-05-21	Illumina NovaSeq 6000 sequencing	Gut and oral microbiomes to investigate the oral-gut-brain axis on the pathophysiology of Parkinson's Disease patients	53e7d904-96a7-4098-8eea-909c4f82549a	ena-EXPERIMENT-TAB-20-05-2025-23:07:32:010-203117	ena-RUN-TAB-20-05-2025-23:07:32:011-203118	1053994913;1146720688	45d9cfde43ce8df37c37f22f4c3f33d4;aba9fd351d2ce8a98d97fc9d49cdb9ae	ftp.sra.ebi.ac.uk/vol1/fastq/ERR150/027/ERR15003727/ERR15003727_1.fastq.gz;ftp.sra.ebi.ac.uk/vol1/fastq/ERR150/027/ERR15003727/ERR15003727_2.fastq.gz	fasp.sra.ebi.ac.uk:/vol1/fastq/ERR150/027/ERR15003727/ERR15003727_1.fastq.gz;fasp.sra.ebi.ac.uk:/vol1/fastq/ERR150/027/ERR15003727/ERR15003727_2.fastq.gz	ftp.sra.ebi.ac.uk/vol1/fastq/ERR150/027/ERR15003727/ERR15003727_1.fastq.gz;ftp.sra.ebi.ac.uk/vol1/fastq/ERR150/027/ERR15003727/ERR15003727_2.fastq.gz	1172807959;1277284972	3c4988feeb862e3e559dc92b822124bc;8aaed7327c952cf25aabc6c9c7a3d9ee	ftp.sra.ebi.ac.uk/vol1/run/ERR150/ERR15003727/919G_S88_R1_001.fastq.gz;ftp.sra.ebi.ac.uk/vol1/run/ERR150/ERR15003727/919G_S88_R2_001.fastq.gz	fasp.sra.ebi.ac.uk:/vol1/run/ERR150/ERR15003727/919G_S88_R1_001.fastq.gz;fasp.sra.ebi.ac.uk:/vol1/run/ERR150/ERR15003727/919G_S88_R2_001.fastq.gz	ftp.sra.ebi.ac.uk/vol1/run/ERR150/ERR15003727/919G_S88_R1_001.fastq.gz;ftp.sra.ebi.ac.uk/vol1/run/ERR150/ERR15003727/919G_S88_R2_001.fastq.gz	FASTQ;FASTQ	919G		919G		2025-05-20	ftp.sra.ebi.ac.uk/vol1/err/ERR150/027/ERR15003727/ERR15003727.bam	2129927186	7237a05f06bf65efec4ce0735ad3b8b5	GENERATED_FILE;GENERATED_FILE	SUBMISSION_FILE;SUBMISSION_FILE	ARCHIVAL_FILE
ERR15003729	PRJEB79944	ERP164023	SAMEA118335931	ERS24550612	ERX14407698	ERA33133718	408170	human gut metagenome	ILLUMINA	Illumina NovaSeq 6000	NA		PAIRED	WGS	METAGENOMIC	RANDOM	26339756	3893496909	Centre of Host Microbiome Interaction	2025-05-21	2025-05-21	Illumina NovaSeq 6000 sequencing	Gut and oral microbiomes to investigate the oral-gut-brain axis on the pathophysiology of Parkinson's Disease patients	53e7d904-96a7-4098-8eea-909c4f82549a	ena-EXPERIMENT-TAB-20-05-2025-23:07:32:011-203121	ena-RUN-TAB-20-05-2025-23:07:32:012-203122	967680736;1043075754	07928f1f0ca3b174d55f7ba66dd39d4b;5332ed4f124804dd684525d5d2b3a453	ftp.sra.ebi.ac.uk/vol1/fastq/ERR150/029/ERR15003729/ERR15003729_1.fastq.gz;ftp.sra.ebi.ac.uk/vol1/fastq/ERR150/029/ERR15003729/ERR15003729_2.fastq.gz	fasp.sra.ebi.ac.uk:/vol1/fastq/ERR150/029/ERR15003729/ERR15003729_1.fastq.gz;fasp.sra.ebi.ac.uk:/vol1/fastq/ERR150/029/ERR15003729/ERR15003729_2.fastq.gz	ftp.sra.ebi.ac.uk/vol1/fastq/ERR150/029/ERR15003729/ERR15003729_1.fastq.gz;ftp.sra.ebi.ac.uk/vol1/fastq/ERR150/029/ERR15003729/ERR15003729_2.fastq.gz	1077010104;1164165601	e0c27d5897731add5393f537ec1e932f;018874713ad83da38b5f46ca430e0a51	ftp.sra.ebi.ac.uk/vol1/run/ERR150/ERR15003729/713G_S34_R1_001.fastq.gz;ftp.sra.ebi.ac.uk/vol1/run/ERR150/ERR15003729/713G_S34_R2_001.fastq.gz	fasp.sra.ebi.ac.uk:/vol1/run/ERR150/ERR15003729/713G_S34_R1_001.fastq.gz;fasp.sra.ebi.ac.uk:/vol1/run/ERR150/ERR15003729/713G_S34_R2_001.fastq.gz	ftp.sra.ebi.ac.uk/vol1/run/ERR150/ERR15003729/713G_S34_R1_001.fastq.gz;ftp.sra.ebi.ac.uk/vol1/run/ERR150/ERR15003729/713G_S34_R2_001.fastq.gz	FASTQ;FASTQ	713G		713G		2025-05-20	ftp.sra.ebi.ac.uk/vol1/err/ERR150/029/ERR15003729/ERR15003729.bam	1940809353	4246893c36ee5222cf19cfeac302ab03	GENERATED_FILE;GENERATED_FILE	SUBMISSION_FILE;SUBMISSION_FILE	ARCHIVAL_FILE
ERR15003732	PRJEB79944	ERP164023	SAMEA118335934	ERS24550615	ERX14407701	ERA33133718	408170	human gut metagenome	ILLUMINA	Illumina NovaSeq 6000	NA		PAIRED	WGS	METAGENOMIC	RANDOM	52021060	7535125409	Centre of Host Microbiome Interaction	2025-05-21	2025-05-21	Illumina NovaSeq 6000 sequencing	Gut and oral microbiomes to investigate the oral-gut-brain axis on the pathophysiology of Parkinson's Disease patients	53e7d904-96a7-4098-8eea-909c4f82549a	ena-EXPERIMENT-TAB-20-05-2025-23:07:32:013-203127	ena-RUN-TAB-20-05-2025-23:07:32:013-203128	1890093644;2033037746	3b222362083c8916dbcad0bcfe9d45d5;c4bc539a47ea4d1f45c9c9566e7a08a1	ftp.sra.ebi.ac.uk/vol1/fastq/ERR150/032/ERR15003732/ERR15003732_1.fastq.gz;ftp.sra.ebi.ac.uk/vol1/fastq/ERR150/032/ERR15003732/ERR15003732_2.fastq.gz	fasp.sra.ebi.ac.uk:/vol1/fastq/ERR150/032/ERR15003732/ERR15003732_1.fastq.gz;fasp.sra.ebi.ac.uk:/vol1/fastq/ERR150/032/ERR15003732/ERR15003732_2.fastq.gz	ftp.sra.ebi.ac.uk/vol1/fastq/ERR150/032/ERR15003732/ERR15003732_1.fastq.gz;ftp.sra.ebi.ac.uk/vol1/fastq/ERR150/032/ERR15003732/ERR15003732_2.fastq.gz	2098441629;2264376715	5f8ab79d3735a0611c1e099eb0525cec;573acf996333800ceaf7a7b7b1cde6c9	ftp.sra.ebi.ac.uk/vol1/run/ERR150/ERR15003732/732G_R1_001.fastq.gz;ftp.sra.ebi.ac.uk/vol1/run/ERR150/ERR15003732/732G_R2_001.fastq.gz	fasp.sra.ebi.ac.uk:/vol1/run/ERR150/ERR15003732/732G_R1_001.fastq.gz;fasp.sra.ebi.ac.uk:/vol1/run/ERR150/ERR15003732/732G_R2_001.fastq.gz	ftp.sra.ebi.ac.uk/vol1/run/ERR150/ERR15003732/732G_R1_001.fastq.gz;ftp.sra.ebi.ac.uk/vol1/run/ERR150/ERR15003732/732G_R2_001.fastq.gz	FASTQ;FASTQ	732G		732G		2025-05-20	ftp.sra.ebi.ac.uk/vol1/err/ERR150/032/ERR15003732/ERR15003732.bam	3794089115	bc7c4247af4b10a9ca6bd813a3d47820	GENERATED_FILE;GENERATED_FILE	SUBMISSION_FILE;SUBMISSION_FILE	ARCHIVAL_FILE
ERR15003737	PRJEB79944	ERP164023	SAMEA118335939	ERS24550620	ERX14407706	ERA33133718	408170	human gut metagenome	ILLUMINA	Illumina NovaSeq 6000	NA		PAIRED	WGS	METAGENOMIC	RANDOM	25199196	3724609406	Centre of Host Microbiome Interaction	2025-05-21	2025-05-21	Illumina NovaSeq 6000 sequencing	Gut and oral microbiomes to investigate the oral-gut-brain axis on the pathophysiology of Parkinson's Disease patients	53e7d904-96a7-4098-8eea-909c4f82549a	ena-EXPERIMENT-TAB-20-05-2025-23:07:32:014-203137	ena-RUN-TAB-20-05-2025-23:07:32:014-203138	931411042;993801092	aa3b526fc564d587ae2d01b98e54ab5c;9181e40ec36f4c925061c74582ed6734	ftp.sra.ebi.ac.uk/vol1/fastq/ERR150/037/ERR15003737/ERR15003737_1.fastq.gz;ftp.sra.ebi.ac.uk/vol1/fastq/ERR150/037/ERR15003737/ERR15003737_2.fastq.gz	fasp.sra.ebi.ac.uk:/vol1/fastq/ERR150/037/ERR15003737/ERR15003737_1.fastq.gz;fasp.sra.ebi.ac.uk:/vol1/fastq/ERR150/037/ERR15003737/ERR15003737_2.fastq.gz	ftp.sra.ebi.ac.uk/vol1/fastq/ERR150/037/ERR15003737/ERR15003737_1.fastq.gz;ftp.sra.ebi.ac.uk/vol1/fastq/ERR150/037/ERR15003737/ERR15003737_2.fastq.gz	1050669997;1124050268	acc480243d3d11742f35777e077c1d69;c8807109cdb5bc8353aff32007940820	ftp.sra.ebi.ac.uk/vol1/run/ERR150/ERR15003737/798G_R1_001.fastq.gz;ftp.sra.ebi.ac.uk/vol1/run/ERR150/ERR15003737/798G_R2_001.fastq.gz	fasp.sra.ebi.ac.uk:/vol1/run/ERR150/ERR15003737/798G_R1_001.fastq.gz;fasp.sra.ebi.ac.uk:/vol1/run/ERR150/ERR15003737/798G_R2_001.fastq.gz	ftp.sra.ebi.ac.uk/vol1/run/ERR150/ERR15003737/798G_R1_001.fastq.gz;ftp.sra.ebi.ac.uk/vol1/run/ERR150/ERR15003737/798G_R2_001.fastq.gz	FASTQ;FASTQ	798G		798G		2025-05-20	ftp.sra.ebi.ac.uk/vol1/err/ERR150/037/ERR15003737/ERR15003737.bam	1858183550	5589c64dcfe675a4a6d76e1bcc28701c	GENERATED_FILE;GENERATED_FILE	SUBMISSION_FILE;SUBMISSION_FILE	ARCHIVAL_FILE
ERR15003740	PRJEB79944	ERP164023	SAMEA118335942	ERS24550623	ERX14407709	ERA33133718	408170	human gut metagenome	ILLUMINA	Illumina NovaSeq 6000	NA		PAIRED	WGS	METAGENOMIC	RANDOM	9904900	1458486187	Centre of Host Microbiome Interaction	2025-05-21	2025-05-21	Illumina NovaSeq 6000 sequencing	Gut and oral microbiomes to investigate the oral-gut-brain axis on the pathophysiology of Parkinson's Disease patients	53e7d904-96a7-4098-8eea-909c4f82549a	ena-EXPERIMENT-TAB-20-05-2025-23:07:32:015-203143	ena-RUN-TAB-20-05-2025-23:07:32:015-203144	363982929;386228207	2e75414d9ae68650d51a09618c5abd9b;446dd70cfb8cd7ec0f1ff4ac4b0d62c9	ftp.sra.ebi.ac.uk/vol1/fastq/ERR150/040/ERR15003740/ERR15003740_1.fastq.gz;ftp.sra.ebi.ac.uk/vol1/fastq/ERR150/040/ERR15003740/ERR15003740_2.fastq.gz	fasp.sra.ebi.ac.uk:/vol1/fastq/ERR150/040/ERR15003740/ERR15003740_1.fastq.gz;fasp.sra.ebi.ac.uk:/vol1/fastq/ERR150/040/ERR15003740/ERR15003740_2.fastq.gz	ftp.sra.ebi.ac.uk/vol1/fastq/ERR150/040/ERR15003740/ERR15003740_1.fastq.gz;ftp.sra.ebi.ac.uk/vol1/fastq/ERR150/040/ERR15003740/ERR15003740_2.fastq.gz	412618922;438450577	0c01380d8b01430d712f48ca6fe72de8;5524741539ec90dc10fe12a88a1009d2	ftp.sra.ebi.ac.uk/vol1/run/ERR150/ERR15003740/723G_S46_R1_001.fastq.gz;ftp.sra.ebi.ac.uk/vol1/run/ERR150/ERR15003740/723G_S46_R2_001.fastq.gz	fasp.sra.ebi.ac.uk:/vol1/run/ERR150/ERR15003740/723G_S46_R1_001.fastq.gz;fasp.sra.ebi.ac.uk:/vol1/run/ERR150/ERR15003740/723G_S46_R2_001.fastq.gz	ftp.sra.ebi.ac.uk/vol1/run/ERR150/ERR15003740/723G_S46_R1_001.fastq.gz;ftp.sra.ebi.ac.uk/vol1/run/ERR150/ERR15003740/723G_S46_R2_001.fastq.gz	FASTQ;FASTQ	723G		723G		2025-05-20	ftp.sra.ebi.ac.uk/vol1/err/ERR150/040/ERR15003740/ERR15003740.bam	727668053	71b51ae98d33dcf6e1f07c2ea51095e6	GENERATED_FILE;GENERATED_FILE	SUBMISSION_FILE;SUBMISSION_FILE	ARCHIVAL_FILE
ERR15003743	PRJEB79944	ERP164023	SAMEA118335945	ERS24550626	ERX14407712	ERA33133718	408170	human gut metagenome	ILLUMINA	Illumina NovaSeq 6000	NA		PAIRED	WGS	METAGENOMIC	RANDOM	22871022	3370747706	Centre of Host Microbiome Interaction	2025-05-21	2025-05-21	Illumina NovaSeq 6000 sequencing	Gut and oral microbiomes to investigate the oral-gut-brain axis on the pathophysiology of Parkinson's Disease patients	53e7d904-96a7-4098-8eea-909c4f82549a	ena-EXPERIMENT-TAB-20-05-2025-23:07:32:016-203149	ena-RUN-TAB-20-05-2025-23:07:32:017-203150	842181297;899088678	5a140085d576a045f26ce7b0dd6c3c52;065f53cec98287c089e386c6d843c3ee	ftp.sra.ebi.ac.uk/vol1/fastq/ERR150/043/ERR15003743/ERR15003743_1.fastq.gz;ftp.sra.ebi.ac.uk/vol1/fastq/ERR150/043/ERR15003743/ERR15003743_2.fastq.gz	fasp.sra.ebi.ac.uk:/vol1/fastq/ERR150/043/ERR15003743/ERR15003743_1.fastq.gz;fasp.sra.ebi.ac.uk:/vol1/fastq/ERR150/043/ERR15003743/ERR15003743_2.fastq.gz	ftp.sra.ebi.ac.uk/vol1/fastq/ERR150/043/ERR15003743/ERR15003743_1.fastq.gz;ftp.sra.ebi.ac.uk/vol1/fastq/ERR150/043/ERR15003743/ERR15003743_2.fastq.gz	943578858;1009825356	ca6ff2c910afeff92326a958a74b0872;4381b55220cec75b387898964bc0ec1b	ftp.sra.ebi.ac.uk/vol1/run/ERR150/ERR15003743/711G_S33_R1_001.fastq.gz;ftp.sra.ebi.ac.uk/vol1/run/ERR150/ERR15003743/711G_S33_R2_001.fastq.gz	fasp.sra.ebi.ac.uk:/vol1/run/ERR150/ERR15003743/711G_S33_R1_001.fastq.gz;fasp.sra.ebi.ac.uk:/vol1/run/ERR150/ERR15003743/711G_S33_R2_001.fastq.gz	ftp.sra.ebi.ac.uk/vol1/run/ERR150/ERR15003743/711G_S33_R1_001.fastq.gz;ftp.sra.ebi.ac.uk/vol1/run/ERR150/ERR15003743/711G_S33_R2_001.fastq.gz	FASTQ;FASTQ	711G		711G		2025-05-20	ftp.sra.ebi.ac.uk/vol1/err/ERR150/043/ERR15003743/ERR15003743.bam	1683281399	af5592a6e5d0e67238c75e5e6fab8547	GENERATED_FILE;GENERATED_FILE	SUBMISSION_FILE;SUBMISSION_FILE	ARCHIVAL_FILE
ERR15003761	PRJEB79944	ERP164023	SAMEA118335963	ERS24550644	ERX14407730	ERA33133718	408170	human gut metagenome	ILLUMINA	Illumina NovaSeq 6000	NA		PAIRED	WGS	METAGENOMIC	RANDOM	20181252	2968472637	Centre of Host Microbiome Interaction	2025-05-21	2025-05-21	Illumina NovaSeq 6000 sequencing	Gut and oral microbiomes to investigate the oral-gut-brain axis on the pathophysiology of Parkinson's Disease patients	53e7d904-96a7-4098-8eea-909c4f82549a	ena-EXPERIMENT-TAB-20-05-2025-23:07:32:023-203185	ena-RUN-TAB-20-05-2025-23:07:32:023-203186	745855348;789759967	dfa015a5ed701e45916c7eda10fc9513;8a91b47fee41fe8dc6265f8df89c4ffc	ftp.sra.ebi.ac.uk/vol1/fastq/ERR150/061/ERR15003761/ERR15003761_1.fastq.gz;ftp.sra.ebi.ac.uk/vol1/fastq/ERR150/061/ERR15003761/ERR15003761_2.fastq.gz	fasp.sra.ebi.ac.uk:/vol1/fastq/ERR150/061/ERR15003761/ERR15003761_1.fastq.gz;fasp.sra.ebi.ac.uk:/vol1/fastq/ERR150/061/ERR15003761/ERR15003761_2.fastq.gz	ftp.sra.ebi.ac.uk/vol1/fastq/ERR150/061/ERR15003761/ERR15003761_1.fastq.gz;ftp.sra.ebi.ac.uk/vol1/fastq/ERR150/061/ERR15003761/ERR15003761_2.fastq.gz	831366671;882211206	f3f6a3dc6adb7ff02ad81d89ffc4c4db;ba23195df803e6cee984af8fc81641c9	ftp.sra.ebi.ac.uk/vol1/run/ERR150/ERR15003761/883G_S61_R1_001.fastq.gz;ftp.sra.ebi.ac.uk/vol1/run/ERR150/ERR15003761/883G_S61_R2_001.fastq.gz	fasp.sra.ebi.ac.uk:/vol1/run/ERR150/ERR15003761/883G_S61_R1_001.fastq.gz;fasp.sra.ebi.ac.uk:/vol1/run/ERR150/ERR15003761/883G_S61_R2_001.fastq.gz	ftp.sra.ebi.ac.uk/vol1/run/ERR150/ERR15003761/883G_S61_R1_001.fastq.gz;ftp.sra.ebi.ac.uk/vol1/run/ERR150/ERR15003761/883G_S61_R2_001.fastq.gz	FASTQ;FASTQ	883G		883G		2025-05-20	ftp.sra.ebi.ac.uk/vol1/err/ERR150/061/ERR15003761/ERR15003761.bam	1483727218	f28b84942fec2e575f2121bcd1b4c40a	GENERATED_FILE;GENERATED_FILE	SUBMISSION_FILE;SUBMISSION_FILE	ARCHIVAL_FILE
ERR15003772	PRJEB79944	ERP164023	SAMEA118335974	ERS24550655	ERX14407741	ERA33133718	408170	human gut metagenome	ILLUMINA	Illumina NovaSeq 6000	NA		PAIRED	WGS	METAGENOMIC	RANDOM	34927202	5148123964	Centre of Host Microbiome Interaction	2025-05-21	2025-05-21	Illumina NovaSeq 6000 sequencing	Gut and oral microbiomes to investigate the oral-gut-brain axis on the pathophysiology of Parkinson's Disease patients	53e7d904-96a7-4098-8eea-909c4f82549a	ena-EXPERIMENT-TAB-20-05-2025-23:07:32:027-203207	ena-RUN-TAB-20-05-2025-23:07:32:027-203208	1384902094;1356153086	e4f16391e2304aefac11a94166883342;769299997801c85912ebba8ad6e4c5d4	ftp.sra.ebi.ac.uk/vol1/fastq/ERR150/072/ERR15003772/ERR15003772_1.fastq.gz;ftp.sra.ebi.ac.uk/vol1/fastq/ERR150/072/ERR15003772/ERR15003772_2.fastq.gz	fasp.sra.ebi.ac.uk:/vol1/fastq/ERR150/072/ERR15003772/ERR15003772_1.fastq.gz;fasp.sra.ebi.ac.uk:/vol1/fastq/ERR150/072/ERR15003772/ERR15003772_2.fastq.gz	ftp.sra.ebi.ac.uk/vol1/fastq/ERR150/072/ERR15003772/ERR15003772_1.fastq.gz;ftp.sra.ebi.ac.uk/vol1/fastq/ERR150/072/ERR15003772/ERR15003772_2.fastq.gz	1544988868;1509201791	acde31e776f54259971b84568a2c9c36;e4c84906345de6a7743657d374807098	ftp.sra.ebi.ac.uk/vol1/run/ERR150/ERR15003772/803G_S14_R1_001.fastq.gz;ftp.sra.ebi.ac.uk/vol1/run/ERR150/ERR15003772/803G_S14_R2_001.fastq.gz	fasp.sra.ebi.ac.uk:/vol1/run/ERR150/ERR15003772/803G_S14_R1_001.fastq.gz;fasp.sra.ebi.ac.uk:/vol1/run/ERR150/ERR15003772/803G_S14_R2_001.fastq.gz	ftp.sra.ebi.ac.uk/vol1/run/ERR150/ERR15003772/803G_S14_R1_001.fastq.gz;ftp.sra.ebi.ac.uk/vol1/run/ERR150/ERR15003772/803G_S14_R2_001.fastq.gz	FASTQ;FASTQ	803G		803G		2025-05-20	ftp.sra.ebi.ac.uk/vol1/err/ERR150/072/ERR15003772/ERR15003772.bam	2649044991	73f5210ab4d1310f3465ec072c0381ec	GENERATED_FILE;GENERATED_FILE	SUBMISSION_FILE;SUBMISSION_FILE	ARCHIVAL_FILE
ERR15003773	PRJEB79944	ERP164023	SAMEA118335975	ERS24550656	ERX14407742	ERA33133718	408170	human gut metagenome	ILLUMINA	Illumina NovaSeq 6000	NA		PAIRED	WGS	METAGENOMIC	RANDOM	24081924	3521892095	Centre of Host Microbiome Interaction	2025-05-21	2025-05-21	Illumina NovaSeq 6000 sequencing	Gut and oral microbiomes to investigate the oral-gut-brain axis on the pathophysiology of Parkinson's Disease patients	53e7d904-96a7-4098-8eea-909c4f82549a	ena-EXPERIMENT-TAB-20-05-2025-23:07:32:027-203209	ena-RUN-TAB-20-05-2025-23:07:32:027-203210	873825204;922813445	ffe35c091d4c28efbb712896f36fe5ab;78c860c797331d1067083dfb51081ced	ftp.sra.ebi.ac.uk/vol1/fastq/ERR150/073/ERR15003773/ERR15003773_1.fastq.gz;ftp.sra.ebi.ac.uk/vol1/fastq/ERR150/073/ERR15003773/ERR15003773_2.fastq.gz	fasp.sra.ebi.ac.uk:/vol1/fastq/ERR150/073/ERR15003773/ERR15003773_1.fastq.gz;fasp.sra.ebi.ac.uk:/vol1/fastq/ERR150/073/ERR15003773/ERR15003773_2.fastq.gz	ftp.sra.ebi.ac.uk/vol1/fastq/ERR150/073/ERR15003773/ERR15003773_1.fastq.gz;ftp.sra.ebi.ac.uk/vol1/fastq/ERR150/073/ERR15003773/ERR15003773_2.fastq.gz	974053993;1031959742	5838c03cf1ed716851b32d8bc96275b0;96c7d0839fde5b0d37f1a3d2cf10aa1f	ftp.sra.ebi.ac.uk/vol1/run/ERR150/ERR15003773/776G_S23_R1_001.fastq.gz;ftp.sra.ebi.ac.uk/vol1/run/ERR150/ERR15003773/776G_S23_R2_001.fastq.gz	fasp.sra.ebi.ac.uk:/vol1/run/ERR150/ERR15003773/776G_S23_R1_001.fastq.gz;fasp.sra.ebi.ac.uk:/vol1/run/ERR150/ERR15003773/776G_S23_R2_001.fastq.gz	ftp.sra.ebi.ac.uk/vol1/run/ERR150/ERR15003773/776G_S23_R1_001.fastq.gz;ftp.sra.ebi.ac.uk/vol1/run/ERR150/ERR15003773/776G_S23_R2_001.fastq.gz	FASTQ;FASTQ	776G		776G		2025-05-20	ftp.sra.ebi.ac.uk/vol1/err/ERR150/073/ERR15003773/ERR15003773.bam	1734220661	b2066cfd29a860cc2421610b872d187b	GENERATED_FILE;GENERATED_FILE	SUBMISSION_FILE;SUBMISSION_FILE	ARCHIVAL_FILE
ERR15003780	PRJEB79944	ERP164023	SAMEA118335982	ERS24550663	ERX14407749	ERA33133718	408170	human gut metagenome	ILLUMINA	Illumina NovaSeq 6000	NA		PAIRED	WGS	METAGENOMIC	RANDOM	12538272	1672428055	Centre of Host Microbiome Interaction	2025-05-21	2025-05-21	Illumina NovaSeq 6000 sequencing	Gut and oral microbiomes to investigate the oral-gut-brain axis on the pathophysiology of Parkinson's Disease patients	53e7d904-96a7-4098-8eea-909c4f82549a	ena-EXPERIMENT-TAB-20-05-2025-23:07:32:029-203223	ena-RUN-TAB-20-05-2025-23:07:32:029-203224	430358004;431949209	828c06a5e6ba8f6bd806dee744a3847b;afa67c5e8782ab0547441caa05b93b2b	ftp.sra.ebi.ac.uk/vol1/fastq/ERR150/080/ERR15003780/ERR15003780_1.fastq.gz;ftp.sra.ebi.ac.uk/vol1/fastq/ERR150/080/ERR15003780/ERR15003780_2.fastq.gz	fasp.sra.ebi.ac.uk:/vol1/fastq/ERR150/080/ERR15003780/ERR15003780_1.fastq.gz;fasp.sra.ebi.ac.uk:/vol1/fastq/ERR150/080/ERR15003780/ERR15003780_2.fastq.gz	ftp.sra.ebi.ac.uk/vol1/fastq/ERR150/080/ERR15003780/ERR15003780_1.fastq.gz;ftp.sra.ebi.ac.uk/vol1/fastq/ERR150/080/ERR15003780/ERR15003780_2.fastq.gz	483350559;485643354	60ec40e4774fd080e0fa3774863a2daa;3fc6ec88f5bfa2c2bcfc98005508d6cb	ftp.sra.ebi.ac.uk/vol1/run/ERR150/ERR15003780/772G_S28_R1_001.fastq.gz;ftp.sra.ebi.ac.uk/vol1/run/ERR150/ERR15003780/772G_S28_R2_001.fastq.gz	fasp.sra.ebi.ac.uk:/vol1/run/ERR150/ERR15003780/772G_S28_R1_001.fastq.gz;fasp.sra.ebi.ac.uk:/vol1/run/ERR150/ERR15003780/772G_S28_R2_001.fastq.gz	ftp.sra.ebi.ac.uk/vol1/run/ERR150/ERR15003780/772G_S28_R1_001.fastq.gz;ftp.sra.ebi.ac.uk/vol1/run/ERR150/ERR15003780/772G_S28_R2_001.fastq.gz	FASTQ;FASTQ	772G		772G		2025-05-20	ftp.sra.ebi.ac.uk/vol1/err/ERR150/080/ERR15003780/ERR15003780.bam	842276480	d099a9b2f3b68cc9831a28d8be7c0d98	GENERATED_FILE;GENERATED_FILE	SUBMISSION_FILE;SUBMISSION_FILE	ARCHIVAL_FILE
ERR15003781	PRJEB79944	ERP164023	SAMEA118335983	ERS24550664	ERX14407750	ERA33133718	408170	human gut metagenome	ILLUMINA	Illumina NovaSeq 6000	NA		PAIRED	WGS	METAGENOMIC	RANDOM	21302658	3137739533	Centre of Host Microbiome Interaction	2025-05-21	2025-05-21	Illumina NovaSeq 6000 sequencing	Gut and oral microbiomes to investigate the oral-gut-brain axis on the pathophysiology of Parkinson's Disease patients	53e7d904-96a7-4098-8eea-909c4f82549a	ena-EXPERIMENT-TAB-20-05-2025-23:07:32:030-203225	ena-RUN-TAB-20-05-2025-23:07:32:030-203226	788490380;832374652	b072147bf63b2ab4bff065b5d015b001;3b10d04f645fc5e073d8709dee499c15	ftp.sra.ebi.ac.uk/vol1/fastq/ERR150/081/ERR15003781/ERR15003781_1.fastq.gz;ftp.sra.ebi.ac.uk/vol1/fastq/ERR150/081/ERR15003781/ERR15003781_2.fastq.gz	fasp.sra.ebi.ac.uk:/vol1/fastq/ERR150/081/ERR15003781/ERR15003781_1.fastq.gz;fasp.sra.ebi.ac.uk:/vol1/fastq/ERR150/081/ERR15003781/ERR15003781_2.fastq.gz	ftp.sra.ebi.ac.uk/vol1/fastq/ERR150/081/ERR15003781/ERR15003781_1.fastq.gz;ftp.sra.ebi.ac.uk/vol1/fastq/ERR150/081/ERR15003781/ERR15003781_2.fastq.gz	891967132;944064026	216f13eb3c277637c9f26e7e1393f1ac;8aed6685af63fa016e985a1bd354be98	ftp.sra.ebi.ac.uk/vol1/run/ERR150/ERR15003781/847G_S53_R1_001.fastq.gz;ftp.sra.ebi.ac.uk/vol1/run/ERR150/ERR15003781/847G_S53_R2_001.fastq.gz	fasp.sra.ebi.ac.uk:/vol1/run/ERR150/ERR15003781/847G_S53_R1_001.fastq.gz;fasp.sra.ebi.ac.uk:/vol1/run/ERR150/ERR15003781/847G_S53_R2_001.fastq.gz	ftp.sra.ebi.ac.uk/vol1/run/ERR150/ERR15003781/847G_S53_R1_001.fastq.gz;ftp.sra.ebi.ac.uk/vol1/run/ERR150/ERR15003781/847G_S53_R2_001.fastq.gz	FASTQ;FASTQ	847G		847G		2025-05-20	ftp.sra.ebi.ac.uk/vol1/err/ERR150/081/ERR15003781/ERR15003781.bam	1566462843	057bd0a262d1c864963af61541ad75be	GENERATED_FILE;GENERATED_FILE	SUBMISSION_FILE;SUBMISSION_FILE	ARCHIVAL_FILE
ERR15003783	PRJEB79944	ERP164023	SAMEA118335985	ERS24550666	ERX14407752	ERA33133718	408170	human gut metagenome	ILLUMINA	Illumina NovaSeq 6000	NA		PAIRED	WGS	METAGENOMIC	RANDOM	25957534	3837772784	Centre of Host Microbiome Interaction	2025-05-21	2025-05-21	Illumina NovaSeq 6000 sequencing	Gut and oral microbiomes to investigate the oral-gut-brain axis on the pathophysiology of Parkinson's Disease patients	53e7d904-96a7-4098-8eea-909c4f82549a	ena-EXPERIMENT-TAB-20-05-2025-23:07:32:030-203229	ena-RUN-TAB-20-05-2025-23:07:32:031-203230	948530011;1030351794	c1c425062a8c123ae3ee215e0ff2db14;2a0d2855d1b24c29dd95fc0e686ecf38	ftp.sra.ebi.ac.uk/vol1/fastq/ERR150/083/ERR15003783/ERR15003783_1.fastq.gz;ftp.sra.ebi.ac.uk/vol1/fastq/ERR150/083/ERR15003783/ERR15003783_2.fastq.gz	fasp.sra.ebi.ac.uk:/vol1/fastq/ERR150/083/ERR15003783/ERR15003783_1.fastq.gz;fasp.sra.ebi.ac.uk:/vol1/fastq/ERR150/083/ERR15003783/ERR15003783_2.fastq.gz	ftp.sra.ebi.ac.uk/vol1/fastq/ERR150/083/ERR15003783/ERR15003783_1.fastq.gz;ftp.sra.ebi.ac.uk/vol1/fastq/ERR150/083/ERR15003783/ERR15003783_2.fastq.gz	1060806635;1155765215	cb1f545319ace0abaf2f8bc5bf5bbcdc;f88f4cdcc19b6eac55404d549c3824c4	ftp.sra.ebi.ac.uk/vol1/run/ERR150/ERR15003783/836G_S26_R1_001.fastq.gz;ftp.sra.ebi.ac.uk/vol1/run/ERR150/ERR15003783/836G_S26_R2_001.fastq.gz	fasp.sra.ebi.ac.uk:/vol1/run/ERR150/ERR15003783/836G_S26_R1_001.fastq.gz;fasp.sra.ebi.ac.uk:/vol1/run/ERR150/ERR15003783/836G_S26_R2_001.fastq.gz	ftp.sra.ebi.ac.uk/vol1/run/ERR150/ERR15003783/836G_S26_R1_001.fastq.gz;ftp.sra.ebi.ac.uk/vol1/run/ERR150/ERR15003783/836G_S26_R2_001.fastq.gz	FASTQ;FASTQ	836G		836G		2025-05-20	ftp.sra.ebi.ac.uk/vol1/err/ERR150/083/ERR15003783/ERR15003783.bam	1911640215	b15b5fb4125f5c04eeb3904d58fbcfca	GENERATED_FILE;GENERATED_FILE	SUBMISSION_FILE;SUBMISSION_FILE	ARCHIVAL_FILE
ERR15003797	PRJEB79944	ERP164023	SAMEA118335999	ERS24550680	ERX14407766	ERA33133718	408170	human gut metagenome	ILLUMINA	Illumina NovaSeq 6000	NA		PAIRED	WGS	METAGENOMIC	RANDOM	108643470	15849919340	Centre of Host Microbiome Interaction	2025-05-21	2025-05-21	Illumina NovaSeq 6000 sequencing	Gut and oral microbiomes to investigate the oral-gut-brain axis on the pathophysiology of Parkinson's Disease patients	53e7d904-96a7-4098-8eea-909c4f82549a	ena-EXPERIMENT-TAB-20-05-2025-23:07:32:035-203257	ena-RUN-TAB-20-05-2025-23:07:32:035-203258	4063133977;4142140668	de69aaa7e242ed6c8dfb4958930feeb3;d567d369e1252385a25527943b8fcbb6	ftp.sra.ebi.ac.uk/vol1/fastq/ERR150/097/ERR15003797/ERR15003797_1.fastq.gz;ftp.sra.ebi.ac.uk/vol1/fastq/ERR150/097/ERR15003797/ERR15003797_2.fastq.gz	fasp.sra.ebi.ac.uk:/vol1/fastq/ERR150/097/ERR15003797/ERR15003797_1.fastq.gz;fasp.sra.ebi.ac.uk:/vol1/fastq/ERR150/097/ERR15003797/ERR15003797_2.fastq.gz	ftp.sra.ebi.ac.uk/vol1/fastq/ERR150/097/ERR15003797/ERR15003797_1.fastq.gz;ftp.sra.ebi.ac.uk/vol1/fastq/ERR150/097/ERR15003797/ERR15003797_2.fastq.gz	4462471813;4561072778	c0fdf918632e659345ff65e0da3accad;2f4fe9747e9fe23780951281e876fff0	ftp.sra.ebi.ac.uk/vol1/run/ERR150/ERR15003797/304G_R1_001.fastq.gz;ftp.sra.ebi.ac.uk/vol1/run/ERR150/ERR15003797/304G_R2_001.fastq.gz	fasp.sra.ebi.ac.uk:/vol1/run/ERR150/ERR15003797/304G_R1_001.fastq.gz;fasp.sra.ebi.ac.uk:/vol1/run/ERR150/ERR15003797/304G_R2_001.fastq.gz	ftp.sra.ebi.ac.uk/vol1/run/ERR150/ERR15003797/304G_R1_001.fastq.gz;ftp.sra.ebi.ac.uk/vol1/run/ERR150/ERR15003797/304G_R2_001.fastq.gz	FASTQ;FASTQ	304G		304G		2025-05-20	ftp.sra.ebi.ac.uk/vol1/err/ERR150/097/ERR15003797/ERR15003797.bam	7895659817	6a5bc72e3267e960779fbb37436626df	GENERATED_FILE;GENERATED_FILE	SUBMISSION_FILE;SUBMISSION_FILE	ARCHIVAL_FILE
ERR15003798	PRJEB79944	ERP164023	SAMEA118336000	ERS24550681	ERX14407767	ERA33133718	408170	human gut metagenome	ILLUMINA	Illumina NovaSeq 6000	NA		PAIRED	WGS	METAGENOMIC	RANDOM	68995208	9988714460	Centre of Host Microbiome Interaction	2025-05-21	2025-05-21	Illumina NovaSeq 6000 sequencing	Gut and oral microbiomes to investigate the oral-gut-brain axis on the pathophysiology of Parkinson's Disease patients	53e7d904-96a7-4098-8eea-909c4f82549a	ena-EXPERIMENT-TAB-20-05-2025-23:07:32:036-203259	ena-RUN-TAB-20-05-2025-23:07:32:036-203260	2583214220;2674798627	e6d544b1af874de922720d7949431f06;2e5c184f9bcaefb59d89c309aaa68927	ftp.sra.ebi.ac.uk/vol1/fastq/ERR150/098/ERR15003798/ERR15003798_1.fastq.gz;ftp.sra.ebi.ac.uk/vol1/fastq/ERR150/098/ERR15003798/ERR15003798_2.fastq.gz	fasp.sra.ebi.ac.uk:/vol1/fastq/ERR150/098/ERR15003798/ERR15003798_1.fastq.gz;fasp.sra.ebi.ac.uk:/vol1/fastq/ERR150/098/ERR15003798/ERR15003798_2.fastq.gz	ftp.sra.ebi.ac.uk/vol1/fastq/ERR150/098/ERR15003798/ERR15003798_1.fastq.gz;ftp.sra.ebi.ac.uk/vol1/fastq/ERR150/098/ERR15003798/ERR15003798_2.fastq.gz	2866149652;2974708256	084dc7fb0727f2ba6435c1364f1804b9;8f683ace6d37dd8e2ea7b17db3f4fdb4	ftp.sra.ebi.ac.uk/vol1/run/ERR150/ERR15003798/832G_R1_001.fastq.gz;ftp.sra.ebi.ac.uk/vol1/run/ERR150/ERR15003798/832G_R2_001.fastq.gz	fasp.sra.ebi.ac.uk:/vol1/run/ERR150/ERR15003798/832G_R1_001.fastq.gz;fasp.sra.ebi.ac.uk:/vol1/run/ERR150/ERR15003798/832G_R2_001.fastq.gz	ftp.sra.ebi.ac.uk/vol1/run/ERR150/ERR15003798/832G_R1_001.fastq.gz;ftp.sra.ebi.ac.uk/vol1/run/ERR150/ERR15003798/832G_R2_001.fastq.gz	FASTQ;FASTQ	832G		832G		2025-05-20	ftp.sra.ebi.ac.uk/vol1/err/ERR150/098/ERR15003798/ERR15003798.bam	5093229633	134322ba2c94484577f8cb8b5d5cc975	GENERATED_FILE;GENERATED_FILE	SUBMISSION_FILE;SUBMISSION_FILE	ARCHIVAL_FILE
ERR15003803	PRJEB79944	ERP164023	SAMEA118336005	ERS24550686	ERX14407772	ERA33133718	408170	human gut metagenome	ILLUMINA	Illumina NovaSeq 6000	NA		PAIRED	WGS	METAGENOMIC	RANDOM	39604152	5853358014	Centre of Host Microbiome Interaction	2025-05-21	2025-05-21	Illumina NovaSeq 6000 sequencing	Gut and oral microbiomes to investigate the oral-gut-brain axis on the pathophysiology of Parkinson's Disease patients	53e7d904-96a7-4098-8eea-909c4f82549a	ena-EXPERIMENT-TAB-20-05-2025-23:07:32:037-203269	ena-RUN-TAB-20-05-2025-23:07:32:038-203270	1451719127;1565825577	12ecb0756959eba87cd932df119bd74f;1609d6ce5c1b8917158133ca65a2bc76	ftp.sra.ebi.ac.uk/vol1/fastq/ERR150/003/ERR15003803/ERR15003803_1.fastq.gz;ftp.sra.ebi.ac.uk/vol1/fastq/ERR150/003/ERR15003803/ERR15003803_2.fastq.gz	fasp.sra.ebi.ac.uk:/vol1/fastq/ERR150/003/ERR15003803/ERR15003803_1.fastq.gz;fasp.sra.ebi.ac.uk:/vol1/fastq/ERR150/003/ERR15003803/ERR15003803_2.fastq.gz	ftp.sra.ebi.ac.uk/vol1/fastq/ERR150/003/ERR15003803/ERR15003803_1.fastq.gz;ftp.sra.ebi.ac.uk/vol1/fastq/ERR150/003/ERR15003803/ERR15003803_2.fastq.gz	1618457402;1754935947	bff777a78f2a89c6e6ec26e864dbd020;34c2a0d3b0ee45ce3da84c77f0f8b5d6	ftp.sra.ebi.ac.uk/vol1/run/ERR150/ERR15003803/833G_S38_R1_001.fastq.gz;ftp.sra.ebi.ac.uk/vol1/run/ERR150/ERR15003803/833G_S38_R2_001.fastq.gz	fasp.sra.ebi.ac.uk:/vol1/run/ERR150/ERR15003803/833G_S38_R1_001.fastq.gz;fasp.sra.ebi.ac.uk:/vol1/run/ERR150/ERR15003803/833G_S38_R2_001.fastq.gz	ftp.sra.ebi.ac.uk/vol1/run/ERR150/ERR15003803/833G_S38_R1_001.fastq.gz;ftp.sra.ebi.ac.uk/vol1/run/ERR150/ERR15003803/833G_S38_R2_001.fastq.gz	FASTQ;FASTQ	833G		833G		2025-05-20	ftp.sra.ebi.ac.uk/vol1/err/ERR150/003/ERR15003803/ERR15003803.bam	2906651872	0507c419524cbb57e5c6189668b661ce	GENERATED_FILE;GENERATED_FILE	SUBMISSION_FILE;SUBMISSION_FILE	ARCHIVAL_FILE
ERR15003814	PRJEB79944	ERP164023	SAMEA118336016	ERS24550697	ERX14407783	ERA33133718	408170	human gut metagenome	ILLUMINA	Illumina NovaSeq 6000	NA		PAIRED	WGS	METAGENOMIC	RANDOM	31611090	4566581175	Centre of Host Microbiome Interaction	2025-05-21	2025-05-21	Illumina NovaSeq 6000 sequencing	Gut and oral microbiomes to investigate the oral-gut-brain axis on the pathophysiology of Parkinson's Disease patients	53e7d904-96a7-4098-8eea-909c4f82549a	ena-EXPERIMENT-TAB-20-05-2025-23:07:32:041-203291	ena-RUN-TAB-20-05-2025-23:07:32:042-203292	1234235726;1161582050	61c302e7f50a5d837c73ba7de13ddd2b;15265fc6935dda1bfcb7cd91f6d25f97	ftp.sra.ebi.ac.uk/vol1/fastq/ERR150/014/ERR15003814/ERR15003814_1.fastq.gz;ftp.sra.ebi.ac.uk/vol1/fastq/ERR150/014/ERR15003814/ERR15003814_2.fastq.gz	fasp.sra.ebi.ac.uk:/vol1/fastq/ERR150/014/ERR15003814/ERR15003814_1.fastq.gz;fasp.sra.ebi.ac.uk:/vol1/fastq/ERR150/014/ERR15003814/ERR15003814_2.fastq.gz	ftp.sra.ebi.ac.uk/vol1/fastq/ERR150/014/ERR15003814/ERR15003814_1.fastq.gz;ftp.sra.ebi.ac.uk/vol1/fastq/ERR150/014/ERR15003814/ERR15003814_2.fastq.gz	1371952819;1287442750	065a8f5f1074c8b1ba981671d90c20d0;24e23e93def3e12d466356819218f153	ftp.sra.ebi.ac.uk/vol1/run/ERR150/ERR15003814/739G_S9_R1_001.fastq.gz;ftp.sra.ebi.ac.uk/vol1/run/ERR150/ERR15003814/739G_S9_R2_001.fastq.gz	fasp.sra.ebi.ac.uk:/vol1/run/ERR150/ERR15003814/739G_S9_R1_001.fastq.gz;fasp.sra.ebi.ac.uk:/vol1/run/ERR150/ERR15003814/739G_S9_R2_001.fastq.gz	ftp.sra.ebi.ac.uk/vol1/run/ERR150/ERR15003814/739G_S9_R1_001.fastq.gz;ftp.sra.ebi.ac.uk/vol1/run/ERR150/ERR15003814/739G_S9_R2_001.fastq.gz	FASTQ;FASTQ	739G		739G		2025-05-20	ftp.sra.ebi.ac.uk/vol1/err/ERR150/014/ERR15003814/ERR15003814.bam	2332069700	54e8b3af80e1705963fba90f32afc409	GENERATED_FILE;GENERATED_FILE	SUBMISSION_FILE;SUBMISSION_FILE	ARCHIVAL_FILE
ERR15003816	PRJEB79944	ERP164023	SAMEA118336018	ERS24550699	ERX14407785	ERA33133718	408170	human gut metagenome	ILLUMINA	Illumina NovaSeq 6000	NA		PAIRED	WGS	METAGENOMIC	RANDOM	21990668	3247871171	Centre of Host Microbiome Interaction	2025-05-21	2025-05-21	Illumina NovaSeq 6000 sequencing	Gut and oral microbiomes to investigate the oral-gut-brain axis on the pathophysiology of Parkinson's Disease patients	53e7d904-96a7-4098-8eea-909c4f82549a	ena-EXPERIMENT-TAB-20-05-2025-23:07:32:042-203295	ena-RUN-TAB-20-05-2025-23:07:32:042-203296	804406526;864079220	848814ebc2016b879d11c3c5d5356003;2f207d3e2f74e313694fe69950f3e1ec	ftp.sra.ebi.ac.uk/vol1/fastq/ERR150/016/ERR15003816/ERR15003816_1.fastq.gz;ftp.sra.ebi.ac.uk/vol1/fastq/ERR150/016/ERR15003816/ERR15003816_2.fastq.gz	fasp.sra.ebi.ac.uk:/vol1/fastq/ERR150/016/ERR15003816/ERR15003816_1.fastq.gz;fasp.sra.ebi.ac.uk:/vol1/fastq/ERR150/016/ERR15003816/ERR15003816_2.fastq.gz	ftp.sra.ebi.ac.uk/vol1/fastq/ERR150/016/ERR15003816/ERR15003816_1.fastq.gz;ftp.sra.ebi.ac.uk/vol1/fastq/ERR150/016/ERR15003816/ERR15003816_2.fastq.gz	901281957;971114231	e7188982cccd907a985e1a1e8de9341b;5bba2a4c768fb90b964605833532816a	ftp.sra.ebi.ac.uk/vol1/run/ERR150/ERR15003816/888G_S62_R1_001.fastq.gz;ftp.sra.ebi.ac.uk/vol1/run/ERR150/ERR15003816/888G_S62_R2_001.fastq.gz	fasp.sra.ebi.ac.uk:/vol1/run/ERR150/ERR15003816/888G_S62_R1_001.fastq.gz;fasp.sra.ebi.ac.uk:/vol1/run/ERR150/ERR15003816/888G_S62_R2_001.fastq.gz	ftp.sra.ebi.ac.uk/vol1/run/ERR150/ERR15003816/888G_S62_R1_001.fastq.gz;ftp.sra.ebi.ac.uk/vol1/run/ERR150/ERR15003816/888G_S62_R2_001.fastq.gz	FASTQ;FASTQ	888G		888G		2025-05-20	ftp.sra.ebi.ac.uk/vol1/err/ERR150/016/ERR15003816/ERR15003816.bam	1609249436	4041f520ca734f2811f52fedd2ab08d8	GENERATED_FILE;GENERATED_FILE	SUBMISSION_FILE;SUBMISSION_FILE	ARCHIVAL_FILE
ERR15003825	PRJEB79944	ERP164023	SAMEA118336027	ERS24550708	ERX14407794	ERA33133718	408170	human gut metagenome	ILLUMINA	Illumina NovaSeq 6000	NA		PAIRED	WGS	METAGENOMIC	RANDOM	59404606	8657271393	Centre of Host Microbiome Interaction	2025-05-21	2025-05-21	Illumina NovaSeq 6000 sequencing	Gut and oral microbiomes to investigate the oral-gut-brain axis on the pathophysiology of Parkinson's Disease patients	53e7d904-96a7-4098-8eea-909c4f82549a	ena-EXPERIMENT-TAB-20-05-2025-23:07:32:045-203313	ena-RUN-TAB-20-05-2025-23:07:32:045-203314	2202302245;2274437509	c8370a83bf09143b76f52c5e3583caf2;1b58a13c3b72b777b8a07ffb978437b8	ftp.sra.ebi.ac.uk/vol1/fastq/ERR150/025/ERR15003825/ERR15003825_1.fastq.gz;ftp.sra.ebi.ac.uk/vol1/fastq/ERR150/025/ERR15003825/ERR15003825_2.fastq.gz	fasp.sra.ebi.ac.uk:/vol1/fastq/ERR150/025/ERR15003825/ERR15003825_1.fastq.gz;fasp.sra.ebi.ac.uk:/vol1/fastq/ERR150/025/ERR15003825/ERR15003825_2.fastq.gz	ftp.sra.ebi.ac.uk/vol1/fastq/ERR150/025/ERR15003825/ERR15003825_1.fastq.gz;ftp.sra.ebi.ac.uk/vol1/fastq/ERR150/025/ERR15003825/ERR15003825_2.fastq.gz	2436831275;2523689702	e594534a6da3ee06aa89dd5740c2409d;44541f121fcc80de87e6dfd2bd306a19	ftp.sra.ebi.ac.uk/vol1/run/ERR150/ERR15003825/348G_R1_001.fastq.gz;ftp.sra.ebi.ac.uk/vol1/run/ERR150/ERR15003825/348G_R2_001.fastq.gz	fasp.sra.ebi.ac.uk:/vol1/run/ERR150/ERR15003825/348G_R1_001.fastq.gz;fasp.sra.ebi.ac.uk:/vol1/run/ERR150/ERR15003825/348G_R2_001.fastq.gz	ftp.sra.ebi.ac.uk/vol1/run/ERR150/ERR15003825/348G_R1_001.fastq.gz;ftp.sra.ebi.ac.uk/vol1/run/ERR150/ERR15003825/348G_R2_001.fastq.gz	FASTQ;FASTQ	348G		348G		2025-05-20	ftp.sra.ebi.ac.uk/vol1/err/ERR150/025/ERR15003825/ERR15003825.bam	4302496772	4f4cc1795e2e87faea6296e1213614d5	GENERATED_FILE;GENERATED_FILE	SUBMISSION_FILE;SUBMISSION_FILE	ARCHIVAL_FILE
ERR15003826	PRJEB79944	ERP164023	SAMEA118336028	ERS24550709	ERX14407795	ERA33133718	408170	human gut metagenome	ILLUMINA	Illumina NovaSeq 6000	NA		PAIRED	WGS	METAGENOMIC	RANDOM	87076318	12632905966	Centre of Host Microbiome Interaction	2025-05-21	2025-05-21	Illumina NovaSeq 6000 sequencing	Gut and oral microbiomes to investigate the oral-gut-brain axis on the pathophysiology of Parkinson's Disease patients	53e7d904-96a7-4098-8eea-909c4f82549a	ena-EXPERIMENT-TAB-20-05-2025-23:07:32:046-203315	ena-RUN-TAB-20-05-2025-23:07:32:046-203316	3228414787;3275858733	0c9437cf32379dca8a447b10fa5da399;2c3c54caaead243badbd40797e28ce72	ftp.sra.ebi.ac.uk/vol1/fastq/ERR150/026/ERR15003826/ERR15003826_1.fastq.gz;ftp.sra.ebi.ac.uk/vol1/fastq/ERR150/026/ERR15003826/ERR15003826_2.fastq.gz	fasp.sra.ebi.ac.uk:/vol1/fastq/ERR150/026/ERR15003826/ERR15003826_1.fastq.gz;fasp.sra.ebi.ac.uk:/vol1/fastq/ERR150/026/ERR15003826/ERR15003826_2.fastq.gz	ftp.sra.ebi.ac.uk/vol1/fastq/ERR150/026/ERR15003826/ERR15003826_1.fastq.gz;ftp.sra.ebi.ac.uk/vol1/fastq/ERR150/026/ERR15003826/ERR15003826_2.fastq.gz	3551356928;3613020077	06ea7629568211c485e10d35d46fe815;2877630e42095070e22c8b1c7378f586	ftp.sra.ebi.ac.uk/vol1/run/ERR150/ERR15003826/795G_R1_001.fastq.gz;ftp.sra.ebi.ac.uk/vol1/run/ERR150/ERR15003826/795G_R2_001.fastq.gz	fasp.sra.ebi.ac.uk:/vol1/run/ERR150/ERR15003826/795G_R1_001.fastq.gz;fasp.sra.ebi.ac.uk:/vol1/run/ERR150/ERR15003826/795G_R2_001.fastq.gz	ftp.sra.ebi.ac.uk/vol1/run/ERR150/ERR15003826/795G_R1_001.fastq.gz;ftp.sra.ebi.ac.uk/vol1/run/ERR150/ERR15003826/795G_R2_001.fastq.gz	FASTQ;FASTQ	795G		795G		2025-05-20	ftp.sra.ebi.ac.uk/vol1/err/ERR150/026/ERR15003826/ERR15003826.bam	6245504534	c86ac9d18e458be37557c731102fac36	GENERATED_FILE;GENERATED_FILE	SUBMISSION_FILE;SUBMISSION_FILE	ARCHIVAL_FILE
ERR15003831	PRJEB79944	ERP164023	SAMEA118336033	ERS24550714	ERX14407800	ERA33133718	408170	human gut metagenome	ILLUMINA	Illumina NovaSeq 6000	NA		PAIRED	WGS	METAGENOMIC	RANDOM	32662994	4650492485	Centre of Host Microbiome Interaction	2025-05-21	2025-05-21	Illumina NovaSeq 6000 sequencing	Gut and oral microbiomes to investigate the oral-gut-brain axis on the pathophysiology of Parkinson's Disease patients	53e7d904-96a7-4098-8eea-909c4f82549a	ena-EXPERIMENT-TAB-20-05-2025-23:07:32:047-203325	ena-RUN-TAB-20-05-2025-23:07:32:048-203326	1229483079;1193918059	ab98394646bbc3638d605e61cfe63cd1;4c1aef100109c8f78b3048a2739caa36	ftp.sra.ebi.ac.uk/vol1/fastq/ERR150/031/ERR15003831/ERR15003831_1.fastq.gz;ftp.sra.ebi.ac.uk/vol1/fastq/ERR150/031/ERR15003831/ERR15003831_2.fastq.gz	fasp.sra.ebi.ac.uk:/vol1/fastq/ERR150/031/ERR15003831/ERR15003831_1.fastq.gz;fasp.sra.ebi.ac.uk:/vol1/fastq/ERR150/031/ERR15003831/ERR15003831_2.fastq.gz	ftp.sra.ebi.ac.uk/vol1/fastq/ERR150/031/ERR15003831/ERR15003831_1.fastq.gz;ftp.sra.ebi.ac.uk/vol1/fastq/ERR150/031/ERR15003831/ERR15003831_2.fastq.gz	1376757052;1334332271	74c00273d82282a0e886855357f18246;703c0c097a9e1a3110e6c92872e9c8d9	ftp.sra.ebi.ac.uk/vol1/run/ERR150/ERR15003831/752G_R1_001.fastq.gz;ftp.sra.ebi.ac.uk/vol1/run/ERR150/ERR15003831/752G_R2_001.fastq.gz	fasp.sra.ebi.ac.uk:/vol1/run/ERR150/ERR15003831/752G_R1_001.fastq.gz;fasp.sra.ebi.ac.uk:/vol1/run/ERR150/ERR15003831/752G_R2_001.fastq.gz	ftp.sra.ebi.ac.uk/vol1/run/ERR150/ERR15003831/752G_R1_001.fastq.gz;ftp.sra.ebi.ac.uk/vol1/run/ERR150/ERR15003831/752G_R2_001.fastq.gz	FASTQ;FASTQ	752G		752G		2025-05-20	ftp.sra.ebi.ac.uk/vol1/err/ERR150/031/ERR15003831/ERR15003831.bam	2354668695	0c11b5409918c51fbbb1174b7171cb11	GENERATED_FILE;GENERATED_FILE	SUBMISSION_FILE;SUBMISSION_FILE	ARCHIVAL_FILE
ERR15003837	PRJEB79944	ERP164023	SAMEA118336039	ERS24550720	ERX14407806	ERA33133718	408170	human gut metagenome	ILLUMINA	Illumina NovaSeq 6000	NA		PAIRED	WGS	METAGENOMIC	RANDOM	26053668	3848290505	Centre of Host Microbiome Interaction	2025-05-21	2025-05-21	Illumina NovaSeq 6000 sequencing	Gut and oral microbiomes to investigate the oral-gut-brain axis on the pathophysiology of Parkinson's Disease patients	53e7d904-96a7-4098-8eea-909c4f82549a	ena-EXPERIMENT-TAB-20-05-2025-23:07:32:049-203337	ena-RUN-TAB-20-05-2025-23:07:32:050-203338	998552229;1011673965	4c8111d1d96bc8e45da8d9cd58d6071c;cb482441e4f8287ba0bb3e62a25b599d	ftp.sra.ebi.ac.uk/vol1/fastq/ERR150/037/ERR15003837/ERR15003837_1.fastq.gz;ftp.sra.ebi.ac.uk/vol1/fastq/ERR150/037/ERR15003837/ERR15003837_2.fastq.gz	fasp.sra.ebi.ac.uk:/vol1/fastq/ERR150/037/ERR15003837/ERR15003837_1.fastq.gz;fasp.sra.ebi.ac.uk:/vol1/fastq/ERR150/037/ERR15003837/ERR15003837_2.fastq.gz	ftp.sra.ebi.ac.uk/vol1/fastq/ERR150/037/ERR15003837/ERR15003837_1.fastq.gz;ftp.sra.ebi.ac.uk/vol1/fastq/ERR150/037/ERR15003837/ERR15003837_2.fastq.gz	1123332285;1138043798	13cf4ea3188b7a8e54283e2d7ee973fd;ef42cc11c55980b4cd9b3a38b6c27beb	ftp.sra.ebi.ac.uk/vol1/run/ERR150/ERR15003837/873G_S58_R1_001.fastq.gz;ftp.sra.ebi.ac.uk/vol1/run/ERR150/ERR15003837/873G_S58_R2_001.fastq.gz	fasp.sra.ebi.ac.uk:/vol1/run/ERR150/ERR15003837/873G_S58_R1_001.fastq.gz;fasp.sra.ebi.ac.uk:/vol1/run/ERR150/ERR15003837/873G_S58_R2_001.fastq.gz	ftp.sra.ebi.ac.uk/vol1/run/ERR150/ERR15003837/873G_S58_R1_001.fastq.gz;ftp.sra.ebi.ac.uk/vol1/run/ERR150/ERR15003837/873G_S58_R2_001.fastq.gz	FASTQ;FASTQ	873G		873G		2025-05-20	ftp.sra.ebi.ac.uk/vol1/err/ERR150/037/ERR15003837/ERR15003837.bam	1939043270	dc454b7157407a128565d06008169da0	GENERATED_FILE;GENERATED_FILE	SUBMISSION_FILE;SUBMISSION_FILE	ARCHIVAL_FILE
ERR15003842	PRJEB79944	ERP164023	SAMEA118336044	ERS24550725	ERX14407811	ERA33133718	408170	human gut metagenome	ILLUMINA	Illumina NovaSeq 6000	NA		PAIRED	WGS	METAGENOMIC	RANDOM	16649952	2439414917	Centre of Host Microbiome Interaction	2025-05-21	2025-05-21	Illumina NovaSeq 6000 sequencing	Gut and oral microbiomes to investigate the oral-gut-brain axis on the pathophysiology of Parkinson's Disease patients	53e7d904-96a7-4098-8eea-909c4f82549a	ena-EXPERIMENT-TAB-20-05-2025-23:07:32:051-203347	ena-RUN-TAB-20-05-2025-23:07:32:051-203348	611232066;645462330	1a708957bfaa984906ff615413af1dc7;10b946234186645a171fa928fdeabd37	ftp.sra.ebi.ac.uk/vol1/fastq/ERR150/042/ERR15003842/ERR15003842_1.fastq.gz;ftp.sra.ebi.ac.uk/vol1/fastq/ERR150/042/ERR15003842/ERR15003842_2.fastq.gz	fasp.sra.ebi.ac.uk:/vol1/fastq/ERR150/042/ERR15003842/ERR15003842_1.fastq.gz;fasp.sra.ebi.ac.uk:/vol1/fastq/ERR150/042/ERR15003842/ERR15003842_2.fastq.gz	ftp.sra.ebi.ac.uk/vol1/fastq/ERR150/042/ERR15003842/ERR15003842_1.fastq.gz;ftp.sra.ebi.ac.uk/vol1/fastq/ERR150/042/ERR15003842/ERR15003842_2.fastq.gz	686728579;726565326	e118ace251428060c30afc85c9234187;0cc90b618310d839d77b6d4c18ecbbe4	ftp.sra.ebi.ac.uk/vol1/run/ERR150/ERR15003842/831G_S50_R1_001.fastq.gz;ftp.sra.ebi.ac.uk/vol1/run/ERR150/ERR15003842/831G_S50_R2_001.fastq.gz	fasp.sra.ebi.ac.uk:/vol1/run/ERR150/ERR15003842/831G_S50_R1_001.fastq.gz;fasp.sra.ebi.ac.uk:/vol1/run/ERR150/ERR15003842/831G_S50_R2_001.fastq.gz	ftp.sra.ebi.ac.uk/vol1/run/ERR150/ERR15003842/831G_S50_R1_001.fastq.gz;ftp.sra.ebi.ac.uk/vol1/run/ERR150/ERR15003842/831G_S50_R2_001.fastq.gz	FASTQ;FASTQ	831G		831G		2025-05-20	ftp.sra.ebi.ac.uk/vol1/err/ERR150/042/ERR15003842/ERR15003842.bam	1218435637	2466015beac49bf005fa40fd7e274d71	GENERATED_FILE;GENERATED_FILE	SUBMISSION_FILE;SUBMISSION_FILE	ARCHIVAL_FILE
ERR15003851	PRJEB79944	ERP164023	SAMEA118336053	ERS24550734	ERX14407820	ERA33133718	408170	human gut metagenome	ILLUMINA	Illumina NovaSeq 6000	NA		PAIRED	WGS	METAGENOMIC	RANDOM	25698390	3783586757	Centre of Host Microbiome Interaction	2025-05-21	2025-05-21	Illumina NovaSeq 6000 sequencing	Gut and oral microbiomes to investigate the oral-gut-brain axis on the pathophysiology of Parkinson's Disease patients	53e7d904-96a7-4098-8eea-909c4f82549a	ena-EXPERIMENT-TAB-20-05-2025-23:07:32:054-203365	ena-RUN-TAB-20-05-2025-23:07:32:054-203366	980154129;1003887477	0dd208b826bad70e85cb290bc1bc3e58;ce15043d8d58516c539014a02629ba42	ftp.sra.ebi.ac.uk/vol1/fastq/ERR150/051/ERR15003851/ERR15003851_1.fastq.gz;ftp.sra.ebi.ac.uk/vol1/fastq/ERR150/051/ERR15003851/ERR15003851_2.fastq.gz	fasp.sra.ebi.ac.uk:/vol1/fastq/ERR150/051/ERR15003851/ERR15003851_1.fastq.gz;fasp.sra.ebi.ac.uk:/vol1/fastq/ERR150/051/ERR15003851/ERR15003851_2.fastq.gz	ftp.sra.ebi.ac.uk/vol1/fastq/ERR150/051/ERR15003851/ERR15003851_1.fastq.gz;ftp.sra.ebi.ac.uk/vol1/fastq/ERR150/051/ERR15003851/ERR15003851_2.fastq.gz	1085448286;1112949303	3fa08938bf685a27675adc53ab2756b7;0cd16fcf90414048c367b8f30ba98cd6	ftp.sra.ebi.ac.uk/vol1/run/ERR150/ERR15003851/918G_S54_R1_001.fastq.gz;ftp.sra.ebi.ac.uk/vol1/run/ERR150/ERR15003851/918G_S54_R2_001.fastq.gz	fasp.sra.ebi.ac.uk:/vol1/run/ERR150/ERR15003851/918G_S54_R1_001.fastq.gz;fasp.sra.ebi.ac.uk:/vol1/run/ERR150/ERR15003851/918G_S54_R2_001.fastq.gz	ftp.sra.ebi.ac.uk/vol1/run/ERR150/ERR15003851/918G_S54_R1_001.fastq.gz;ftp.sra.ebi.ac.uk/vol1/run/ERR150/ERR15003851/918G_S54_R2_001.fastq.gz	FASTQ;FASTQ	918G		918G		2025-05-20	ftp.sra.ebi.ac.uk/vol1/err/ERR150/051/ERR15003851/ERR15003851.bam	1913873150	6f83b16914b75629d45076309fa034c4	GENERATED_FILE;GENERATED_FILE	SUBMISSION_FILE;SUBMISSION_FILE	ARCHIVAL_FILE
ERR15003853	PRJEB79944	ERP164023	SAMEA118336055	ERS24550736	ERX14407822	ERA33133718	408170	human gut metagenome	ILLUMINA	Illumina NovaSeq 6000	NA		PAIRED	WGS	METAGENOMIC	RANDOM	92780266	13614987471	Centre of Host Microbiome Interaction	2025-05-21	2025-05-21	Illumina NovaSeq 6000 sequencing	Gut and oral microbiomes to investigate the oral-gut-brain axis on the pathophysiology of Parkinson's Disease patients	53e7d904-96a7-4098-8eea-909c4f82549a	ena-EXPERIMENT-TAB-20-05-2025-23:07:32:055-203369	ena-RUN-TAB-20-05-2025-23:07:32:055-203370	3474888324;3621972541	b6ccd9f7da99f10d5a5c98fb01ec9459;5c888495383f802924f1445ae4f521ce	ftp.sra.ebi.ac.uk/vol1/fastq/ERR150/053/ERR15003853/ERR15003853_1.fastq.gz;ftp.sra.ebi.ac.uk/vol1/fastq/ERR150/053/ERR15003853/ERR15003853_2.fastq.gz	fasp.sra.ebi.ac.uk:/vol1/fastq/ERR150/053/ERR15003853/ERR15003853_1.fastq.gz;fasp.sra.ebi.ac.uk:/vol1/fastq/ERR150/053/ERR15003853/ERR15003853_2.fastq.gz	ftp.sra.ebi.ac.uk/vol1/fastq/ERR150/053/ERR15003853/ERR15003853_1.fastq.gz;ftp.sra.ebi.ac.uk/vol1/fastq/ERR150/053/ERR15003853/ERR15003853_2.fastq.gz	3830996449;4011238268	fb760890092c0d3fb884685a80f052db;2bd087ccb1a2786dae8701b0c6ff148e	ftp.sra.ebi.ac.uk/vol1/run/ERR150/ERR15003853/344G_R1_001.fastq.gz;ftp.sra.ebi.ac.uk/vol1/run/ERR150/ERR15003853/344G_R2_001.fastq.gz	fasp.sra.ebi.ac.uk:/vol1/run/ERR150/ERR15003853/344G_R1_001.fastq.gz;fasp.sra.ebi.ac.uk:/vol1/run/ERR150/ERR15003853/344G_R2_001.fastq.gz	ftp.sra.ebi.ac.uk/vol1/run/ERR150/ERR15003853/344G_R1_001.fastq.gz;ftp.sra.ebi.ac.uk/vol1/run/ERR150/ERR15003853/344G_R2_001.fastq.gz	FASTQ;FASTQ	344G		344G		2025-05-20	ftp.sra.ebi.ac.uk/vol1/err/ERR150/053/ERR15003853/ERR15003853.bam	6822015347	20af0080c938ebb85e447661f6293d45	GENERATED_FILE;GENERATED_FILE	SUBMISSION_FILE;SUBMISSION_FILE	ARCHIVAL_FILE
ERR15003856	PRJEB79944	ERP164023	SAMEA118336058	ERS24550739	ERX14407825	ERA33133718	408170	human gut metagenome	ILLUMINA	Illumina NovaSeq 6000	NA		PAIRED	WGS	METAGENOMIC	RANDOM	14754060	2165282895	Centre of Host Microbiome Interaction	2025-05-21	2025-05-21	Illumina NovaSeq 6000 sequencing	Gut and oral microbiomes to investigate the oral-gut-brain axis on the pathophysiology of Parkinson's Disease patients	53e7d904-96a7-4098-8eea-909c4f82549a	ena-EXPERIMENT-TAB-20-05-2025-23:07:32:056-203375	ena-RUN-TAB-20-05-2025-23:07:32:056-203376	543402044;567638473	87fd09e4f25fc2b9a0111f6fd9dd761b;32693cb7ac1ec5b995e12a1620e4f3d9	ftp.sra.ebi.ac.uk/vol1/fastq/ERR150/056/ERR15003856/ERR15003856_1.fastq.gz;ftp.sra.ebi.ac.uk/vol1/fastq/ERR150/056/ERR15003856/ERR15003856_2.fastq.gz	fasp.sra.ebi.ac.uk:/vol1/fastq/ERR150/056/ERR15003856/ERR15003856_1.fastq.gz;fasp.sra.ebi.ac.uk:/vol1/fastq/ERR150/056/ERR15003856/ERR15003856_2.fastq.gz	ftp.sra.ebi.ac.uk/vol1/fastq/ERR150/056/ERR15003856/ERR15003856_1.fastq.gz;ftp.sra.ebi.ac.uk/vol1/fastq/ERR150/056/ERR15003856/ERR15003856_2.fastq.gz	617445121;645657376	be85d8e468774a4942a0089f5077c8ca;6ab78fea353238ec74219fe4748a477d	ftp.sra.ebi.ac.uk/vol1/run/ERR150/ERR15003856/839G_S27_R1_001.fastq.gz;ftp.sra.ebi.ac.uk/vol1/run/ERR150/ERR15003856/839G_S27_R2_001.fastq.gz	fasp.sra.ebi.ac.uk:/vol1/run/ERR150/ERR15003856/839G_S27_R1_001.fastq.gz;fasp.sra.ebi.ac.uk:/vol1/run/ERR150/ERR15003856/839G_S27_R2_001.fastq.gz	ftp.sra.ebi.ac.uk/vol1/run/ERR150/ERR15003856/839G_S27_R1_001.fastq.gz;ftp.sra.ebi.ac.uk/vol1/run/ERR150/ERR15003856/839G_S27_R2_001.fastq.gz	FASTQ;FASTQ	839G		839G		2025-05-20	ftp.sra.ebi.ac.uk/vol1/err/ERR150/056/ERR15003856/ERR15003856.bam	1075222529	5390c4aa48050a048ec5134205b355cf	GENERATED_FILE;GENERATED_FILE	SUBMISSION_FILE;SUBMISSION_FILE	ARCHIVAL_FILE
ERR15003865	PRJEB79944	ERP164023	SAMEA118336067	ERS24550748	ERX14407834	ERA33133718	408170	human gut metagenome	ILLUMINA	Illumina NovaSeq 6000	NA		PAIRED	WGS	METAGENOMIC	RANDOM	31624810	4475797909	Centre of Host Microbiome Interaction	2025-05-21	2025-05-21	Illumina NovaSeq 6000 sequencing	Gut and oral microbiomes to investigate the oral-gut-brain axis on the pathophysiology of Parkinson's Disease patients	53e7d904-96a7-4098-8eea-909c4f82549a	ena-EXPERIMENT-TAB-20-05-2025-23:07:32:059-203393	ena-RUN-TAB-20-05-2025-23:07:32:059-203394	1158342054;1132176473	58e2e3ea0d1fae47a4b7dec9bc2b4d7a;0c0baccce437ed3211dc7058bccbd50e	ftp.sra.ebi.ac.uk/vol1/fastq/ERR150/065/ERR15003865/ERR15003865_1.fastq.gz;ftp.sra.ebi.ac.uk/vol1/fastq/ERR150/065/ERR15003865/ERR15003865_2.fastq.gz	fasp.sra.ebi.ac.uk:/vol1/fastq/ERR150/065/ERR15003865/ERR15003865_1.fastq.gz;fasp.sra.ebi.ac.uk:/vol1/fastq/ERR150/065/ERR15003865/ERR15003865_2.fastq.gz	ftp.sra.ebi.ac.uk/vol1/fastq/ERR150/065/ERR15003865/ERR15003865_1.fastq.gz;ftp.sra.ebi.ac.uk/vol1/fastq/ERR150/065/ERR15003865/ERR15003865_2.fastq.gz	1280694575;1247447116	8f22613301de99c79907a1a6e76c3c4a;9ca36fe49348a3b1060b8ef1a60ebc2a	ftp.sra.ebi.ac.uk/vol1/run/ERR150/ERR15003865/331G_S86_L002_R1_001.fastq.gz;ftp.sra.ebi.ac.uk/vol1/run/ERR150/ERR15003865/331G_S86_L002_R2_001.fastq.gz	fasp.sra.ebi.ac.uk:/vol1/run/ERR150/ERR15003865/331G_S86_L002_R1_001.fastq.gz;fasp.sra.ebi.ac.uk:/vol1/run/ERR150/ERR15003865/331G_S86_L002_R2_001.fastq.gz	ftp.sra.ebi.ac.uk/vol1/run/ERR150/ERR15003865/331G_S86_L002_R1_001.fastq.gz;ftp.sra.ebi.ac.uk/vol1/run/ERR150/ERR15003865/331G_S86_L002_R2_001.fastq.gz	FASTQ;FASTQ	331G		331G		2025-05-20	ftp.sra.ebi.ac.uk/vol1/err/ERR150/065/ERR15003865/ERR15003865.bam	2184359878	7b5395e9cc5dd5751b1aa961d5c87e2b	GENERATED_FILE;GENERATED_FILE	SUBMISSION_FILE;SUBMISSION_FILE	ARCHIVAL_FILE
ERR15003871	PRJEB79944	ERP164023	SAMEA118336073	ERS24550754	ERX14407840	ERA33133718	408170	human gut metagenome	ILLUMINA	Illumina NovaSeq 6000	NA		PAIRED	WGS	METAGENOMIC	RANDOM	31816708	4703958481	Centre of Host Microbiome Interaction	2025-05-21	2025-05-21	Illumina NovaSeq 6000 sequencing	Gut and oral microbiomes to investigate the oral-gut-brain axis on the pathophysiology of Parkinson's Disease patients	53e7d904-96a7-4098-8eea-909c4f82549a	ena-EXPERIMENT-TAB-20-05-2025-23:07:32:061-203405	ena-RUN-TAB-20-05-2025-23:07:32:061-203406	1174539912;1248385465	d59684c92c2ffe824d55432d13b5d975;a011c5aed7ba432ca1b3d0dd66f60f9c	ftp.sra.ebi.ac.uk/vol1/fastq/ERR150/071/ERR15003871/ERR15003871_1.fastq.gz;ftp.sra.ebi.ac.uk/vol1/fastq/ERR150/071/ERR15003871/ERR15003871_2.fastq.gz	fasp.sra.ebi.ac.uk:/vol1/fastq/ERR150/071/ERR15003871/ERR15003871_1.fastq.gz;fasp.sra.ebi.ac.uk:/vol1/fastq/ERR150/071/ERR15003871/ERR15003871_2.fastq.gz	ftp.sra.ebi.ac.uk/vol1/fastq/ERR150/071/ERR15003871/ERR15003871_1.fastq.gz;ftp.sra.ebi.ac.uk/vol1/fastq/ERR150/071/ERR15003871/ERR15003871_2.fastq.gz	1306568954;1393536588	bda7c03ad95b0644de092895db2d2e1c;3e4fcbbd64fd5534cdd899ebffc62e7d	ftp.sra.ebi.ac.uk/vol1/run/ERR150/ERR15003871/790G_S21_R1_001.fastq.gz;ftp.sra.ebi.ac.uk/vol1/run/ERR150/ERR15003871/790G_S21_R2_001.fastq.gz	fasp.sra.ebi.ac.uk:/vol1/run/ERR150/ERR15003871/790G_S21_R1_001.fastq.gz;fasp.sra.ebi.ac.uk:/vol1/run/ERR150/ERR15003871/790G_S21_R2_001.fastq.gz	ftp.sra.ebi.ac.uk/vol1/run/ERR150/ERR15003871/790G_S21_R1_001.fastq.gz;ftp.sra.ebi.ac.uk/vol1/run/ERR150/ERR15003871/790G_S21_R2_001.fastq.gz	FASTQ;FASTQ	790G		790G		2025-05-20	ftp.sra.ebi.ac.uk/vol1/err/ERR150/071/ERR15003871/ERR15003871.bam	2335161323	afe0f01f67d011e444e0698f101adba8	GENERATED_FILE;GENERATED_FILE	SUBMISSION_FILE;SUBMISSION_FILE	ARCHIVAL_FILE
ERR15003872	PRJEB79944	ERP164023	SAMEA118336074	ERS24550755	ERX14407841	ERA33133718	408170	human gut metagenome	ILLUMINA	Illumina NovaSeq 6000	NA		PAIRED	WGS	METAGENOMIC	RANDOM	8787350	1283975685	Centre of Host Microbiome Interaction	2025-05-21	2025-05-21	Illumina NovaSeq 6000 sequencing	Gut and oral microbiomes to investigate the oral-gut-brain axis on the pathophysiology of Parkinson's Disease patients	53e7d904-96a7-4098-8eea-909c4f82549a	ena-EXPERIMENT-TAB-20-05-2025-23:07:32:061-203407	ena-RUN-TAB-20-05-2025-23:07:32:062-203408	318795157;339694439	f443636712853c771a9a105470f029d6;f6d559546cb965828a0ed1f8670ec8a6	ftp.sra.ebi.ac.uk/vol1/fastq/ERR150/072/ERR15003872/ERR15003872_1.fastq.gz;ftp.sra.ebi.ac.uk/vol1/fastq/ERR150/072/ERR15003872/ERR15003872_2.fastq.gz	fasp.sra.ebi.ac.uk:/vol1/fastq/ERR150/072/ERR15003872/ERR15003872_1.fastq.gz;fasp.sra.ebi.ac.uk:/vol1/fastq/ERR150/072/ERR15003872/ERR15003872_2.fastq.gz	ftp.sra.ebi.ac.uk/vol1/fastq/ERR150/072/ERR15003872/ERR15003872_1.fastq.gz;ftp.sra.ebi.ac.uk/vol1/fastq/ERR150/072/ERR15003872/ERR15003872_2.fastq.gz	361796779;385873728	039a13b07b274c366ac6c4a8c094fb69;e2129e4e3cf0fc5e2fd465b602720da2	ftp.sra.ebi.ac.uk/vol1/run/ERR150/ERR15003872/720G_S22_R1_001.fastq.gz;ftp.sra.ebi.ac.uk/vol1/run/ERR150/ERR15003872/720G_S22_R2_001.fastq.gz	fasp.sra.ebi.ac.uk:/vol1/run/ERR150/ERR15003872/720G_S22_R1_001.fastq.gz;fasp.sra.ebi.ac.uk:/vol1/run/ERR150/ERR15003872/720G_S22_R2_001.fastq.gz	ftp.sra.ebi.ac.uk/vol1/run/ERR150/ERR15003872/720G_S22_R1_001.fastq.gz;ftp.sra.ebi.ac.uk/vol1/run/ERR150/ERR15003872/720G_S22_R2_001.fastq.gz	FASTQ;FASTQ	720G		720G		2025-05-20	ftp.sra.ebi.ac.uk/vol1/err/ERR150/072/ERR15003872/ERR15003872.bam	638483304	6da19d2f68d2c7ed4515406b22673312	GENERATED_FILE;GENERATED_FILE	SUBMISSION_FILE;SUBMISSION_FILE	ARCHIVAL_FILE
ERR15003879	PRJEB79944	ERP164023	SAMEA118336081	ERS24550762	ERX14407848	ERA33133718	408170	human gut metagenome	ILLUMINA	Illumina NovaSeq 6000	NA		PAIRED	WGS	METAGENOMIC	RANDOM	27261822	4010226640	Centre of Host Microbiome Interaction	2025-05-21	2025-05-21	Illumina NovaSeq 6000 sequencing	Gut and oral microbiomes to investigate the oral-gut-brain axis on the pathophysiology of Parkinson's Disease patients	53e7d904-96a7-4098-8eea-909c4f82549a	ena-EXPERIMENT-TAB-20-05-2025-23:07:32:064-203421	ena-RUN-TAB-20-05-2025-23:07:32:064-203422	1017967685;1086449630	f3427bda44f2de78d1cfb06475bcc460;9515166ff5d6d5af1d9842e0c570aa8f	ftp.sra.ebi.ac.uk/vol1/fastq/ERR150/079/ERR15003879/ERR15003879_1.fastq.gz;ftp.sra.ebi.ac.uk/vol1/fastq/ERR150/079/ERR15003879/ERR15003879_2.fastq.gz	fasp.sra.ebi.ac.uk:/vol1/fastq/ERR150/079/ERR15003879/ERR15003879_1.fastq.gz;fasp.sra.ebi.ac.uk:/vol1/fastq/ERR150/079/ERR15003879/ERR15003879_2.fastq.gz	ftp.sra.ebi.ac.uk/vol1/fastq/ERR150/079/ERR15003879/ERR15003879_1.fastq.gz;ftp.sra.ebi.ac.uk/vol1/fastq/ERR150/079/ERR15003879/ERR15003879_2.fastq.gz	1136059966;1216073759	48bb8e08f64da648c9b376badb7d4764;5b8b04a1713acabf3605ab030f15e955	ftp.sra.ebi.ac.uk/vol1/run/ERR150/ERR15003879/858G_R1_001.fastq.gz;ftp.sra.ebi.ac.uk/vol1/run/ERR150/ERR15003879/858G_R2_001.fastq.gz	fasp.sra.ebi.ac.uk:/vol1/run/ERR150/ERR15003879/858G_R1_001.fastq.gz;fasp.sra.ebi.ac.uk:/vol1/run/ERR150/ERR15003879/858G_R2_001.fastq.gz	ftp.sra.ebi.ac.uk/vol1/run/ERR150/ERR15003879/858G_R1_001.fastq.gz;ftp.sra.ebi.ac.uk/vol1/run/ERR150/ERR15003879/858G_R2_001.fastq.gz	FASTQ;FASTQ	858G		858G		2025-05-20	ftp.sra.ebi.ac.uk/vol1/err/ERR150/079/ERR15003879/ERR15003879.bam	2032295357	d49446085e94e7603f0acf8cf158bc3d	GENERATED_FILE;GENERATED_FILE	SUBMISSION_FILE;SUBMISSION_FILE	ARCHIVAL_FILE
ERR15003881	PRJEB79944	ERP164023	SAMEA118336083	ERS24550764	ERX14407850	ERA33133718	408170	human gut metagenome	ILLUMINA	Illumina NovaSeq 6000	NA		PAIRED	WGS	METAGENOMIC	RANDOM	35146918	5176919216	Centre of Host Microbiome Interaction	2025-05-21	2025-05-21	Illumina NovaSeq 6000 sequencing	Gut and oral microbiomes to investigate the oral-gut-brain axis on the pathophysiology of Parkinson's Disease patients	53e7d904-96a7-4098-8eea-909c4f82549a	ena-EXPERIMENT-TAB-20-05-2025-23:07:32:065-203425	ena-RUN-TAB-20-05-2025-23:07:32:065-203426	1318050488;1398846842	a7930549706e28e14b66ceae8e19d79b;0c028f571d8f148738c1f5822050c567	ftp.sra.ebi.ac.uk/vol1/fastq/ERR150/081/ERR15003881/ERR15003881_1.fastq.gz;ftp.sra.ebi.ac.uk/vol1/fastq/ERR150/081/ERR15003881/ERR15003881_2.fastq.gz	fasp.sra.ebi.ac.uk:/vol1/fastq/ERR150/081/ERR15003881/ERR15003881_1.fastq.gz;fasp.sra.ebi.ac.uk:/vol1/fastq/ERR150/081/ERR15003881/ERR15003881_2.fastq.gz	ftp.sra.ebi.ac.uk/vol1/fastq/ERR150/081/ERR15003881/ERR15003881_1.fastq.gz;ftp.sra.ebi.ac.uk/vol1/fastq/ERR150/081/ERR15003881/ERR15003881_2.fastq.gz	1468440941;1562043925	26e8492132b2213fb1d9820a5b592651;cb06c9a1d9895704f1127d8e0b4278be	ftp.sra.ebi.ac.uk/vol1/run/ERR150/ERR15003881/709G_S98_R1_001.fastq.gz;ftp.sra.ebi.ac.uk/vol1/run/ERR150/ERR15003881/709G_S98_R2_001.fastq.gz	fasp.sra.ebi.ac.uk:/vol1/run/ERR150/ERR15003881/709G_S98_R1_001.fastq.gz;fasp.sra.ebi.ac.uk:/vol1/run/ERR150/ERR15003881/709G_S98_R2_001.fastq.gz	ftp.sra.ebi.ac.uk/vol1/run/ERR150/ERR15003881/709G_S98_R1_001.fastq.gz;ftp.sra.ebi.ac.uk/vol1/run/ERR150/ERR15003881/709G_S98_R2_001.fastq.gz	FASTQ;FASTQ	709G		709G		2025-05-20	ftp.sra.ebi.ac.uk/vol1/err/ERR150/081/ERR15003881/ERR15003881.bam	2624205332	aec43681264a1187477d508f02074f68	GENERATED_FILE;GENERATED_FILE	SUBMISSION_FILE;SUBMISSION_FILE	ARCHIVAL_FILE
ERR15003883	PRJEB79944	ERP164023	SAMEA118336085	ERS24550766	ERX14407852	ERA33133718	408170	human gut metagenome	ILLUMINA	Illumina NovaSeq 6000	NA		PAIRED	WGS	METAGENOMIC	RANDOM	27024108	4002667065	Centre of Host Microbiome Interaction	2025-05-21	2025-05-21	Illumina NovaSeq 6000 sequencing	Gut and oral microbiomes to investigate the oral-gut-brain axis on the pathophysiology of Parkinson's Disease patients	53e7d904-96a7-4098-8eea-909c4f82549a	ena-EXPERIMENT-TAB-20-05-2025-23:07:32:065-203429	ena-RUN-TAB-20-05-2025-23:07:32:066-203430	1006690599;1064182973	975e3e937d8158963c900ea0da21b7d0;01ad84cfe365258c4ab9694fb3bc10ae	ftp.sra.ebi.ac.uk/vol1/fastq/ERR150/083/ERR15003883/ERR15003883_1.fastq.gz;ftp.sra.ebi.ac.uk/vol1/fastq/ERR150/083/ERR15003883/ERR15003883_2.fastq.gz	fasp.sra.ebi.ac.uk:/vol1/fastq/ERR150/083/ERR15003883/ERR15003883_1.fastq.gz;fasp.sra.ebi.ac.uk:/vol1/fastq/ERR150/083/ERR15003883/ERR15003883_2.fastq.gz	ftp.sra.ebi.ac.uk/vol1/fastq/ERR150/083/ERR15003883/ERR15003883_1.fastq.gz;ftp.sra.ebi.ac.uk/vol1/fastq/ERR150/083/ERR15003883/ERR15003883_2.fastq.gz	1132558244;1200929013	ccc3c4117a0f1c06ddb2d93b9e1de862;525591975af9695b0f150d5b282e0d54	ftp.sra.ebi.ac.uk/vol1/run/ERR150/ERR15003883/722G_S34_R1_001.fastq.gz;ftp.sra.ebi.ac.uk/vol1/run/ERR150/ERR15003883/722G_S34_R2_001.fastq.gz	fasp.sra.ebi.ac.uk:/vol1/run/ERR150/ERR15003883/722G_S34_R1_001.fastq.gz;fasp.sra.ebi.ac.uk:/vol1/run/ERR150/ERR15003883/722G_S34_R2_001.fastq.gz	ftp.sra.ebi.ac.uk/vol1/run/ERR150/ERR15003883/722G_S34_R1_001.fastq.gz;ftp.sra.ebi.ac.uk/vol1/run/ERR150/ERR15003883/722G_S34_R2_001.fastq.gz	FASTQ;FASTQ	722G		722G		2025-05-20	ftp.sra.ebi.ac.uk/vol1/err/ERR150/083/ERR15003883/ERR15003883.bam	1997299657	db8a3a3db8299e13904b7becd3e636f3	GENERATED_FILE;GENERATED_FILE	SUBMISSION_FILE;SUBMISSION_FILE	ARCHIVAL_FILE
ERR15003885	PRJEB79944	ERP164023	SAMEA118336087	ERS24550768	ERX14407854	ERA33133718	408170	human gut metagenome	ILLUMINA	Illumina NovaSeq 6000	NA		PAIRED	WGS	METAGENOMIC	RANDOM	28858606	4249528426	Centre of Host Microbiome Interaction	2025-05-21	2025-05-21	Illumina NovaSeq 6000 sequencing	Gut and oral microbiomes to investigate the oral-gut-brain axis on the pathophysiology of Parkinson's Disease patients	53e7d904-96a7-4098-8eea-909c4f82549a	ena-EXPERIMENT-TAB-20-05-2025-23:07:32:066-203433	ena-RUN-TAB-20-05-2025-23:07:32:067-203434	1086525284;1123785351	641791b1e8782d939dbb52de7beff559;c6be0221a66a239608b397b816551f0e	ftp.sra.ebi.ac.uk/vol1/fastq/ERR150/085/ERR15003885/ERR15003885_1.fastq.gz;ftp.sra.ebi.ac.uk/vol1/fastq/ERR150/085/ERR15003885/ERR15003885_2.fastq.gz	fasp.sra.ebi.ac.uk:/vol1/fastq/ERR150/085/ERR15003885/ERR15003885_1.fastq.gz;fasp.sra.ebi.ac.uk:/vol1/fastq/ERR150/085/ERR15003885/ERR15003885_2.fastq.gz	ftp.sra.ebi.ac.uk/vol1/fastq/ERR150/085/ERR15003885/ERR15003885_1.fastq.gz;ftp.sra.ebi.ac.uk/vol1/fastq/ERR150/085/ERR15003885/ERR15003885_2.fastq.gz	1211309382;1254374025	b8b3fae525e32dc12fd0178cd4703511;26cbcbf2f6240bba976d8e8f06f2da0a	ftp.sra.ebi.ac.uk/vol1/run/ERR150/ERR15003885/777G_S35_R1_001.fastq.gz;ftp.sra.ebi.ac.uk/vol1/run/ERR150/ERR15003885/777G_S35_R2_001.fastq.gz	fasp.sra.ebi.ac.uk:/vol1/run/ERR150/ERR15003885/777G_S35_R1_001.fastq.gz;fasp.sra.ebi.ac.uk:/vol1/run/ERR150/ERR15003885/777G_S35_R2_001.fastq.gz	ftp.sra.ebi.ac.uk/vol1/run/ERR150/ERR15003885/777G_S35_R1_001.fastq.gz;ftp.sra.ebi.ac.uk/vol1/run/ERR150/ERR15003885/777G_S35_R2_001.fastq.gz	FASTQ;FASTQ	777G		777G		2025-05-20	ftp.sra.ebi.ac.uk/vol1/err/ERR150/085/ERR15003885/ERR15003885.bam	2135237145	b6169c2b2d8612e0fcc8563aeb4eb4e4	GENERATED_FILE;GENERATED_FILE	SUBMISSION_FILE;SUBMISSION_FILE	ARCHIVAL_FILE
ERR15003887	PRJEB79944	ERP164023	SAMEA118336089	ERS24550770	ERX14407856	ERA33133718	408170	human gut metagenome	ILLUMINA	Illumina NovaSeq 6000	NA		PAIRED	WGS	METAGENOMIC	RANDOM	20293262	2990755577	Centre of Host Microbiome Interaction	2025-05-21	2025-05-21	Illumina NovaSeq 6000 sequencing	Gut and oral microbiomes to investigate the oral-gut-brain axis on the pathophysiology of Parkinson's Disease patients	53e7d904-96a7-4098-8eea-909c4f82549a	ena-EXPERIMENT-TAB-20-05-2025-23:07:32:067-203437	ena-RUN-TAB-20-05-2025-23:07:32:068-203438	787695334;787867242	84e1cb2a9fe1b635f1b4e49055f189bc;90930ec287cece0adb1054ea61e84158	ftp.sra.ebi.ac.uk/vol1/fastq/ERR150/087/ERR15003887/ERR15003887_1.fastq.gz;ftp.sra.ebi.ac.uk/vol1/fastq/ERR150/087/ERR15003887/ERR15003887_2.fastq.gz	fasp.sra.ebi.ac.uk:/vol1/fastq/ERR150/087/ERR15003887/ERR15003887_1.fastq.gz;fasp.sra.ebi.ac.uk:/vol1/fastq/ERR150/087/ERR15003887/ERR15003887_2.fastq.gz	ftp.sra.ebi.ac.uk/vol1/fastq/ERR150/087/ERR15003887/ERR15003887_1.fastq.gz;ftp.sra.ebi.ac.uk/vol1/fastq/ERR150/087/ERR15003887/ERR15003887_2.fastq.gz	886515541;885879534	ec748dcbeec34bacb6d2d89cedebf490;9bad500428ce3eeb004826df3a4e157f	ftp.sra.ebi.ac.uk/vol1/run/ERR150/ERR15003887/846G_S52_R1_001.fastq.gz;ftp.sra.ebi.ac.uk/vol1/run/ERR150/ERR15003887/846G_S52_R2_001.fastq.gz	fasp.sra.ebi.ac.uk:/vol1/run/ERR150/ERR15003887/846G_S52_R1_001.fastq.gz;fasp.sra.ebi.ac.uk:/vol1/run/ERR150/ERR15003887/846G_S52_R2_001.fastq.gz	ftp.sra.ebi.ac.uk/vol1/run/ERR150/ERR15003887/846G_S52_R1_001.fastq.gz;ftp.sra.ebi.ac.uk/vol1/run/ERR150/ERR15003887/846G_S52_R2_001.fastq.gz	FASTQ;FASTQ	846G		846G		2025-05-20	ftp.sra.ebi.ac.uk/vol1/err/ERR150/087/ERR15003887/ERR15003887.bam	1525253506	7314aaaec3ccd2c411b8b9a53270cc03	GENERATED_FILE;GENERATED_FILE	SUBMISSION_FILE;SUBMISSION_FILE	ARCHIVAL_FILE
ERR15003891	PRJEB79944	ERP164023	SAMEA118336093	ERS24550774	ERX14407860	ERA33133718	408170	human gut metagenome	ILLUMINA	Illumina NovaSeq 6000	NA		PAIRED	WGS	METAGENOMIC	RANDOM	23879576	3488608656	Centre of Host Microbiome Interaction	2025-05-21	2025-05-21	Illumina NovaSeq 6000 sequencing	Gut and oral microbiomes to investigate the oral-gut-brain axis on the pathophysiology of Parkinson's Disease patients	53e7d904-96a7-4098-8eea-909c4f82549a	ena-EXPERIMENT-TAB-20-05-2025-23:07:32:070-203445	ena-RUN-TAB-20-05-2025-23:07:32:070-203446	873365457;936497737	949ab2181f0e9a2b1e31bc7d7391e2dd;91e6296784eed31ce86fe83b16d80451	ftp.sra.ebi.ac.uk/vol1/fastq/ERR150/091/ERR15003891/ERR15003891_1.fastq.gz;ftp.sra.ebi.ac.uk/vol1/fastq/ERR150/091/ERR15003891/ERR15003891_2.fastq.gz	fasp.sra.ebi.ac.uk:/vol1/fastq/ERR150/091/ERR15003891/ERR15003891_1.fastq.gz;fasp.sra.ebi.ac.uk:/vol1/fastq/ERR150/091/ERR15003891/ERR15003891_2.fastq.gz	ftp.sra.ebi.ac.uk/vol1/fastq/ERR150/091/ERR15003891/ERR15003891_1.fastq.gz;ftp.sra.ebi.ac.uk/vol1/fastq/ERR150/091/ERR15003891/ERR15003891_2.fastq.gz	974065716;1048021917	3086c0bd23a1db90b4287daf735ce08d;78b79097965884c1246d29115e44de1f	ftp.sra.ebi.ac.uk/vol1/run/ERR150/ERR15003891/903G_S28_R1_001.fastq.gz;ftp.sra.ebi.ac.uk/vol1/run/ERR150/ERR15003891/903G_S28_R2_001.fastq.gz	fasp.sra.ebi.ac.uk:/vol1/run/ERR150/ERR15003891/903G_S28_R1_001.fastq.gz;fasp.sra.ebi.ac.uk:/vol1/run/ERR150/ERR15003891/903G_S28_R2_001.fastq.gz	ftp.sra.ebi.ac.uk/vol1/run/ERR150/ERR15003891/903G_S28_R1_001.fastq.gz;ftp.sra.ebi.ac.uk/vol1/run/ERR150/ERR15003891/903G_S28_R2_001.fastq.gz	FASTQ;FASTQ	903G		903G		2025-05-20	ftp.sra.ebi.ac.uk/vol1/err/ERR150/091/ERR15003891/ERR15003891.bam	1748382564	76b11f4d89155f20657d6e450d8dbb98	GENERATED_FILE;GENERATED_FILE	SUBMISSION_FILE;SUBMISSION_FILE	ARCHIVAL_FILE
ERR15003894	PRJEB79944	ERP164023	SAMEA118336096	ERS24550777	ERX14407863	ERA33133718	408170	human gut metagenome	ILLUMINA	Illumina NovaSeq 6000	NA		PAIRED	WGS	METAGENOMIC	RANDOM	24862938	3617663194	Centre of Host Microbiome Interaction	2025-05-21	2025-05-21	Illumina NovaSeq 6000 sequencing	Gut and oral microbiomes to investigate the oral-gut-brain axis on the pathophysiology of Parkinson's Disease patients	53e7d904-96a7-4098-8eea-909c4f82549a	ena-EXPERIMENT-TAB-20-05-2025-23:07:32:071-203451	ena-RUN-TAB-20-05-2025-23:07:32:071-203452	911809373;954848290	ceefccf9d21c272a7fe2145e9d7bf790;0ed61ba3226621b4f5aed32ace7277fc	ftp.sra.ebi.ac.uk/vol1/fastq/ERR150/094/ERR15003894/ERR15003894_1.fastq.gz;ftp.sra.ebi.ac.uk/vol1/fastq/ERR150/094/ERR15003894/ERR15003894_2.fastq.gz	fasp.sra.ebi.ac.uk:/vol1/fastq/ERR150/094/ERR15003894/ERR15003894_1.fastq.gz;fasp.sra.ebi.ac.uk:/vol1/fastq/ERR150/094/ERR15003894/ERR15003894_2.fastq.gz	ftp.sra.ebi.ac.uk/vol1/fastq/ERR150/094/ERR15003894/ERR15003894_1.fastq.gz;ftp.sra.ebi.ac.uk/vol1/fastq/ERR150/094/ERR15003894/ERR15003894_2.fastq.gz	1018878052;1070031759	03f441679161d945d507301be51d0647;09273e8ad91f59844bae844f4b212cfc	ftp.sra.ebi.ac.uk/vol1/run/ERR150/ERR15003894/853G_R1_001.fastq.gz;ftp.sra.ebi.ac.uk/vol1/run/ERR150/ERR15003894/853G_R2_001.fastq.gz	fasp.sra.ebi.ac.uk:/vol1/run/ERR150/ERR15003894/853G_R1_001.fastq.gz;fasp.sra.ebi.ac.uk:/vol1/run/ERR150/ERR15003894/853G_R2_001.fastq.gz	ftp.sra.ebi.ac.uk/vol1/run/ERR150/ERR15003894/853G_R1_001.fastq.gz;ftp.sra.ebi.ac.uk/vol1/run/ERR150/ERR15003894/853G_R2_001.fastq.gz	FASTQ;FASTQ	853G		853G		2025-05-20	ftp.sra.ebi.ac.uk/vol1/err/ERR150/094/ERR15003894/ERR15003894.bam	1802040590	94d0e846c1a561aa6a7c11a22fae3147	GENERATED_FILE;GENERATED_FILE	SUBMISSION_FILE;SUBMISSION_FILE	ARCHIVAL_FILE
ERR15003902	PRJEB79944	ERP164023	SAMEA118336104	ERS24550785	ERX14407871	ERA33133718	408170	human gut metagenome	ILLUMINA	Illumina NovaSeq 6000	NA		PAIRED	WGS	METAGENOMIC	RANDOM	16226904	2390512543	Centre of Host Microbiome Interaction	2025-05-21	2025-05-21	Illumina NovaSeq 6000 sequencing	Gut and oral microbiomes to investigate the oral-gut-brain axis on the pathophysiology of Parkinson's Disease patients	53e7d904-96a7-4098-8eea-909c4f82549a	ena-EXPERIMENT-TAB-20-05-2025-23:07:32:076-203467	ena-RUN-TAB-20-05-2025-23:07:32:076-203468	613776152;636412286	d8b4fab8c067aa1c79bb5fe647c7692d;ab222b17ae584dae30978763cc39f11d	ftp.sra.ebi.ac.uk/vol1/fastq/ERR150/002/ERR15003902/ERR15003902_1.fastq.gz;ftp.sra.ebi.ac.uk/vol1/fastq/ERR150/002/ERR15003902/ERR15003902_2.fastq.gz	fasp.sra.ebi.ac.uk:/vol1/fastq/ERR150/002/ERR15003902/ERR15003902_1.fastq.gz;fasp.sra.ebi.ac.uk:/vol1/fastq/ERR150/002/ERR15003902/ERR15003902_2.fastq.gz	ftp.sra.ebi.ac.uk/vol1/fastq/ERR150/002/ERR15003902/ERR15003902_1.fastq.gz;ftp.sra.ebi.ac.uk/vol1/fastq/ERR150/002/ERR15003902/ERR15003902_2.fastq.gz	686150987;712192568	7d39fe482ddc180c858b1f55de98412d;8926e843d5bbbfa0408780feeb6f91e7	ftp.sra.ebi.ac.uk/vol1/run/ERR150/ERR15003902/757G_S94_R1_001.fastq.gz;ftp.sra.ebi.ac.uk/vol1/run/ERR150/ERR15003902/757G_S94_R2_001.fastq.gz	fasp.sra.ebi.ac.uk:/vol1/run/ERR150/ERR15003902/757G_S94_R1_001.fastq.gz;fasp.sra.ebi.ac.uk:/vol1/run/ERR150/ERR15003902/757G_S94_R2_001.fastq.gz	ftp.sra.ebi.ac.uk/vol1/run/ERR150/ERR15003902/757G_S94_R1_001.fastq.gz;ftp.sra.ebi.ac.uk/vol1/run/ERR150/ERR15003902/757G_S94_R2_001.fastq.gz	FASTQ;FASTQ	757G		757G		2025-05-20	ftp.sra.ebi.ac.uk/vol1/err/ERR150/002/ERR15003902/ERR15003902.bam	1208009005	a0a477e557e1757e571a94973b63ec7d	GENERATED_FILE;GENERATED_FILE	SUBMISSION_FILE;SUBMISSION_FILE	ARCHIVAL_FILE
ERR15003909	PRJEB79944	ERP164023	SAMEA118336111	ERS24550792	ERX14407878	ERA33133718	408170	human gut metagenome	ILLUMINA	Illumina NovaSeq 6000	NA		PAIRED	WGS	METAGENOMIC	RANDOM	168595804	24639177173	Centre of Host Microbiome Interaction	2025-05-21	2025-05-21	Illumina NovaSeq 6000 sequencing	Gut and oral microbiomes to investigate the oral-gut-brain axis on the pathophysiology of Parkinson's Disease patients	53e7d904-96a7-4098-8eea-909c4f82549a	ena-EXPERIMENT-TAB-20-05-2025-23:07:32:078-203481	ena-RUN-TAB-20-05-2025-23:07:32:078-203482	6177525899;6402033923	35d5f6b50e9cee761a0aeb878a9008de;8a66321218f3fcadac444538b2d55b41	ftp.sra.ebi.ac.uk/vol1/fastq/ERR150/009/ERR15003909/ERR15003909_1.fastq.gz;ftp.sra.ebi.ac.uk/vol1/fastq/ERR150/009/ERR15003909/ERR15003909_2.fastq.gz	fasp.sra.ebi.ac.uk:/vol1/fastq/ERR150/009/ERR15003909/ERR15003909_1.fastq.gz;fasp.sra.ebi.ac.uk:/vol1/fastq/ERR150/009/ERR15003909/ERR15003909_2.fastq.gz	ftp.sra.ebi.ac.uk/vol1/fastq/ERR150/009/ERR15003909/ERR15003909_1.fastq.gz;ftp.sra.ebi.ac.uk/vol1/fastq/ERR150/009/ERR15003909/ERR15003909_2.fastq.gz	6803061323;7079555097	de16f5065ffd824e503ee9abf0c2637b;cec43c4702466110464e90ad7abd891b	ftp.sra.ebi.ac.uk/vol1/run/ERR150/ERR15003909/724G_R1_001.fastq.gz;ftp.sra.ebi.ac.uk/vol1/run/ERR150/ERR15003909/724G_R2_001.fastq.gz	fasp.sra.ebi.ac.uk:/vol1/run/ERR150/ERR15003909/724G_R1_001.fastq.gz;fasp.sra.ebi.ac.uk:/vol1/run/ERR150/ERR15003909/724G_R2_001.fastq.gz	ftp.sra.ebi.ac.uk/vol1/run/ERR150/ERR15003909/724G_R1_001.fastq.gz;ftp.sra.ebi.ac.uk/vol1/run/ERR150/ERR15003909/724G_R2_001.fastq.gz	FASTQ;FASTQ	724G		724G		2025-05-20	ftp.sra.ebi.ac.uk/vol1/err/ERR150/009/ERR15003909/ERR15003909.bam	12204686912	eeb927ab9e3798ef16c5a209b8492b51	GENERATED_FILE;GENERATED_FILE	SUBMISSION_FILE;SUBMISSION_FILE	ARCHIVAL_FILE
ERR15003916	PRJEB79944	ERP164023	SAMEA118336118	ERS24550799	ERX14407885	ERA33133718	408170	human gut metagenome	ILLUMINA	Illumina NovaSeq 6000	NA		PAIRED	WGS	METAGENOMIC	RANDOM	30785640	4494619634	Centre of Host Microbiome Interaction	2025-05-21	2025-05-21	Illumina NovaSeq 6000 sequencing	Gut and oral microbiomes to investigate the oral-gut-brain axis on the pathophysiology of Parkinson's Disease patients	53e7d904-96a7-4098-8eea-909c4f82549a	ena-EXPERIMENT-TAB-20-05-2025-23:07:32:081-203495	ena-RUN-TAB-20-05-2025-23:07:32:081-203496	1193372501;1232291662	faeecd4a7fb32da210ba2be996aa49dc;18328a62df6fd119d71352424af5f22d	ftp.sra.ebi.ac.uk/vol1/fastq/ERR150/016/ERR15003916/ERR15003916_1.fastq.gz;ftp.sra.ebi.ac.uk/vol1/fastq/ERR150/016/ERR15003916/ERR15003916_2.fastq.gz	fasp.sra.ebi.ac.uk:/vol1/fastq/ERR150/016/ERR15003916/ERR15003916_1.fastq.gz;fasp.sra.ebi.ac.uk:/vol1/fastq/ERR150/016/ERR15003916/ERR15003916_2.fastq.gz	ftp.sra.ebi.ac.uk/vol1/fastq/ERR150/016/ERR15003916/ERR15003916_1.fastq.gz;ftp.sra.ebi.ac.uk/vol1/fastq/ERR150/016/ERR15003916/ERR15003916_2.fastq.gz	1320849057;1361595716	ef5fc5665a791bee826125776034cef4;ecd805aaa1444be25b1f3a88176f6f97	ftp.sra.ebi.ac.uk/vol1/run/ERR150/ERR15003916/729G_S21_R1_001.fastq.gz;ftp.sra.ebi.ac.uk/vol1/run/ERR150/ERR15003916/729G_S21_R2_001.fastq.gz	fasp.sra.ebi.ac.uk:/vol1/run/ERR150/ERR15003916/729G_S21_R1_001.fastq.gz;fasp.sra.ebi.ac.uk:/vol1/run/ERR150/ERR15003916/729G_S21_R2_001.fastq.gz	ftp.sra.ebi.ac.uk/vol1/run/ERR150/ERR15003916/729G_S21_R1_001.fastq.gz;ftp.sra.ebi.ac.uk/vol1/run/ERR150/ERR15003916/729G_S21_R2_001.fastq.gz	FASTQ;FASTQ	729G		729G		2025-05-20	ftp.sra.ebi.ac.uk/vol1/err/ERR150/016/ERR15003916/ERR15003916.bam	2361772199	4f2864a4f785c05628783121db0b9660	GENERATED_FILE;GENERATED_FILE	SUBMISSION_FILE;SUBMISSION_FILE	ARCHIVAL_FILE
ERR15003917	PRJEB79944	ERP164023	SAMEA118336119	ERS24550800	ERX14407886	ERA33133718	408170	human gut metagenome	ILLUMINA	Illumina NovaSeq 6000	NA		PAIRED	WGS	METAGENOMIC	RANDOM	42604424	6023158300	Centre of Host Microbiome Interaction	2025-05-21	2025-05-21	Illumina NovaSeq 6000 sequencing	Gut and oral microbiomes to investigate the oral-gut-brain axis on the pathophysiology of Parkinson's Disease patients	53e7d904-96a7-4098-8eea-909c4f82549a	ena-EXPERIMENT-TAB-20-05-2025-23:07:32:081-203497	ena-RUN-TAB-20-05-2025-23:07:32:081-203498	1537233954;1589960011	6131136121e3b1bd0254625254a590b8;d9f1bc53532c5f0843d1eb83a8201c5b	ftp.sra.ebi.ac.uk/vol1/fastq/ERR150/017/ERR15003917/ERR15003917_1.fastq.gz;ftp.sra.ebi.ac.uk/vol1/fastq/ERR150/017/ERR15003917/ERR15003917_2.fastq.gz	fasp.sra.ebi.ac.uk:/vol1/fastq/ERR150/017/ERR15003917/ERR15003917_1.fastq.gz;fasp.sra.ebi.ac.uk:/vol1/fastq/ERR150/017/ERR15003917/ERR15003917_2.fastq.gz	ftp.sra.ebi.ac.uk/vol1/fastq/ERR150/017/ERR15003917/ERR15003917_1.fastq.gz;ftp.sra.ebi.ac.uk/vol1/fastq/ERR150/017/ERR15003917/ERR15003917_2.fastq.gz	1704326279;1766118652	3248c8b1a59248de929de2d73a329cc3;9cd5c4b39ed80a48f1de79069b4ddcdc	ftp.sra.ebi.ac.uk/vol1/run/ERR150/ERR15003917/768G_R1_001.fastq.gz;ftp.sra.ebi.ac.uk/vol1/run/ERR150/ERR15003917/768G_R2_001.fastq.gz	fasp.sra.ebi.ac.uk:/vol1/run/ERR150/ERR15003917/768G_R1_001.fastq.gz;fasp.sra.ebi.ac.uk:/vol1/run/ERR150/ERR15003917/768G_R2_001.fastq.gz	ftp.sra.ebi.ac.uk/vol1/run/ERR150/ERR15003917/768G_R1_001.fastq.gz;ftp.sra.ebi.ac.uk/vol1/run/ERR150/ERR15003917/768G_R2_001.fastq.gz	FASTQ;FASTQ	768G		768G		2025-05-20	ftp.sra.ebi.ac.uk/vol1/err/ERR150/017/ERR15003917/ERR15003917.bam	3032371168	ab3b40a3b838ce1ab6e84e7f9e0b0c85	GENERATED_FILE;GENERATED_FILE	SUBMISSION_FILE;SUBMISSION_FILE	ARCHIVAL_FILE
ERR15003922	PRJEB79944	ERP164023	SAMEA118336124	ERS24550805	ERX14407891	ERA33133718	408170	human gut metagenome	ILLUMINA	Illumina NovaSeq 6000	NA		PAIRED	WGS	METAGENOMIC	RANDOM	26467930	3818771426	Centre of Host Microbiome Interaction	2025-05-21	2025-05-21	Illumina NovaSeq 6000 sequencing	Gut and oral microbiomes to investigate the oral-gut-brain axis on the pathophysiology of Parkinson's Disease patients	53e7d904-96a7-4098-8eea-909c4f82549a	ena-EXPERIMENT-TAB-20-05-2025-23:07:32:083-203507	ena-RUN-TAB-20-05-2025-23:07:32:083-203508	1007737834;988686213	f0ddf6b18d4c02555fb1895818761e24;fe06d871c42f0bad7e3bd6bc488eefc4	ftp.sra.ebi.ac.uk/vol1/fastq/ERR150/022/ERR15003922/ERR15003922_1.fastq.gz;ftp.sra.ebi.ac.uk/vol1/fastq/ERR150/022/ERR15003922/ERR15003922_2.fastq.gz	fasp.sra.ebi.ac.uk:/vol1/fastq/ERR150/022/ERR15003922/ERR15003922_1.fastq.gz;fasp.sra.ebi.ac.uk:/vol1/fastq/ERR150/022/ERR15003922/ERR15003922_2.fastq.gz	ftp.sra.ebi.ac.uk/vol1/fastq/ERR150/022/ERR15003922/ERR15003922_1.fastq.gz;ftp.sra.ebi.ac.uk/vol1/fastq/ERR150/022/ERR15003922/ERR15003922_2.fastq.gz	1121833008;1098759350	7af368088cd3cd8c4559ca466f440268;2fdac9057382d5c0f3e78da2d6a374be	ftp.sra.ebi.ac.uk/vol1/run/ERR150/ERR15003922/830G_S33_R1_001.fastq.gz;ftp.sra.ebi.ac.uk/vol1/run/ERR150/ERR15003922/830G_S33_R2_001.fastq.gz	fasp.sra.ebi.ac.uk:/vol1/run/ERR150/ERR15003922/830G_S33_R1_001.fastq.gz;fasp.sra.ebi.ac.uk:/vol1/run/ERR150/ERR15003922/830G_S33_R2_001.fastq.gz	ftp.sra.ebi.ac.uk/vol1/run/ERR150/ERR15003922/830G_S33_R1_001.fastq.gz;ftp.sra.ebi.ac.uk/vol1/run/ERR150/ERR15003922/830G_S33_R2_001.fastq.gz	FASTQ;FASTQ	830G		830G		2025-05-20	ftp.sra.ebi.ac.uk/vol1/err/ERR150/022/ERR15003922/ERR15003922.bam	1943066363	cf898a34c7bb2b0fd2af78dc197f795f	GENERATED_FILE;GENERATED_FILE	SUBMISSION_FILE;SUBMISSION_FILE	ARCHIVAL_FILE
ERR15003929	PRJEB79944	ERP164023	SAMEA118336131	ERS24550812	ERX14407898	ERA33133718	408170	human gut metagenome	ILLUMINA	Illumina NovaSeq 6000	NA		PAIRED	WGS	METAGENOMIC	RANDOM	20429036	3003705315	Centre of Host Microbiome Interaction	2025-05-21	2025-05-21	Illumina NovaSeq 6000 sequencing	Gut and oral microbiomes to investigate the oral-gut-brain axis on the pathophysiology of Parkinson's Disease patients	53e7d904-96a7-4098-8eea-909c4f82549a	ena-EXPERIMENT-TAB-20-05-2025-23:07:32:086-203521	ena-RUN-TAB-20-05-2025-23:07:32:086-203522	754031082;801804641	8fdfcc53d4e5f05edd10002a08ece595;a36de1fabcc6d2b2ae8d8a165271b225	ftp.sra.ebi.ac.uk/vol1/fastq/ERR150/029/ERR15003929/ERR15003929_1.fastq.gz;ftp.sra.ebi.ac.uk/vol1/fastq/ERR150/029/ERR15003929/ERR15003929_2.fastq.gz	fasp.sra.ebi.ac.uk:/vol1/fastq/ERR150/029/ERR15003929/ERR15003929_1.fastq.gz;fasp.sra.ebi.ac.uk:/vol1/fastq/ERR150/029/ERR15003929/ERR15003929_2.fastq.gz	ftp.sra.ebi.ac.uk/vol1/fastq/ERR150/029/ERR15003929/ERR15003929_1.fastq.gz;ftp.sra.ebi.ac.uk/vol1/fastq/ERR150/029/ERR15003929/ERR15003929_2.fastq.gz	845435620;901091662	e7c006fb343d3bd97c35333a8807d07f;371b9a6c1f0d8711f3c96bd2ece0a76f	ftp.sra.ebi.ac.uk/vol1/run/ERR150/ERR15003929/877G_R1_001.fastq.gz;ftp.sra.ebi.ac.uk/vol1/run/ERR150/ERR15003929/877G_R2_001.fastq.gz	fasp.sra.ebi.ac.uk:/vol1/run/ERR150/ERR15003929/877G_R1_001.fastq.gz;fasp.sra.ebi.ac.uk:/vol1/run/ERR150/ERR15003929/877G_R2_001.fastq.gz	ftp.sra.ebi.ac.uk/vol1/run/ERR150/ERR15003929/877G_R1_001.fastq.gz;ftp.sra.ebi.ac.uk/vol1/run/ERR150/ERR15003929/877G_R2_001.fastq.gz	FASTQ;FASTQ	877G		877G		2025-05-20	ftp.sra.ebi.ac.uk/vol1/err/ERR150/029/ERR15003929/ERR15003929.bam	1503559045	35b4cb44d41f748fe09974d37c4be32a	GENERATED_FILE;GENERATED_FILE	SUBMISSION_FILE;SUBMISSION_FILE	ARCHIVAL_FILE
ERR15003939	PRJEB79944	ERP164023	SAMEA118336141	ERS24550822	ERX14407908	ERA33133718	408170	human gut metagenome	ILLUMINA	Illumina NovaSeq 6000	NA		PAIRED	WGS	METAGENOMIC	RANDOM	34644364	5123978589	Centre of Host Microbiome Interaction	2025-05-21	2025-05-21	Illumina NovaSeq 6000 sequencing	Gut and oral microbiomes to investigate the oral-gut-brain axis on the pathophysiology of Parkinson's Disease patients	53e7d904-96a7-4098-8eea-909c4f82549a	ena-EXPERIMENT-TAB-20-05-2025-23:07:32:089-203541	ena-RUN-TAB-20-05-2025-23:07:32:089-203542	1282305456;1363448757	c6c81d060734c8e4bfdb2ab1d885420f;9b691bf2ac91ce3052fb5b7d09a21708	ftp.sra.ebi.ac.uk/vol1/fastq/ERR150/039/ERR15003939/ERR15003939_1.fastq.gz;ftp.sra.ebi.ac.uk/vol1/fastq/ERR150/039/ERR15003939/ERR15003939_2.fastq.gz	fasp.sra.ebi.ac.uk:/vol1/fastq/ERR150/039/ERR15003939/ERR15003939_1.fastq.gz;fasp.sra.ebi.ac.uk:/vol1/fastq/ERR150/039/ERR15003939/ERR15003939_2.fastq.gz	ftp.sra.ebi.ac.uk/vol1/fastq/ERR150/039/ERR15003939/ERR15003939_1.fastq.gz;ftp.sra.ebi.ac.uk/vol1/fastq/ERR150/039/ERR15003939/ERR15003939_2.fastq.gz	1437005545;1533588907	d73ac6b2ebcffe0e0943b75f0056d708;f42d1bce784ed197c272ba18bc197a2d	ftp.sra.ebi.ac.uk/vol1/run/ERR150/ERR15003939/749G_S39_R1_001.fastq.gz;ftp.sra.ebi.ac.uk/vol1/run/ERR150/ERR15003939/749G_S39_R2_001.fastq.gz	fasp.sra.ebi.ac.uk:/vol1/run/ERR150/ERR15003939/749G_S39_R1_001.fastq.gz;fasp.sra.ebi.ac.uk:/vol1/run/ERR150/ERR15003939/749G_S39_R2_001.fastq.gz	ftp.sra.ebi.ac.uk/vol1/run/ERR150/ERR15003939/749G_S39_R1_001.fastq.gz;ftp.sra.ebi.ac.uk/vol1/run/ERR150/ERR15003939/749G_S39_R2_001.fastq.gz	FASTQ;FASTQ	749G		749G		2025-05-20	ftp.sra.ebi.ac.uk/vol1/err/ERR150/039/ERR15003939/ERR15003939.bam	2551983602	d8e7f75beb7f7cb4566a4561aeff9893	GENERATED_FILE;GENERATED_FILE	SUBMISSION_FILE;SUBMISSION_FILE	ARCHIVAL_FILE
ERR15003942	PRJEB79944	ERP164023	SAMEA118336144	ERS24550825	ERX14407911	ERA33133718	408170	human gut metagenome	ILLUMINA	Illumina NovaSeq 6000	NA		PAIRED	WGS	METAGENOMIC	RANDOM	23431998	3451663538	Centre of Host Microbiome Interaction	2025-05-21	2025-05-21	Illumina NovaSeq 6000 sequencing	Gut and oral microbiomes to investigate the oral-gut-brain axis on the pathophysiology of Parkinson's Disease patients	53e7d904-96a7-4098-8eea-909c4f82549a	ena-EXPERIMENT-TAB-20-05-2025-23:07:32:090-203547	ena-RUN-TAB-20-05-2025-23:07:32:090-203548	853449082;908605764	225feb4c72b08a77385a092190667080;78cbc86f403ba0edce53cd661a521cb8	ftp.sra.ebi.ac.uk/vol1/fastq/ERR150/042/ERR15003942/ERR15003942_1.fastq.gz;ftp.sra.ebi.ac.uk/vol1/fastq/ERR150/042/ERR15003942/ERR15003942_2.fastq.gz	fasp.sra.ebi.ac.uk:/vol1/fastq/ERR150/042/ERR15003942/ERR15003942_1.fastq.gz;fasp.sra.ebi.ac.uk:/vol1/fastq/ERR150/042/ERR15003942/ERR15003942_2.fastq.gz	ftp.sra.ebi.ac.uk/vol1/fastq/ERR150/042/ERR15003942/ERR15003942_1.fastq.gz;ftp.sra.ebi.ac.uk/vol1/fastq/ERR150/042/ERR15003942/ERR15003942_2.fastq.gz	965542232;1031364921	ae502d2f5f2bdc66ca878fd3192284e8;f9f0afff210cff93247be2e8e177d31d	ftp.sra.ebi.ac.uk/vol1/run/ERR150/ERR15003942/740G_S58_R1_001.fastq.gz;ftp.sra.ebi.ac.uk/vol1/run/ERR150/ERR15003942/740G_S58_R2_001.fastq.gz	fasp.sra.ebi.ac.uk:/vol1/run/ERR150/ERR15003942/740G_S58_R1_001.fastq.gz;fasp.sra.ebi.ac.uk:/vol1/run/ERR150/ERR15003942/740G_S58_R2_001.fastq.gz	ftp.sra.ebi.ac.uk/vol1/run/ERR150/ERR15003942/740G_S58_R1_001.fastq.gz;ftp.sra.ebi.ac.uk/vol1/run/ERR150/ERR15003942/740G_S58_R2_001.fastq.gz	FASTQ;FASTQ	740G		740G		2025-05-20	ftp.sra.ebi.ac.uk/vol1/err/ERR150/042/ERR15003942/ERR15003942.bam	1701974458	5627a654aded4e6da84afaee985fcc6b	GENERATED_FILE;GENERATED_FILE	SUBMISSION_FILE;SUBMISSION_FILE	ARCHIVAL_FILE
ERR15003958	PRJEB79944	ERP164023	SAMEA118336160	ERS24550841	ERX14407927	ERA33133718	408170	human gut metagenome	ILLUMINA	Illumina NovaSeq 6000	NA		PAIRED	WGS	METAGENOMIC	RANDOM	50210906	7211274258	Centre of Host Microbiome Interaction	2025-05-21	2025-05-21	Illumina NovaSeq 6000 sequencing	Gut and oral microbiomes to investigate the oral-gut-brain axis on the pathophysiology of Parkinson's Disease patients	53e7d904-96a7-4098-8eea-909c4f82549a	ena-EXPERIMENT-TAB-20-05-2025-23:07:32:096-203579	ena-RUN-TAB-20-05-2025-23:07:32:096-203580	1840404426;1908898727	b07f85aaea47935445b536941e340f20;4fb5563390ecd53406f7ac85bc33752d	ftp.sra.ebi.ac.uk/vol1/fastq/ERR150/058/ERR15003958/ERR15003958_1.fastq.gz;ftp.sra.ebi.ac.uk/vol1/fastq/ERR150/058/ERR15003958/ERR15003958_2.fastq.gz	fasp.sra.ebi.ac.uk:/vol1/fastq/ERR150/058/ERR15003958/ERR15003958_1.fastq.gz;fasp.sra.ebi.ac.uk:/vol1/fastq/ERR150/058/ERR15003958/ERR15003958_2.fastq.gz	ftp.sra.ebi.ac.uk/vol1/fastq/ERR150/058/ERR15003958/ERR15003958_1.fastq.gz;ftp.sra.ebi.ac.uk/vol1/fastq/ERR150/058/ERR15003958/ERR15003958_2.fastq.gz	2039199978;2117774754	9f1fa00fbdc1943f598dd25cc5653054;5f00d1e41ab3dcb12ade97360bbd8d42	ftp.sra.ebi.ac.uk/vol1/run/ERR150/ERR15003958/766G_R1_001.fastq.gz;ftp.sra.ebi.ac.uk/vol1/run/ERR150/ERR15003958/766G_R2_001.fastq.gz	fasp.sra.ebi.ac.uk:/vol1/run/ERR150/ERR15003958/766G_R1_001.fastq.gz;fasp.sra.ebi.ac.uk:/vol1/run/ERR150/ERR15003958/766G_R2_001.fastq.gz	ftp.sra.ebi.ac.uk/vol1/run/ERR150/ERR15003958/766G_R1_001.fastq.gz;ftp.sra.ebi.ac.uk/vol1/run/ERR150/ERR15003958/766G_R2_001.fastq.gz	FASTQ;FASTQ	766G		766G		2025-05-20	ftp.sra.ebi.ac.uk/vol1/err/ERR150/058/ERR15003958/ERR15003958.bam	3628043930	3028fd0a7f2cf65d2aa23aff3b84c8cb	GENERATED_FILE;GENERATED_FILE	SUBMISSION_FILE;SUBMISSION_FILE	ARCHIVAL_FILE
ERR15003721	PRJEB79944	ERP164023	SAMEA118335923	ERS24550604	ERX14407690	ERA33133718	408170	human gut metagenome	ILLUMINA	Illumina NovaSeq 6000	NA		PAIRED	WGS	METAGENOMIC	RANDOM	91406724	12759172245	Centre of Host Microbiome Interaction	2025-05-21	2025-05-21	Illumina NovaSeq 6000 sequencing	Gut and oral microbiomes to investigate the oral-gut-brain axis on the pathophysiology of Parkinson's Disease patients	53e7d904-96a7-4098-8eea-909c4f82549a	ena-EXPERIMENT-TAB-20-05-2025-23:07:32:008-203105	ena-RUN-TAB-20-05-2025-23:07:32:008-203106	3250772255;3363639376	7fa76dc6bdc9c2ff594e0f14a562dbe5;accb45697a946303d36ddce036a79406	ftp.sra.ebi.ac.uk/vol1/fastq/ERR150/021/ERR15003721/ERR15003721_1.fastq.gz;ftp.sra.ebi.ac.uk/vol1/fastq/ERR150/021/ERR15003721/ERR15003721_2.fastq.gz	fasp.sra.ebi.ac.uk:/vol1/fastq/ERR150/021/ERR15003721/ERR15003721_1.fastq.gz;fasp.sra.ebi.ac.uk:/vol1/fastq/ERR150/021/ERR15003721/ERR15003721_2.fastq.gz	ftp.sra.ebi.ac.uk/vol1/fastq/ERR150/021/ERR15003721/ERR15003721_1.fastq.gz;ftp.sra.ebi.ac.uk/vol1/fastq/ERR150/021/ERR15003721/ERR15003721_2.fastq.gz	3598207689;3729969179	4bf1f0fc8e078c34344a2b476f22b640;bc5564ecfd33164340721835f255fc04	ftp.sra.ebi.ac.uk/vol1/run/ERR150/ERR15003721/307G_R1_001.fastq.gz;ftp.sra.ebi.ac.uk/vol1/run/ERR150/ERR15003721/307G_R2_001.fastq.gz	fasp.sra.ebi.ac.uk:/vol1/run/ERR150/ERR15003721/307G_R1_001.fastq.gz;fasp.sra.ebi.ac.uk:/vol1/run/ERR150/ERR15003721/307G_R2_001.fastq.gz	ftp.sra.ebi.ac.uk/vol1/run/ERR150/ERR15003721/307G_R1_001.fastq.gz;ftp.sra.ebi.ac.uk/vol1/run/ERR150/ERR15003721/307G_R2_001.fastq.gz	FASTQ;FASTQ	307G		307G		2025-05-20	ftp.sra.ebi.ac.uk/vol1/err/ERR150/021/ERR15003721/ERR15003721.bam	6408288218	f1c445dcc8e74e87cda6e8eee5fae6a6	GENERATED_FILE;GENERATED_FILE	SUBMISSION_FILE;SUBMISSION_FILE	ARCHIVAL_FILE
ERR15003731	PRJEB79944	ERP164023	SAMEA118335933	ERS24550614	ERX14407700	ERA33133718	408170	human gut metagenome	ILLUMINA	Illumina NovaSeq 6000	NA		PAIRED	WGS	METAGENOMIC	RANDOM	19034600	2784352122	Centre of Host Microbiome Interaction	2025-05-21	2025-05-21	Illumina NovaSeq 6000 sequencing	Gut and oral microbiomes to investigate the oral-gut-brain axis on the pathophysiology of Parkinson's Disease patients	53e7d904-96a7-4098-8eea-909c4f82549a	ena-EXPERIMENT-TAB-20-05-2025-23:07:32:012-203125	ena-RUN-TAB-20-05-2025-23:07:32:012-203126	702741045;733154664	743a82ea7e64fcd80cab0673bf7c08ba;44f4e2862186f0d84e5b24102627dd82	ftp.sra.ebi.ac.uk/vol1/fastq/ERR150/031/ERR15003731/ERR15003731_1.fastq.gz;ftp.sra.ebi.ac.uk/vol1/fastq/ERR150/031/ERR15003731/ERR15003731_2.fastq.gz	fasp.sra.ebi.ac.uk:/vol1/fastq/ERR150/031/ERR15003731/ERR15003731_1.fastq.gz;fasp.sra.ebi.ac.uk:/vol1/fastq/ERR150/031/ERR15003731/ERR15003731_2.fastq.gz	ftp.sra.ebi.ac.uk/vol1/fastq/ERR150/031/ERR15003731/ERR15003731_1.fastq.gz;ftp.sra.ebi.ac.uk/vol1/fastq/ERR150/031/ERR15003731/ERR15003731_2.fastq.gz	775059118;811634239	c61f613de00876be6d4d8501f063ce8b;e2852e6dae2136df9ebf2f496805ada3	ftp.sra.ebi.ac.uk/vol1/run/ERR150/ERR15003731/902G_S63_R1_001.fastq.gz;ftp.sra.ebi.ac.uk/vol1/run/ERR150/ERR15003731/902G_S63_R2_001.fastq.gz	fasp.sra.ebi.ac.uk:/vol1/run/ERR150/ERR15003731/902G_S63_R1_001.fastq.gz;fasp.sra.ebi.ac.uk:/vol1/run/ERR150/ERR15003731/902G_S63_R2_001.fastq.gz	ftp.sra.ebi.ac.uk/vol1/run/ERR150/ERR15003731/902G_S63_R1_001.fastq.gz;ftp.sra.ebi.ac.uk/vol1/run/ERR150/ERR15003731/902G_S63_R2_001.fastq.gz	FASTQ;FASTQ	902G		902G		2025-05-20	ftp.sra.ebi.ac.uk/vol1/err/ERR150/031/ERR15003731/ERR15003731.bam	1380773796	2126a82e4abae4be46ff85da851f9982	GENERATED_FILE;GENERATED_FILE	SUBMISSION_FILE;SUBMISSION_FILE	ARCHIVAL_FILE
ERR15003735	PRJEB79944	ERP164023	SAMEA118335937	ERS24550618	ERX14407704	ERA33133718	408170	human gut metagenome	ILLUMINA	Illumina NovaSeq 6000	NA		PAIRED	WGS	METAGENOMIC	RANDOM	29657986	4365615985	Centre of Host Microbiome Interaction	2025-05-21	2025-05-21	Illumina NovaSeq 6000 sequencing	Gut and oral microbiomes to investigate the oral-gut-brain axis on the pathophysiology of Parkinson's Disease patients	53e7d904-96a7-4098-8eea-909c4f82549a	ena-EXPERIMENT-TAB-20-05-2025-23:07:32:014-203133	ena-RUN-TAB-20-05-2025-23:07:32:014-203134	1138903747;1177577796	c974c8be6c2cefbc48e4442d39d8f465;7962c8b9d60b444c8286d5ad25b610ef	ftp.sra.ebi.ac.uk/vol1/fastq/ERR150/035/ERR15003735/ERR15003735_1.fastq.gz;ftp.sra.ebi.ac.uk/vol1/fastq/ERR150/035/ERR15003735/ERR15003735_2.fastq.gz	fasp.sra.ebi.ac.uk:/vol1/fastq/ERR150/035/ERR15003735/ERR15003735_1.fastq.gz;fasp.sra.ebi.ac.uk:/vol1/fastq/ERR150/035/ERR15003735/ERR15003735_2.fastq.gz	ftp.sra.ebi.ac.uk/vol1/fastq/ERR150/035/ERR15003735/ERR15003735_1.fastq.gz;ftp.sra.ebi.ac.uk/vol1/fastq/ERR150/035/ERR15003735/ERR15003735_2.fastq.gz	1266757654;1311371030	4f5266fa1e4410e3af0c6e2e684935f7;114919a51f677792bfc350cd7698f49f	ftp.sra.ebi.ac.uk/vol1/run/ERR150/ERR15003735/708G_S98_R1_001.fastq.gz;ftp.sra.ebi.ac.uk/vol1/run/ERR150/ERR15003735/708G_S98_R2_001.fastq.gz	fasp.sra.ebi.ac.uk:/vol1/run/ERR150/ERR15003735/708G_S98_R1_001.fastq.gz;fasp.sra.ebi.ac.uk:/vol1/run/ERR150/ERR15003735/708G_S98_R2_001.fastq.gz	ftp.sra.ebi.ac.uk/vol1/run/ERR150/ERR15003735/708G_S98_R1_001.fastq.gz;ftp.sra.ebi.ac.uk/vol1/run/ERR150/ERR15003735/708G_S98_R2_001.fastq.gz	FASTQ;FASTQ	708G		708G		2025-05-20	ftp.sra.ebi.ac.uk/vol1/err/ERR150/035/ERR15003735/ERR15003735.bam	2235859620	5a82ba5ad351441442bded02b11b8c35	GENERATED_FILE;GENERATED_FILE	SUBMISSION_FILE;SUBMISSION_FILE	ARCHIVAL_FILE
ERR15003739	PRJEB79944	ERP164023	SAMEA118335941	ERS24550622	ERX14407708	ERA33133718	408170	human gut metagenome	ILLUMINA	Illumina NovaSeq 6000	NA		PAIRED	WGS	METAGENOMIC	RANDOM	50718754	7391256104	Centre of Host Microbiome Interaction	2025-05-21	2025-05-21	Illumina NovaSeq 6000 sequencing	Gut and oral microbiomes to investigate the oral-gut-brain axis on the pathophysiology of Parkinson's Disease patients	53e7d904-96a7-4098-8eea-909c4f82549a	ena-EXPERIMENT-TAB-20-05-2025-23:07:32:015-203141	ena-RUN-TAB-20-05-2025-23:07:32:015-203142	1886723422;1935619184	7fa02d6106f88ab009da447c852ff74a;0ab873ed9678613ba49cbf1b55d74b45	ftp.sra.ebi.ac.uk/vol1/fastq/ERR150/039/ERR15003739/ERR15003739_1.fastq.gz;ftp.sra.ebi.ac.uk/vol1/fastq/ERR150/039/ERR15003739/ERR15003739_2.fastq.gz	fasp.sra.ebi.ac.uk:/vol1/fastq/ERR150/039/ERR15003739/ERR15003739_1.fastq.gz;fasp.sra.ebi.ac.uk:/vol1/fastq/ERR150/039/ERR15003739/ERR15003739_2.fastq.gz	ftp.sra.ebi.ac.uk/vol1/fastq/ERR150/039/ERR15003739/ERR15003739_1.fastq.gz;ftp.sra.ebi.ac.uk/vol1/fastq/ERR150/039/ERR15003739/ERR15003739_2.fastq.gz	2082264618;2143850590	34825bfacbc72861cf3f20e8e70d9a2c;c804cb51e61275a2d4fef264b8c0f466	ftp.sra.ebi.ac.uk/vol1/run/ERR150/ERR15003739/351G_R1_001.fastq.gz;ftp.sra.ebi.ac.uk/vol1/run/ERR150/ERR15003739/351G_R2_001.fastq.gz	fasp.sra.ebi.ac.uk:/vol1/run/ERR150/ERR15003739/351G_R1_001.fastq.gz;fasp.sra.ebi.ac.uk:/vol1/run/ERR150/ERR15003739/351G_R2_001.fastq.gz	ftp.sra.ebi.ac.uk/vol1/run/ERR150/ERR15003739/351G_R1_001.fastq.gz;ftp.sra.ebi.ac.uk/vol1/run/ERR150/ERR15003739/351G_R2_001.fastq.gz	FASTQ;FASTQ	351G		351G		2025-05-20	ftp.sra.ebi.ac.uk/vol1/err/ERR150/039/ERR15003739/ERR15003739.bam	3672855360	8cdbe89f9dc2e23c1397e314f537d23f	GENERATED_FILE;GENERATED_FILE	SUBMISSION_FILE;SUBMISSION_FILE	ARCHIVAL_FILE
ERR15003744	PRJEB79944	ERP164023	SAMEA118335946	ERS24550627	ERX14407713	ERA33133718	408170	human gut metagenome	ILLUMINA	Illumina NovaSeq 6000	NA		PAIRED	WGS	METAGENOMIC	RANDOM	28195374	4130738757	Centre of Host Microbiome Interaction	2025-05-21	2025-05-21	Illumina NovaSeq 6000 sequencing	Gut and oral microbiomes to investigate the oral-gut-brain axis on the pathophysiology of Parkinson's Disease patients	53e7d904-96a7-4098-8eea-909c4f82549a	ena-EXPERIMENT-TAB-20-05-2025-23:07:32:017-203151	ena-RUN-TAB-20-05-2025-23:07:32:017-203152	1056081618;1094409682	e502a4b4cf80b6b54ccf45974591f90b;55fe312efa0b1297c8295648f6678502	ftp.sra.ebi.ac.uk/vol1/fastq/ERR150/044/ERR15003744/ERR15003744_1.fastq.gz;ftp.sra.ebi.ac.uk/vol1/fastq/ERR150/044/ERR15003744/ERR15003744_2.fastq.gz	fasp.sra.ebi.ac.uk:/vol1/fastq/ERR150/044/ERR15003744/ERR15003744_1.fastq.gz;fasp.sra.ebi.ac.uk:/vol1/fastq/ERR150/044/ERR15003744/ERR15003744_2.fastq.gz	ftp.sra.ebi.ac.uk/vol1/fastq/ERR150/044/ERR15003744/ERR15003744_1.fastq.gz;ftp.sra.ebi.ac.uk/vol1/fastq/ERR150/044/ERR15003744/ERR15003744_2.fastq.gz	1176251937;1218802469	af27013b9d0933c3ec053625612c1d6e;98382901b20f884ca31b1701e1b174b8	ftp.sra.ebi.ac.uk/vol1/run/ERR150/ERR15003744/789G_S30_R1_001.fastq.gz;ftp.sra.ebi.ac.uk/vol1/run/ERR150/ERR15003744/789G_S30_R2_001.fastq.gz	fasp.sra.ebi.ac.uk:/vol1/run/ERR150/ERR15003744/789G_S30_R1_001.fastq.gz;fasp.sra.ebi.ac.uk:/vol1/run/ERR150/ERR15003744/789G_S30_R2_001.fastq.gz	ftp.sra.ebi.ac.uk/vol1/run/ERR150/ERR15003744/789G_S30_R1_001.fastq.gz;ftp.sra.ebi.ac.uk/vol1/run/ERR150/ERR15003744/789G_S30_R2_001.fastq.gz	FASTQ;FASTQ	789G		789G		2025-05-20	ftp.sra.ebi.ac.uk/vol1/err/ERR150/044/ERR15003744/ERR15003744.bam	2087445413	23540fd62c0548eb12d237ed0a015b7f	GENERATED_FILE;GENERATED_FILE	SUBMISSION_FILE;SUBMISSION_FILE	ARCHIVAL_FILE
ERR15003751	PRJEB79944	ERP164023	SAMEA118335953	ERS24550634	ERX14407720	ERA33133718	408170	human gut metagenome	ILLUMINA	Illumina NovaSeq 6000	NA		PAIRED	WGS	METAGENOMIC	RANDOM	31737718	4702849251	Centre of Host Microbiome Interaction	2025-05-21	2025-05-21	Illumina NovaSeq 6000 sequencing	Gut and oral microbiomes to investigate the oral-gut-brain axis on the pathophysiology of Parkinson's Disease patients	53e7d904-96a7-4098-8eea-909c4f82549a	ena-EXPERIMENT-TAB-20-05-2025-23:07:32:019-203165	ena-RUN-TAB-20-05-2025-23:07:32:019-203166	1163767745;1263023454	270e1144e6601cbcf7e55e4b82c245a9;1df11f2a613fd9f8a65115d0059a9465	ftp.sra.ebi.ac.uk/vol1/fastq/ERR150/051/ERR15003751/ERR15003751_1.fastq.gz;ftp.sra.ebi.ac.uk/vol1/fastq/ERR150/051/ERR15003751/ERR15003751_2.fastq.gz	fasp.sra.ebi.ac.uk:/vol1/fastq/ERR150/051/ERR15003751/ERR15003751_1.fastq.gz;fasp.sra.ebi.ac.uk:/vol1/fastq/ERR150/051/ERR15003751/ERR15003751_2.fastq.gz	ftp.sra.ebi.ac.uk/vol1/fastq/ERR150/051/ERR15003751/ERR15003751_1.fastq.gz;ftp.sra.ebi.ac.uk/vol1/fastq/ERR150/051/ERR15003751/ERR15003751_2.fastq.gz	1302426000;1418749645	c6d248a7bdcf2664614db4c97bc4b07f;fa557d5b80a169fcba2c91410effca81	ftp.sra.ebi.ac.uk/vol1/run/ERR150/ERR15003751/783G_S45_R1_001.fastq.gz;ftp.sra.ebi.ac.uk/vol1/run/ERR150/ERR15003751/783G_S45_R2_001.fastq.gz	fasp.sra.ebi.ac.uk:/vol1/run/ERR150/ERR15003751/783G_S45_R1_001.fastq.gz;fasp.sra.ebi.ac.uk:/vol1/run/ERR150/ERR15003751/783G_S45_R2_001.fastq.gz	ftp.sra.ebi.ac.uk/vol1/run/ERR150/ERR15003751/783G_S45_R1_001.fastq.gz;ftp.sra.ebi.ac.uk/vol1/run/ERR150/ERR15003751/783G_S45_R2_001.fastq.gz	FASTQ;FASTQ	783G		783G		2025-05-20	ftp.sra.ebi.ac.uk/vol1/err/ERR150/051/ERR15003751/ERR15003751.bam	2343102431	58db80e676beb8412a3a4dac9f801075	GENERATED_FILE;GENERATED_FILE	SUBMISSION_FILE;SUBMISSION_FILE	ARCHIVAL_FILE
ERR15003752	PRJEB79944	ERP164023	SAMEA118335954	ERS24550635	ERX14407721	ERA33133718	408170	human gut metagenome	ILLUMINA	Illumina NovaSeq 6000	NA		PAIRED	WGS	METAGENOMIC	RANDOM	22286288	3250915841	Centre of Host Microbiome Interaction	2025-05-21	2025-05-21	Illumina NovaSeq 6000 sequencing	Gut and oral microbiomes to investigate the oral-gut-brain axis on the pathophysiology of Parkinson's Disease patients	53e7d904-96a7-4098-8eea-909c4f82549a	ena-EXPERIMENT-TAB-20-05-2025-23:07:32:019-203167	ena-RUN-TAB-20-05-2025-23:07:32:020-203168	813586941;877940606	e9343e20571f4517ca841c878214d861;45d496ebf7af10a3148379138e9cf0d4	ftp.sra.ebi.ac.uk/vol1/fastq/ERR150/052/ERR15003752/ERR15003752_1.fastq.gz;ftp.sra.ebi.ac.uk/vol1/fastq/ERR150/052/ERR15003752/ERR15003752_2.fastq.gz	fasp.sra.ebi.ac.uk:/vol1/fastq/ERR150/052/ERR15003752/ERR15003752_1.fastq.gz;fasp.sra.ebi.ac.uk:/vol1/fastq/ERR150/052/ERR15003752/ERR15003752_2.fastq.gz	ftp.sra.ebi.ac.uk/vol1/fastq/ERR150/052/ERR15003752/ERR15003752_1.fastq.gz;ftp.sra.ebi.ac.uk/vol1/fastq/ERR150/052/ERR15003752/ERR15003752_2.fastq.gz	908567824;983396741	7cb577e253b79d8c7d173821bb03c2c5;28aa95a572b9c5ee70de194645517d1b	ftp.sra.ebi.ac.uk/vol1/run/ERR150/ERR15003752/756G_S85_R1_001.fastq.gz;ftp.sra.ebi.ac.uk/vol1/run/ERR150/ERR15003752/756G_S85_R2_001.fastq.gz	fasp.sra.ebi.ac.uk:/vol1/run/ERR150/ERR15003752/756G_S85_R1_001.fastq.gz;fasp.sra.ebi.ac.uk:/vol1/run/ERR150/ERR15003752/756G_S85_R2_001.fastq.gz	ftp.sra.ebi.ac.uk/vol1/run/ERR150/ERR15003752/756G_S85_R1_001.fastq.gz;ftp.sra.ebi.ac.uk/vol1/run/ERR150/ERR15003752/756G_S85_R2_001.fastq.gz	FASTQ;FASTQ	756G		756G		2025-05-20	ftp.sra.ebi.ac.uk/vol1/err/ERR150/052/ERR15003752/ERR15003752.bam	1636381538	6f352722b9ab3468424fd1e9fec6120c	GENERATED_FILE;GENERATED_FILE	SUBMISSION_FILE;SUBMISSION_FILE	ARCHIVAL_FILE
ERR15003754	PRJEB79944	ERP164023	SAMEA118335956	ERS24550637	ERX14407723	ERA33133718	408170	human gut metagenome	ILLUMINA	Illumina NovaSeq 6000	NA		PAIRED	WGS	METAGENOMIC	RANDOM	100017424	14610216744	Centre of Host Microbiome Interaction	2025-05-21	2025-05-21	Illumina NovaSeq 6000 sequencing	Gut and oral microbiomes to investigate the oral-gut-brain axis on the pathophysiology of Parkinson's Disease patients	53e7d904-96a7-4098-8eea-909c4f82549a	ena-EXPERIMENT-TAB-20-05-2025-23:07:32:020-203171	ena-RUN-TAB-20-05-2025-23:07:32:020-203172	3727634449;3783767596	ab18168005a51f66f9955750232666ca;70edf3511c6747803f6e12df4061b9e9	ftp.sra.ebi.ac.uk/vol1/fastq/ERR150/054/ERR15003754/ERR15003754_1.fastq.gz;ftp.sra.ebi.ac.uk/vol1/fastq/ERR150/054/ERR15003754/ERR15003754_2.fastq.gz	fasp.sra.ebi.ac.uk:/vol1/fastq/ERR150/054/ERR15003754/ERR15003754_1.fastq.gz;fasp.sra.ebi.ac.uk:/vol1/fastq/ERR150/054/ERR15003754/ERR15003754_2.fastq.gz	ftp.sra.ebi.ac.uk/vol1/fastq/ERR150/054/ERR15003754/ERR15003754_1.fastq.gz;ftp.sra.ebi.ac.uk/vol1/fastq/ERR150/054/ERR15003754/ERR15003754_2.fastq.gz	4103680975;4176366899	aafbfc3df688551eb1d6180e577253b0;4d7232c7a2ec432319137afbf75a89e6	ftp.sra.ebi.ac.uk/vol1/run/ERR150/ERR15003754/316G_R1_001.fastq.gz;ftp.sra.ebi.ac.uk/vol1/run/ERR150/ERR15003754/316G_R2_001.fastq.gz	fasp.sra.ebi.ac.uk:/vol1/run/ERR150/ERR15003754/316G_R1_001.fastq.gz;fasp.sra.ebi.ac.uk:/vol1/run/ERR150/ERR15003754/316G_R2_001.fastq.gz	ftp.sra.ebi.ac.uk/vol1/run/ERR150/ERR15003754/316G_R1_001.fastq.gz;ftp.sra.ebi.ac.uk/vol1/run/ERR150/ERR15003754/316G_R2_001.fastq.gz	FASTQ;FASTQ	316G		316G		2025-05-20	ftp.sra.ebi.ac.uk/vol1/err/ERR150/054/ERR15003754/ERR15003754.bam	7212519615	003929a7c2297793e5903e3c363a6267	GENERATED_FILE;GENERATED_FILE	SUBMISSION_FILE;SUBMISSION_FILE	ARCHIVAL_FILE
ERR15003759	PRJEB79944	ERP164023	SAMEA118335961	ERS24550642	ERX14407728	ERA33133718	408170	human gut metagenome	ILLUMINA	Illumina NovaSeq 6000	NA		PAIRED	WGS	METAGENOMIC	RANDOM	40452236	5976746311	Centre of Host Microbiome Interaction	2025-05-21	2025-05-21	Illumina NovaSeq 6000 sequencing	Gut and oral microbiomes to investigate the oral-gut-brain axis on the pathophysiology of Parkinson's Disease patients	53e7d904-96a7-4098-8eea-909c4f82549a	ena-EXPERIMENT-TAB-20-05-2025-23:07:32:022-203181	ena-RUN-TAB-20-05-2025-23:07:32:022-203182	1500970151;1613815174	50148ed2c1ca4d9b7c48172b1166406e;287d91027fbf6de169e144e68239b9f7	ftp.sra.ebi.ac.uk/vol1/fastq/ERR150/059/ERR15003759/ERR15003759_1.fastq.gz;ftp.sra.ebi.ac.uk/vol1/fastq/ERR150/059/ERR15003759/ERR15003759_2.fastq.gz	fasp.sra.ebi.ac.uk:/vol1/fastq/ERR150/059/ERR15003759/ERR15003759_1.fastq.gz;fasp.sra.ebi.ac.uk:/vol1/fastq/ERR150/059/ERR15003759/ERR15003759_2.fastq.gz	ftp.sra.ebi.ac.uk/vol1/fastq/ERR150/059/ERR15003759/ERR15003759_1.fastq.gz;ftp.sra.ebi.ac.uk/vol1/fastq/ERR150/059/ERR15003759/ERR15003759_2.fastq.gz	1661727180;1791444568	fd03e67c51bc4f923d819a8da81e940e;ea7674d9331bd0438aa9fdd35195c713	ftp.sra.ebi.ac.uk/vol1/run/ERR150/ERR15003759/809G_S87_R1_001.fastq.gz;ftp.sra.ebi.ac.uk/vol1/run/ERR150/ERR15003759/809G_S87_R2_001.fastq.gz	fasp.sra.ebi.ac.uk:/vol1/run/ERR150/ERR15003759/809G_S87_R1_001.fastq.gz;fasp.sra.ebi.ac.uk:/vol1/run/ERR150/ERR15003759/809G_S87_R2_001.fastq.gz	ftp.sra.ebi.ac.uk/vol1/run/ERR150/ERR15003759/809G_S87_R1_001.fastq.gz;ftp.sra.ebi.ac.uk/vol1/run/ERR150/ERR15003759/809G_S87_R2_001.fastq.gz	FASTQ;FASTQ	809G		809G		2025-05-20	ftp.sra.ebi.ac.uk/vol1/err/ERR150/059/ERR15003759/ERR15003759.bam	3007347886	c01009cda6fbc7d2ae8789bf45a81c59	GENERATED_FILE;GENERATED_FILE	SUBMISSION_FILE;SUBMISSION_FILE	ARCHIVAL_FILE
ERR15003763	PRJEB79944	ERP164023	SAMEA118335965	ERS24550646	ERX14407732	ERA33133718	408170	human gut metagenome	ILLUMINA	Illumina NovaSeq 6000	NA		PAIRED	WGS	METAGENOMIC	RANDOM	25768642	3795419076	Centre of Host Microbiome Interaction	2025-05-21	2025-05-21	Illumina NovaSeq 6000 sequencing	Gut and oral microbiomes to investigate the oral-gut-brain axis on the pathophysiology of Parkinson's Disease patients	53e7d904-96a7-4098-8eea-909c4f82549a	ena-EXPERIMENT-TAB-20-05-2025-23:07:32:023-203189	ena-RUN-TAB-20-05-2025-23:07:32:023-203190	1008791452;989731081	12eb0675a92ee9bf9180158e347b3b0d;59a2033f60d99eec5a46642434b31610	ftp.sra.ebi.ac.uk/vol1/fastq/ERR150/063/ERR15003763/ERR15003763_1.fastq.gz;ftp.sra.ebi.ac.uk/vol1/fastq/ERR150/063/ERR15003763/ERR15003763_2.fastq.gz	fasp.sra.ebi.ac.uk:/vol1/fastq/ERR150/063/ERR15003763/ERR15003763_1.fastq.gz;fasp.sra.ebi.ac.uk:/vol1/fastq/ERR150/063/ERR15003763/ERR15003763_2.fastq.gz	ftp.sra.ebi.ac.uk/vol1/fastq/ERR150/063/ERR15003763/ERR15003763_1.fastq.gz;ftp.sra.ebi.ac.uk/vol1/fastq/ERR150/063/ERR15003763/ERR15003763_2.fastq.gz	1122938137;1100362429	e0c84afbb9f8e2a2c26a86dfc2de1644;f4f0e356fa0319d3efd9b109d89be11d	ftp.sra.ebi.ac.uk/vol1/run/ERR150/ERR15003763/810G_S44_R1_001.fastq.gz;ftp.sra.ebi.ac.uk/vol1/run/ERR150/ERR15003763/810G_S44_R2_001.fastq.gz	fasp.sra.ebi.ac.uk:/vol1/run/ERR150/ERR15003763/810G_S44_R1_001.fastq.gz;fasp.sra.ebi.ac.uk:/vol1/run/ERR150/ERR15003763/810G_S44_R2_001.fastq.gz	ftp.sra.ebi.ac.uk/vol1/run/ERR150/ERR15003763/810G_S44_R1_001.fastq.gz;ftp.sra.ebi.ac.uk/vol1/run/ERR150/ERR15003763/810G_S44_R2_001.fastq.gz	FASTQ;FASTQ	810G		810G		2025-05-20	ftp.sra.ebi.ac.uk/vol1/err/ERR150/063/ERR15003763/ERR15003763.bam	1927429676	e4c7dc712fcbc5df3ca328eb5a9ddcff	GENERATED_FILE;GENERATED_FILE	SUBMISSION_FILE;SUBMISSION_FILE	ARCHIVAL_FILE
ERR15003768	PRJEB79944	ERP164023	SAMEA118335970	ERS24550651	ERX14407737	ERA33133718	408170	human gut metagenome	ILLUMINA	Illumina NovaSeq 6000	NA		PAIRED	WGS	METAGENOMIC	RANDOM	19081490	2812007722	Centre of Host Microbiome Interaction	2025-05-21	2025-05-21	Illumina NovaSeq 6000 sequencing	Gut and oral microbiomes to investigate the oral-gut-brain axis on the pathophysiology of Parkinson's Disease patients	53e7d904-96a7-4098-8eea-909c4f82549a	ena-EXPERIMENT-TAB-20-05-2025-23:07:32:025-203199	ena-RUN-TAB-20-05-2025-23:07:32:025-203200	711574021;751656354	037a7e0ace1d821f25a36fce20c7534f;0958abae18394fcf78a04109a8027183	ftp.sra.ebi.ac.uk/vol1/fastq/ERR150/068/ERR15003768/ERR15003768_1.fastq.gz;ftp.sra.ebi.ac.uk/vol1/fastq/ERR150/068/ERR15003768/ERR15003768_2.fastq.gz	fasp.sra.ebi.ac.uk:/vol1/fastq/ERR150/068/ERR15003768/ERR15003768_1.fastq.gz;fasp.sra.ebi.ac.uk:/vol1/fastq/ERR150/068/ERR15003768/ERR15003768_2.fastq.gz	ftp.sra.ebi.ac.uk/vol1/fastq/ERR150/068/ERR15003768/ERR15003768_1.fastq.gz;ftp.sra.ebi.ac.uk/vol1/fastq/ERR150/068/ERR15003768/ERR15003768_2.fastq.gz	801478662;848151884	f1e7a4df9cccb0920d6bf7aac6fe4893;acaa91d8ef6e1dc54aa846a2e09a06f3	ftp.sra.ebi.ac.uk/vol1/run/ERR150/ERR15003768/730G_S38_R1_001.fastq.gz;ftp.sra.ebi.ac.uk/vol1/run/ERR150/ERR15003768/730G_S38_R2_001.fastq.gz	fasp.sra.ebi.ac.uk:/vol1/run/ERR150/ERR15003768/730G_S38_R1_001.fastq.gz;fasp.sra.ebi.ac.uk:/vol1/run/ERR150/ERR15003768/730G_S38_R2_001.fastq.gz	ftp.sra.ebi.ac.uk/vol1/run/ERR150/ERR15003768/730G_S38_R1_001.fastq.gz;ftp.sra.ebi.ac.uk/vol1/run/ERR150/ERR15003768/730G_S38_R2_001.fastq.gz	FASTQ;FASTQ	730G		730G		2025-05-20	ftp.sra.ebi.ac.uk/vol1/err/ERR150/068/ERR15003768/ERR15003768.bam	1413945634	284a82d96051a20b16eddaf0c0fd2ca5	GENERATED_FILE;GENERATED_FILE	SUBMISSION_FILE;SUBMISSION_FILE	ARCHIVAL_FILE
ERR15003782	PRJEB79944	ERP164023	SAMEA118335984	ERS24550665	ERX14407751	ERA33133718	408170	human gut metagenome	ILLUMINA	Illumina NovaSeq 6000	NA		PAIRED	WGS	METAGENOMIC	RANDOM	55677560	8023724714	Centre of Host Microbiome Interaction	2025-05-21	2025-05-21	Illumina NovaSeq 6000 sequencing	Gut and oral microbiomes to investigate the oral-gut-brain axis on the pathophysiology of Parkinson's Disease patients	53e7d904-96a7-4098-8eea-909c4f82549a	ena-EXPERIMENT-TAB-20-05-2025-23:07:32:030-203227	ena-RUN-TAB-20-05-2025-23:07:32:030-203228	1987599287;2105248923	1cc562f9d0f828333e395860f05192b8;be212cfb2e989dc6ffb5e8c49daf6cb9	ftp.sra.ebi.ac.uk/vol1/fastq/ERR150/082/ERR15003782/ERR15003782_1.fastq.gz;ftp.sra.ebi.ac.uk/vol1/fastq/ERR150/082/ERR15003782/ERR15003782_2.fastq.gz	fasp.sra.ebi.ac.uk:/vol1/fastq/ERR150/082/ERR15003782/ERR15003782_1.fastq.gz;fasp.sra.ebi.ac.uk:/vol1/fastq/ERR150/082/ERR15003782/ERR15003782_2.fastq.gz	ftp.sra.ebi.ac.uk/vol1/fastq/ERR150/082/ERR15003782/ERR15003782_1.fastq.gz;ftp.sra.ebi.ac.uk/vol1/fastq/ERR150/082/ERR15003782/ERR15003782_2.fastq.gz	2222210285;2364832646	e44c6a6d9f1c62b13400c83c17c0f734;b3f098dd19ea472d05852331b09871b9	ftp.sra.ebi.ac.uk/vol1/run/ERR150/ERR15003782/782G_S2_R1_001.fastq.gz;ftp.sra.ebi.ac.uk/vol1/run/ERR150/ERR15003782/782G_S2_R2_001.fastq.gz	fasp.sra.ebi.ac.uk:/vol1/run/ERR150/ERR15003782/782G_S2_R1_001.fastq.gz;fasp.sra.ebi.ac.uk:/vol1/run/ERR150/ERR15003782/782G_S2_R2_001.fastq.gz	ftp.sra.ebi.ac.uk/vol1/run/ERR150/ERR15003782/782G_S2_R1_001.fastq.gz;ftp.sra.ebi.ac.uk/vol1/run/ERR150/ERR15003782/782G_S2_R2_001.fastq.gz	FASTQ;FASTQ	782G		782G		2025-05-20	ftp.sra.ebi.ac.uk/vol1/err/ERR150/082/ERR15003782/ERR15003782.bam	3967449353	c50a4721be100eccca1e3fbecb789326	GENERATED_FILE;GENERATED_FILE	SUBMISSION_FILE;SUBMISSION_FILE	ARCHIVAL_FILE
ERR15003787	PRJEB79944	ERP164023	SAMEA118335989	ERS24550670	ERX14407756	ERA33133718	408170	human gut metagenome	ILLUMINA	Illumina NovaSeq 6000	NA		PAIRED	WGS	METAGENOMIC	RANDOM	24764322	3652580397	Centre of Host Microbiome Interaction	2025-05-21	2025-05-21	Illumina NovaSeq 6000 sequencing	Gut and oral microbiomes to investigate the oral-gut-brain axis on the pathophysiology of Parkinson's Disease patients	53e7d904-96a7-4098-8eea-909c4f82549a	ena-EXPERIMENT-TAB-20-05-2025-23:07:32:032-203237	ena-RUN-TAB-20-05-2025-23:07:32:032-203238	908915710;989131263	79052aaaacb49f43befb8994b5efa68b;a21d6042de9e9fee79a24ed6a897ab25	ftp.sra.ebi.ac.uk/vol1/fastq/ERR150/087/ERR15003787/ERR15003787_1.fastq.gz;ftp.sra.ebi.ac.uk/vol1/fastq/ERR150/087/ERR15003787/ERR15003787_2.fastq.gz	fasp.sra.ebi.ac.uk:/vol1/fastq/ERR150/087/ERR15003787/ERR15003787_1.fastq.gz;fasp.sra.ebi.ac.uk:/vol1/fastq/ERR150/087/ERR15003787/ERR15003787_2.fastq.gz	ftp.sra.ebi.ac.uk/vol1/fastq/ERR150/087/ERR15003787/ERR15003787_1.fastq.gz;ftp.sra.ebi.ac.uk/vol1/fastq/ERR150/087/ERR15003787/ERR15003787_2.fastq.gz	1005494047;1101972465	1682be7d9a3f4ae6a3f34f47194562ce;27879e45104fb083c294c2732a1e8cef	ftp.sra.ebi.ac.uk/vol1/run/ERR150/ERR15003787/885G_S46_R1_001.fastq.gz;ftp.sra.ebi.ac.uk/vol1/run/ERR150/ERR15003787/885G_S46_R2_001.fastq.gz	fasp.sra.ebi.ac.uk:/vol1/run/ERR150/ERR15003787/885G_S46_R1_001.fastq.gz;fasp.sra.ebi.ac.uk:/vol1/run/ERR150/ERR15003787/885G_S46_R2_001.fastq.gz	ftp.sra.ebi.ac.uk/vol1/run/ERR150/ERR15003787/885G_S46_R1_001.fastq.gz;ftp.sra.ebi.ac.uk/vol1/run/ERR150/ERR15003787/885G_S46_R2_001.fastq.gz	FASTQ;FASTQ	885G		885G		2025-05-20	ftp.sra.ebi.ac.uk/vol1/err/ERR150/087/ERR15003787/ERR15003787.bam	1830032658	3a979492665e941ee96368fdc09e0e36	GENERATED_FILE;GENERATED_FILE	SUBMISSION_FILE;SUBMISSION_FILE	ARCHIVAL_FILE
ERR15003788	PRJEB79944	ERP164023	SAMEA118335990	ERS24550671	ERX14407757	ERA33133718	408170	human gut metagenome	ILLUMINA	Illumina NovaSeq 6000	NA		PAIRED	WGS	METAGENOMIC	RANDOM	43793960	6479936409	Centre of Host Microbiome Interaction	2025-05-21	2025-05-21	Illumina NovaSeq 6000 sequencing	Gut and oral microbiomes to investigate the oral-gut-brain axis on the pathophysiology of Parkinson's Disease patients	53e7d904-96a7-4098-8eea-909c4f82549a	ena-EXPERIMENT-TAB-20-05-2025-23:07:32:032-203239	ena-RUN-TAB-20-05-2025-23:07:32:032-203240	1692540644;1677033734	e2f297046f314af2f056765c2a2572e9;07572772bdd31604cd02c96fbc1f92ca	ftp.sra.ebi.ac.uk/vol1/fastq/ERR150/088/ERR15003788/ERR15003788_1.fastq.gz;ftp.sra.ebi.ac.uk/vol1/fastq/ERR150/088/ERR15003788/ERR15003788_2.fastq.gz	fasp.sra.ebi.ac.uk:/vol1/fastq/ERR150/088/ERR15003788/ERR15003788_1.fastq.gz;fasp.sra.ebi.ac.uk:/vol1/fastq/ERR150/088/ERR15003788/ERR15003788_2.fastq.gz	ftp.sra.ebi.ac.uk/vol1/fastq/ERR150/088/ERR15003788/ERR15003788_1.fastq.gz;ftp.sra.ebi.ac.uk/vol1/fastq/ERR150/088/ERR15003788/ERR15003788_2.fastq.gz	1870566850;1852964084	1f1ba3aed66ffdf49a4c5878edc1f224;b2bbcd28d4795f53d731b3a1a520d5b3	ftp.sra.ebi.ac.uk/vol1/run/ERR150/ERR15003788/894G_S48_R1_001.fastq.gz;ftp.sra.ebi.ac.uk/vol1/run/ERR150/ERR15003788/894G_S48_R2_001.fastq.gz	fasp.sra.ebi.ac.uk:/vol1/run/ERR150/ERR15003788/894G_S48_R1_001.fastq.gz;fasp.sra.ebi.ac.uk:/vol1/run/ERR150/ERR15003788/894G_S48_R2_001.fastq.gz	ftp.sra.ebi.ac.uk/vol1/run/ERR150/ERR15003788/894G_S48_R1_001.fastq.gz;ftp.sra.ebi.ac.uk/vol1/run/ERR150/ERR15003788/894G_S48_R2_001.fastq.gz	FASTQ;FASTQ	894G		894G		2025-05-20	ftp.sra.ebi.ac.uk/vol1/err/ERR150/088/ERR15003788/ERR15003788.bam	3241465259	519eb0d98d0bfb10a6cf697fa266b662	GENERATED_FILE;GENERATED_FILE	SUBMISSION_FILE;SUBMISSION_FILE	ARCHIVAL_FILE
ERR15003790	PRJEB79944	ERP164023	SAMEA118335992	ERS24550673	ERX14407759	ERA33133718	408170	human gut metagenome	ILLUMINA	Illumina NovaSeq 6000	NA		PAIRED	WGS	METAGENOMIC	RANDOM	22679610	3311264018	Centre of Host Microbiome Interaction	2025-05-21	2025-05-21	Illumina NovaSeq 6000 sequencing	Gut and oral microbiomes to investigate the oral-gut-brain axis on the pathophysiology of Parkinson's Disease patients	53e7d904-96a7-4098-8eea-909c4f82549a	ena-EXPERIMENT-TAB-20-05-2025-23:07:32:033-203243	ena-RUN-TAB-20-05-2025-23:07:32:033-203244	822238055;849528364	51dd11fbb0ef2494e75caebcd449216e;43e6a24dc7e3bb7d909d319bb940d228	ftp.sra.ebi.ac.uk/vol1/fastq/ERR150/090/ERR15003790/ERR15003790_1.fastq.gz;ftp.sra.ebi.ac.uk/vol1/fastq/ERR150/090/ERR15003790/ERR15003790_2.fastq.gz	fasp.sra.ebi.ac.uk:/vol1/fastq/ERR150/090/ERR15003790/ERR15003790_1.fastq.gz;fasp.sra.ebi.ac.uk:/vol1/fastq/ERR150/090/ERR15003790/ERR15003790_2.fastq.gz	ftp.sra.ebi.ac.uk/vol1/fastq/ERR150/090/ERR15003790/ERR15003790_1.fastq.gz;ftp.sra.ebi.ac.uk/vol1/fastq/ERR150/090/ERR15003790/ERR15003790_2.fastq.gz	910483573;944425629	56a5b88cbc6480736f7c4c7b14b8993e;5cf485e2fbd7b3825a08ebae4c66c574	ftp.sra.ebi.ac.uk/vol1/run/ERR150/ERR15003790/721G_S140_R1_001.fastq.gz;ftp.sra.ebi.ac.uk/vol1/run/ERR150/ERR15003790/721G_S140_R2_001.fastq.gz	fasp.sra.ebi.ac.uk:/vol1/run/ERR150/ERR15003790/721G_S140_R1_001.fastq.gz;fasp.sra.ebi.ac.uk:/vol1/run/ERR150/ERR15003790/721G_S140_R2_001.fastq.gz	ftp.sra.ebi.ac.uk/vol1/run/ERR150/ERR15003790/721G_S140_R1_001.fastq.gz;ftp.sra.ebi.ac.uk/vol1/run/ERR150/ERR15003790/721G_S140_R2_001.fastq.gz	FASTQ;FASTQ	721G		721G		2025-05-20	ftp.sra.ebi.ac.uk/vol1/err/ERR150/090/ERR15003790/ERR15003790.bam	1609094925	467b0a378edf1ff5565fbd4539b151e7	GENERATED_FILE;GENERATED_FILE	SUBMISSION_FILE;SUBMISSION_FILE	ARCHIVAL_FILE
ERR15003791	PRJEB79944	ERP164023	SAMEA118335993	ERS24550674	ERX14407760	ERA33133718	408170	human gut metagenome	ILLUMINA	Illumina NovaSeq 6000	NA		PAIRED	WGS	METAGENOMIC	RANDOM	43570354	6376561212	Centre of Host Microbiome Interaction	2025-05-21	2025-05-21	Illumina NovaSeq 6000 sequencing	Gut and oral microbiomes to investigate the oral-gut-brain axis on the pathophysiology of Parkinson's Disease patients	53e7d904-96a7-4098-8eea-909c4f82549a	ena-EXPERIMENT-TAB-20-05-2025-23:07:32:033-203245	ena-RUN-TAB-20-05-2025-23:07:32:033-203246	1637058200;1715432997	8a9c496c2b1afb8073335d06dd31cc79;06eec0577d8778722d0a113a66e81cf3	ftp.sra.ebi.ac.uk/vol1/fastq/ERR150/091/ERR15003791/ERR15003791_1.fastq.gz;ftp.sra.ebi.ac.uk/vol1/fastq/ERR150/091/ERR15003791/ERR15003791_2.fastq.gz	fasp.sra.ebi.ac.uk:/vol1/fastq/ERR150/091/ERR15003791/ERR15003791_1.fastq.gz;fasp.sra.ebi.ac.uk:/vol1/fastq/ERR150/091/ERR15003791/ERR15003791_2.fastq.gz	ftp.sra.ebi.ac.uk/vol1/fastq/ERR150/091/ERR15003791/ERR15003791_1.fastq.gz;ftp.sra.ebi.ac.uk/vol1/fastq/ERR150/091/ERR15003791/ERR15003791_2.fastq.gz	1831952119;1922857318	12f286d3018d0a3ada21ae030476a3b1;df7490d6f1ef427f2935ab3dbf19491a	ftp.sra.ebi.ac.uk/vol1/run/ERR150/ERR15003791/785G_R1_001.fastq.gz;ftp.sra.ebi.ac.uk/vol1/run/ERR150/ERR15003791/785G_R2_001.fastq.gz	fasp.sra.ebi.ac.uk:/vol1/run/ERR150/ERR15003791/785G_R1_001.fastq.gz;fasp.sra.ebi.ac.uk:/vol1/run/ERR150/ERR15003791/785G_R2_001.fastq.gz	ftp.sra.ebi.ac.uk/vol1/run/ERR150/ERR15003791/785G_R1_001.fastq.gz;ftp.sra.ebi.ac.uk/vol1/run/ERR150/ERR15003791/785G_R2_001.fastq.gz	FASTQ;FASTQ	785G		785G		2025-05-20	ftp.sra.ebi.ac.uk/vol1/err/ERR150/091/ERR15003791/ERR15003791.bam	3241546508	e689094cadf87c15561ec68a9f95a1a4	GENERATED_FILE;GENERATED_FILE	SUBMISSION_FILE;SUBMISSION_FILE	ARCHIVAL_FILE
ERR15003720	PRJEB79944	ERP164023	SAMEA118335922	ERS24550603	ERX14407689	ERA33133718	408170	human gut metagenome	ILLUMINA	Illumina NovaSeq 6000	NA		PAIRED	WGS	METAGENOMIC	RANDOM	34266734	4920293039	Centre of Host Microbiome Interaction	2025-05-21	2025-05-21	Illumina NovaSeq 6000 sequencing	Gut and oral microbiomes to investigate the oral-gut-brain axis on the pathophysiology of Parkinson's Disease patients	53e7d904-96a7-4098-8eea-909c4f82549a	ena-EXPERIMENT-TAB-20-05-2025-23:07:32:007-203103	ena-RUN-TAB-20-05-2025-23:07:32:008-203104	1268480553;1294574194	0d0b47a9dcbc8c4c3cbb10cf477a27b8;ab7d76bb970e53fb16127617b6ebb16c	ftp.sra.ebi.ac.uk/vol1/fastq/ERR150/020/ERR15003720/ERR15003720_1.fastq.gz;ftp.sra.ebi.ac.uk/vol1/fastq/ERR150/020/ERR15003720/ERR15003720_2.fastq.gz	fasp.sra.ebi.ac.uk:/vol1/fastq/ERR150/020/ERR15003720/ERR15003720_1.fastq.gz;fasp.sra.ebi.ac.uk:/vol1/fastq/ERR150/020/ERR15003720/ERR15003720_2.fastq.gz	ftp.sra.ebi.ac.uk/vol1/fastq/ERR150/020/ERR15003720/ERR15003720_1.fastq.gz;ftp.sra.ebi.ac.uk/vol1/fastq/ERR150/020/ERR15003720/ERR15003720_2.fastq.gz	1416312618;1447164493	f80a7b4d6f8ade28d0ea127e897bd172;40d76e0b2ec0bebf6aa2d17b400d6d68	ftp.sra.ebi.ac.uk/vol1/run/ERR150/ERR15003720/738G_R1_001.fastq.gz;ftp.sra.ebi.ac.uk/vol1/run/ERR150/ERR15003720/738G_R2_001.fastq.gz	fasp.sra.ebi.ac.uk:/vol1/run/ERR150/ERR15003720/738G_R1_001.fastq.gz;fasp.sra.ebi.ac.uk:/vol1/run/ERR150/ERR15003720/738G_R2_001.fastq.gz	ftp.sra.ebi.ac.uk/vol1/run/ERR150/ERR15003720/738G_R1_001.fastq.gz;ftp.sra.ebi.ac.uk/vol1/run/ERR150/ERR15003720/738G_R2_001.fastq.gz	FASTQ;FASTQ	738G		738G		2025-05-20	ftp.sra.ebi.ac.uk/vol1/err/ERR150/020/ERR15003720/ERR15003720.bam	2480860074	4561d7a48c258e48a5744c24399b5df2	GENERATED_FILE;GENERATED_FILE	SUBMISSION_FILE;SUBMISSION_FILE	ARCHIVAL_FILE
ERR15003728	PRJEB79944	ERP164023	SAMEA118335930	ERS24550611	ERX14407697	ERA33133718	408170	human gut metagenome	ILLUMINA	Illumina NovaSeq 6000	NA		PAIRED	WGS	METAGENOMIC	RANDOM	80347112	11745235908	Centre of Host Microbiome Interaction	2025-05-21	2025-05-21	Illumina NovaSeq 6000 sequencing	Gut and oral microbiomes to investigate the oral-gut-brain axis on the pathophysiology of Parkinson's Disease patients	53e7d904-96a7-4098-8eea-909c4f82549a	ena-EXPERIMENT-TAB-20-05-2025-23:07:32:011-203119	ena-RUN-TAB-20-05-2025-23:07:32:011-203120	3014638965;3102060665	0ee578c14b300b4eb9e738301fa38bfb;ef1977ba85108d4b855eeddd7f9502a4	ftp.sra.ebi.ac.uk/vol1/fastq/ERR150/028/ERR15003728/ERR15003728_1.fastq.gz;ftp.sra.ebi.ac.uk/vol1/fastq/ERR150/028/ERR15003728/ERR15003728_2.fastq.gz	fasp.sra.ebi.ac.uk:/vol1/fastq/ERR150/028/ERR15003728/ERR15003728_1.fastq.gz;fasp.sra.ebi.ac.uk:/vol1/fastq/ERR150/028/ERR15003728/ERR15003728_2.fastq.gz	ftp.sra.ebi.ac.uk/vol1/fastq/ERR150/028/ERR15003728/ERR15003728_1.fastq.gz;ftp.sra.ebi.ac.uk/vol1/fastq/ERR150/028/ERR15003728/ERR15003728_2.fastq.gz	3328942724;3435785015	8b08633ff3058d616f9cb002ff231e1c;179af32ebd250704ac45945355ff92fc	ftp.sra.ebi.ac.uk/vol1/run/ERR150/ERR15003728/303G_R1_001.fastq.gz;ftp.sra.ebi.ac.uk/vol1/run/ERR150/ERR15003728/303G_R2_001.fastq.gz	fasp.sra.ebi.ac.uk:/vol1/run/ERR150/ERR15003728/303G_R1_001.fastq.gz;fasp.sra.ebi.ac.uk:/vol1/run/ERR150/ERR15003728/303G_R2_001.fastq.gz	ftp.sra.ebi.ac.uk/vol1/run/ERR150/ERR15003728/303G_R1_001.fastq.gz;ftp.sra.ebi.ac.uk/vol1/run/ERR150/ERR15003728/303G_R2_001.fastq.gz	FASTQ;FASTQ	303G		303G		2025-05-20	ftp.sra.ebi.ac.uk/vol1/err/ERR150/028/ERR15003728/ERR15003728.bam	5877695448	034ecc7f81d72517612b7f56279e1603	GENERATED_FILE;GENERATED_FILE	SUBMISSION_FILE;SUBMISSION_FILE	ARCHIVAL_FILE
ERR15003733	PRJEB79944	ERP164023	SAMEA118335935	ERS24550616	ERX14407702	ERA33133718	408170	human gut metagenome	ILLUMINA	Illumina NovaSeq 6000	NA		PAIRED	WGS	METAGENOMIC	RANDOM	31094996	4607587666	Centre of Host Microbiome Interaction	2025-05-21	2025-05-21	Illumina NovaSeq 6000 sequencing	Gut and oral microbiomes to investigate the oral-gut-brain axis on the pathophysiology of Parkinson's Disease patients	53e7d904-96a7-4098-8eea-909c4f82549a	ena-EXPERIMENT-TAB-20-05-2025-23:07:32:013-203129	ena-RUN-TAB-20-05-2025-23:07:32:013-203130	1146480954;1205710730	612a10a2c2342cf08a557caab4232693;bc8ce95883fa1119474293a5020d7961	ftp.sra.ebi.ac.uk/vol1/fastq/ERR150/033/ERR15003733/ERR15003733_1.fastq.gz;ftp.sra.ebi.ac.uk/vol1/fastq/ERR150/033/ERR15003733/ERR15003733_2.fastq.gz	fasp.sra.ebi.ac.uk:/vol1/fastq/ERR150/033/ERR15003733/ERR15003733_1.fastq.gz;fasp.sra.ebi.ac.uk:/vol1/fastq/ERR150/033/ERR15003733/ERR15003733_2.fastq.gz	ftp.sra.ebi.ac.uk/vol1/fastq/ERR150/033/ERR15003733/ERR15003733_1.fastq.gz;ftp.sra.ebi.ac.uk/vol1/fastq/ERR150/033/ERR15003733/ERR15003733_2.fastq.gz	1266264145;1339432178	077a9debc78b3cb0c685a21f2c3e66cd;14afbe4d98e557a45fa02e859bc78815	ftp.sra.ebi.ac.uk/vol1/run/ERR150/ERR15003733/906G_S51_R1_001.fastq.gz;ftp.sra.ebi.ac.uk/vol1/run/ERR150/ERR15003733/906G_S51_R2_001.fastq.gz	fasp.sra.ebi.ac.uk:/vol1/run/ERR150/ERR15003733/906G_S51_R1_001.fastq.gz;fasp.sra.ebi.ac.uk:/vol1/run/ERR150/ERR15003733/906G_S51_R2_001.fastq.gz	ftp.sra.ebi.ac.uk/vol1/run/ERR150/ERR15003733/906G_S51_R1_001.fastq.gz;ftp.sra.ebi.ac.uk/vol1/run/ERR150/ERR15003733/906G_S51_R2_001.fastq.gz	FASTQ;FASTQ	906G		906G		2025-05-20	ftp.sra.ebi.ac.uk/vol1/err/ERR150/033/ERR15003733/ERR15003733.bam	2258842290	1b27b2f4cfb0c0bdf72ac633c2caa7fd	GENERATED_FILE;GENERATED_FILE	SUBMISSION_FILE;SUBMISSION_FILE	ARCHIVAL_FILE
ERR15003736	PRJEB79944	ERP164023	SAMEA118335938	ERS24550619	ERX14407705	ERA33133718	408170	human gut metagenome	ILLUMINA	Illumina NovaSeq 6000	NA		PAIRED	WGS	METAGENOMIC	RANDOM	34981942	5079012914	Centre of Host Microbiome Interaction	2025-05-21	2025-05-21	Illumina NovaSeq 6000 sequencing	Gut and oral microbiomes to investigate the oral-gut-brain axis on the pathophysiology of Parkinson's Disease patients	53e7d904-96a7-4098-8eea-909c4f82549a	ena-EXPERIMENT-TAB-20-05-2025-23:07:32:014-203135	ena-RUN-TAB-20-05-2025-23:07:32:014-203136	1276731316;1363502553	7deb0e857dd0abaf61eb0655455249d4;e763975bbcfbc90e74d33590a939a2d3	ftp.sra.ebi.ac.uk/vol1/fastq/ERR150/036/ERR15003736/ERR15003736_1.fastq.gz;ftp.sra.ebi.ac.uk/vol1/fastq/ERR150/036/ERR15003736/ERR15003736_2.fastq.gz	fasp.sra.ebi.ac.uk:/vol1/fastq/ERR150/036/ERR15003736/ERR15003736_1.fastq.gz;fasp.sra.ebi.ac.uk:/vol1/fastq/ERR150/036/ERR15003736/ERR15003736_2.fastq.gz	ftp.sra.ebi.ac.uk/vol1/fastq/ERR150/036/ERR15003736/ERR15003736_1.fastq.gz;ftp.sra.ebi.ac.uk/vol1/fastq/ERR150/036/ERR15003736/ERR15003736_2.fastq.gz	1434082616;1535256397	85b59537aa71f254ca4bff13f84d1199;ecc92cb5a7e1c3bd21ba941f6a4acc3d	ftp.sra.ebi.ac.uk/vol1/run/ERR150/ERR15003736/923G_R1_001.fastq.gz;ftp.sra.ebi.ac.uk/vol1/run/ERR150/ERR15003736/923G_R2_001.fastq.gz	fasp.sra.ebi.ac.uk:/vol1/run/ERR150/ERR15003736/923G_R1_001.fastq.gz;fasp.sra.ebi.ac.uk:/vol1/run/ERR150/ERR15003736/923G_R2_001.fastq.gz	ftp.sra.ebi.ac.uk/vol1/run/ERR150/ERR15003736/923G_R1_001.fastq.gz;ftp.sra.ebi.ac.uk/vol1/run/ERR150/ERR15003736/923G_R2_001.fastq.gz	FASTQ;FASTQ	923G		923G		2025-05-20	ftp.sra.ebi.ac.uk/vol1/err/ERR150/036/ERR15003736/ERR15003736.bam	2556345282	73b6f69027244d8b6c238b5a966cda0a	GENERATED_FILE;GENERATED_FILE	SUBMISSION_FILE;SUBMISSION_FILE	ARCHIVAL_FILE
ERR15003804	PRJEB79944	ERP164023	SAMEA118336006	ERS24550687	ERX14407773	ERA33133718	408170	human gut metagenome	ILLUMINA	Illumina NovaSeq 6000	NA		PAIRED	WGS	METAGENOMIC	RANDOM	29453518	4372516297	Centre of Host Microbiome Interaction	2025-05-21	2025-05-21	Illumina NovaSeq 6000 sequencing	Gut and oral microbiomes to investigate the oral-gut-brain axis on the pathophysiology of Parkinson's Disease patients	53e7d904-96a7-4098-8eea-909c4f82549a	ena-EXPERIMENT-TAB-20-05-2025-23:07:32:038-203271	ena-RUN-TAB-20-05-2025-23:07:32:038-203272	1093696641;1178965886	29f72bdff0fcb094590ce223b5efd7f1;b1f95b21f12658c4b72926c14e0be494	ftp.sra.ebi.ac.uk/vol1/fastq/ERR150/004/ERR15003804/ERR15003804_1.fastq.gz;ftp.sra.ebi.ac.uk/vol1/fastq/ERR150/004/ERR15003804/ERR15003804_2.fastq.gz	fasp.sra.ebi.ac.uk:/vol1/fastq/ERR150/004/ERR15003804/ERR15003804_1.fastq.gz;fasp.sra.ebi.ac.uk:/vol1/fastq/ERR150/004/ERR15003804/ERR15003804_2.fastq.gz	ftp.sra.ebi.ac.uk/vol1/fastq/ERR150/004/ERR15003804/ERR15003804_1.fastq.gz;ftp.sra.ebi.ac.uk/vol1/fastq/ERR150/004/ERR15003804/ERR15003804_2.fastq.gz	1221954109;1321689018	bf696a7dcdd72932b479d08829991422;3433364879535234b94ce1622f4be26d	ftp.sra.ebi.ac.uk/vol1/run/ERR150/ERR15003804/773G_S44_R1_001.fastq.gz;ftp.sra.ebi.ac.uk/vol1/run/ERR150/ERR15003804/773G_S44_R2_001.fastq.gz	fasp.sra.ebi.ac.uk:/vol1/run/ERR150/ERR15003804/773G_S44_R1_001.fastq.gz;fasp.sra.ebi.ac.uk:/vol1/run/ERR150/ERR15003804/773G_S44_R2_001.fastq.gz	ftp.sra.ebi.ac.uk/vol1/run/ERR150/ERR15003804/773G_S44_R1_001.fastq.gz;ftp.sra.ebi.ac.uk/vol1/run/ERR150/ERR15003804/773G_S44_R2_001.fastq.gz	FASTQ;FASTQ	773G		773G		2025-05-20	ftp.sra.ebi.ac.uk/vol1/err/ERR150/004/ERR15003804/ERR15003804.bam	2190534336	b49a885fffa0f5d29b8b3c217f99452f	GENERATED_FILE;GENERATED_FILE	SUBMISSION_FILE;SUBMISSION_FILE	ARCHIVAL_FILE
ERR15003742	PRJEB79944	ERP164023	SAMEA118335944	ERS24550625	ERX14407711	ERA33133718	408170	human gut metagenome	ILLUMINA	Illumina NovaSeq 6000	NA		PAIRED	WGS	METAGENOMIC	RANDOM	27437900	3864942304	Centre of Host Microbiome Interaction	2025-05-21	2025-05-21	Illumina NovaSeq 6000 sequencing	Gut and oral microbiomes to investigate the oral-gut-brain axis on the pathophysiology of Parkinson's Disease patients	53e7d904-96a7-4098-8eea-909c4f82549a	ena-EXPERIMENT-TAB-20-05-2025-23:07:32:016-203147	ena-RUN-TAB-20-05-2025-23:07:32:016-203148	1000125258;986481354	62a393e903399608932fa4d1732a5344;bf14fe1e5b9a555545a4b8d1fc2055ee	ftp.sra.ebi.ac.uk/vol1/fastq/ERR150/042/ERR15003742/ERR15003742_1.fastq.gz;ftp.sra.ebi.ac.uk/vol1/fastq/ERR150/042/ERR15003742/ERR15003742_2.fastq.gz	fasp.sra.ebi.ac.uk:/vol1/fastq/ERR150/042/ERR15003742/ERR15003742_1.fastq.gz;fasp.sra.ebi.ac.uk:/vol1/fastq/ERR150/042/ERR15003742/ERR15003742_2.fastq.gz	ftp.sra.ebi.ac.uk/vol1/fastq/ERR150/042/ERR15003742/ERR15003742_1.fastq.gz;ftp.sra.ebi.ac.uk/vol1/fastq/ERR150/042/ERR15003742/ERR15003742_2.fastq.gz	1098231589;1080612118	4028d3505989016ba825f1aa54c99d4f;9b5b09c474e2b63a9cf4b2000592fdab	ftp.sra.ebi.ac.uk/vol1/run/ERR150/ERR15003742/329G_S84_L002_R1_001.fastq.gz;ftp.sra.ebi.ac.uk/vol1/run/ERR150/ERR15003742/329G_S84_L002_R2_001.fastq.gz	fasp.sra.ebi.ac.uk:/vol1/run/ERR150/ERR15003742/329G_S84_L002_R1_001.fastq.gz;fasp.sra.ebi.ac.uk:/vol1/run/ERR150/ERR15003742/329G_S84_L002_R2_001.fastq.gz	ftp.sra.ebi.ac.uk/vol1/run/ERR150/ERR15003742/329G_S84_L002_R1_001.fastq.gz;ftp.sra.ebi.ac.uk/vol1/run/ERR150/ERR15003742/329G_S84_L002_R2_001.fastq.gz	FASTQ;FASTQ	329G		329G		2025-05-20	ftp.sra.ebi.ac.uk/vol1/err/ERR150/042/ERR15003742/ERR15003742.bam	1895217240	82d698706f7951faf293cdf0bb1bb5b0	GENERATED_FILE;GENERATED_FILE	SUBMISSION_FILE;SUBMISSION_FILE	ARCHIVAL_FILE
ERR15003746	PRJEB79944	ERP164023	SAMEA118335948	ERS24550629	ERX14407715	ERA33133718	408170	human gut metagenome	ILLUMINA	Illumina NovaSeq 6000	NA		PAIRED	WGS	METAGENOMIC	RANDOM	29694506	4320384995	Centre of Host Microbiome Interaction	2025-05-21	2025-05-21	Illumina NovaSeq 6000 sequencing	Gut and oral microbiomes to investigate the oral-gut-brain axis on the pathophysiology of Parkinson's Disease patients	53e7d904-96a7-4098-8eea-909c4f82549a	ena-EXPERIMENT-TAB-20-05-2025-23:07:32:017-203155	ena-RUN-TAB-20-05-2025-23:07:32:018-203156	1104470143;1135638127	1913b8aaa73396308f0f2886902e92fb;78495d41df691bba11399b113b6a20f2	ftp.sra.ebi.ac.uk/vol1/fastq/ERR150/046/ERR15003746/ERR15003746_1.fastq.gz;ftp.sra.ebi.ac.uk/vol1/fastq/ERR150/046/ERR15003746/ERR15003746_2.fastq.gz	fasp.sra.ebi.ac.uk:/vol1/fastq/ERR150/046/ERR15003746/ERR15003746_1.fastq.gz;fasp.sra.ebi.ac.uk:/vol1/fastq/ERR150/046/ERR15003746/ERR15003746_2.fastq.gz	ftp.sra.ebi.ac.uk/vol1/fastq/ERR150/046/ERR15003746/ERR15003746_1.fastq.gz;ftp.sra.ebi.ac.uk/vol1/fastq/ERR150/046/ERR15003746/ERR15003746_2.fastq.gz	1231567318;1268138628	2bbb8e02810433287b287c6d16ec8f86;d58309168c3d56c26239a4d3f0717866	ftp.sra.ebi.ac.uk/vol1/run/ERR150/ERR15003746/727G_S74_R1_001.fastq.gz;ftp.sra.ebi.ac.uk/vol1/run/ERR150/ERR15003746/727G_S74_R2_001.fastq.gz	fasp.sra.ebi.ac.uk:/vol1/run/ERR150/ERR15003746/727G_S74_R1_001.fastq.gz;fasp.sra.ebi.ac.uk:/vol1/run/ERR150/ERR15003746/727G_S74_R2_001.fastq.gz	ftp.sra.ebi.ac.uk/vol1/run/ERR150/ERR15003746/727G_S74_R1_001.fastq.gz;ftp.sra.ebi.ac.uk/vol1/run/ERR150/ERR15003746/727G_S74_R2_001.fastq.gz	FASTQ;FASTQ	727G		727G		2025-05-20	ftp.sra.ebi.ac.uk/vol1/err/ERR150/046/ERR15003746/ERR15003746.bam	2166733882	63cf5af47b17910d57afef7eea36c28d	GENERATED_FILE;GENERATED_FILE	SUBMISSION_FILE;SUBMISSION_FILE	ARCHIVAL_FILE
ERR15003747	PRJEB79944	ERP164023	SAMEA118335949	ERS24550630	ERX14407716	ERA33133718	408170	human gut metagenome	ILLUMINA	Illumina NovaSeq 6000	NA		PAIRED	WGS	METAGENOMIC	RANDOM	17670398	2475941276	Centre of Host Microbiome Interaction	2025-05-21	2025-05-21	Illumina NovaSeq 6000 sequencing	Gut and oral microbiomes to investigate the oral-gut-brain axis on the pathophysiology of Parkinson's Disease patients	53e7d904-96a7-4098-8eea-909c4f82549a	ena-EXPERIMENT-TAB-20-05-2025-23:07:32:018-203157	ena-RUN-TAB-20-05-2025-23:07:32:018-203158	644077436;634801225	2224db68b3f2956ba2fc16579e06f811;efdacad7ec02a4619c2eeb2b29cb4522	ftp.sra.ebi.ac.uk/vol1/fastq/ERR150/047/ERR15003747/ERR15003747_1.fastq.gz;ftp.sra.ebi.ac.uk/vol1/fastq/ERR150/047/ERR15003747/ERR15003747_2.fastq.gz	fasp.sra.ebi.ac.uk:/vol1/fastq/ERR150/047/ERR15003747/ERR15003747_1.fastq.gz;fasp.sra.ebi.ac.uk:/vol1/fastq/ERR150/047/ERR15003747/ERR15003747_2.fastq.gz	ftp.sra.ebi.ac.uk/vol1/fastq/ERR150/047/ERR15003747/ERR15003747_1.fastq.gz;ftp.sra.ebi.ac.uk/vol1/fastq/ERR150/047/ERR15003747/ERR15003747_2.fastq.gz	722151715;710293848	2fd9e525db56fcafc360360aff3be6a1;9d3fe3e4bc98f771cdf3f1b424bbbe54	ftp.sra.ebi.ac.uk/vol1/run/ERR150/ERR15003747/330G_S85_L002_R1_001.fastq.gz;ftp.sra.ebi.ac.uk/vol1/run/ERR150/ERR15003747/330G_S85_L002_R2_001.fastq.gz	fasp.sra.ebi.ac.uk:/vol1/run/ERR150/ERR15003747/330G_S85_L002_R1_001.fastq.gz;fasp.sra.ebi.ac.uk:/vol1/run/ERR150/ERR15003747/330G_S85_L002_R2_001.fastq.gz	ftp.sra.ebi.ac.uk/vol1/run/ERR150/ERR15003747/330G_S85_L002_R1_001.fastq.gz;ftp.sra.ebi.ac.uk/vol1/run/ERR150/ERR15003747/330G_S85_L002_R2_001.fastq.gz	FASTQ;FASTQ	330G		330G		2025-05-20	ftp.sra.ebi.ac.uk/vol1/err/ERR150/047/ERR15003747/ERR15003747.bam	1220756090	a2bc71fb9b59ec930dafbd7771c5feb8	GENERATED_FILE;GENERATED_FILE	SUBMISSION_FILE;SUBMISSION_FILE	ARCHIVAL_FILE
ERR15003808	PRJEB79944	ERP164023	SAMEA118336010	ERS24550691	ERX14407777	ERA33133718	408170	human gut metagenome	ILLUMINA	Illumina NovaSeq 6000	NA		PAIRED	WGS	METAGENOMIC	RANDOM	45012822	6545639878	Centre of Host Microbiome Interaction	2025-05-21	2025-05-21	Illumina NovaSeq 6000 sequencing	Gut and oral microbiomes to investigate the oral-gut-brain axis on the pathophysiology of Parkinson's Disease patients	53e7d904-96a7-4098-8eea-909c4f82549a	ena-EXPERIMENT-TAB-20-05-2025-23:07:32:039-203279	ena-RUN-TAB-20-05-2025-23:07:32:039-203280	1640347817;1735302690	5e22bcb078dfe78169adfa5c6ad0f938;ced4b51ace67a0f19a9130f9ea8f24fd	ftp.sra.ebi.ac.uk/vol1/fastq/ERR150/008/ERR15003808/ERR15003808_1.fastq.gz;ftp.sra.ebi.ac.uk/vol1/fastq/ERR150/008/ERR15003808/ERR15003808_2.fastq.gz	fasp.sra.ebi.ac.uk:/vol1/fastq/ERR150/008/ERR15003808/ERR15003808_1.fastq.gz;fasp.sra.ebi.ac.uk:/vol1/fastq/ERR150/008/ERR15003808/ERR15003808_2.fastq.gz	ftp.sra.ebi.ac.uk/vol1/fastq/ERR150/008/ERR15003808/ERR15003808_1.fastq.gz;ftp.sra.ebi.ac.uk/vol1/fastq/ERR150/008/ERR15003808/ERR15003808_2.fastq.gz	1815028887;1926638235	5512beb074cbdf0ea985288c727ed474;ec7b08f05742271fa24d14091e4f158d	ftp.sra.ebi.ac.uk/vol1/run/ERR150/ERR15003808/737G_S7_R1_001.fastq.gz;ftp.sra.ebi.ac.uk/vol1/run/ERR150/ERR15003808/737G_S7_R2_001.fastq.gz	fasp.sra.ebi.ac.uk:/vol1/run/ERR150/ERR15003808/737G_S7_R1_001.fastq.gz;fasp.sra.ebi.ac.uk:/vol1/run/ERR150/ERR15003808/737G_S7_R2_001.fastq.gz	ftp.sra.ebi.ac.uk/vol1/run/ERR150/ERR15003808/737G_S7_R1_001.fastq.gz;ftp.sra.ebi.ac.uk/vol1/run/ERR150/ERR15003808/737G_S7_R2_001.fastq.gz	FASTQ;FASTQ	737G		737G		2025-05-20	ftp.sra.ebi.ac.uk/vol1/err/ERR150/008/ERR15003808/ERR15003808.bam	3282618044	ad6e37da1016c59df59ce30056b4323f	GENERATED_FILE;GENERATED_FILE	SUBMISSION_FILE;SUBMISSION_FILE	ARCHIVAL_FILE
ERR15003810	PRJEB79944	ERP164023	SAMEA118336012	ERS24550693	ERX14407779	ERA33133718	408170	human gut metagenome	ILLUMINA	Illumina NovaSeq 6000	NA		PAIRED	WGS	METAGENOMIC	RANDOM	48802118	7203155197	Centre of Host Microbiome Interaction	2025-05-21	2025-05-21	Illumina NovaSeq 6000 sequencing	Gut and oral microbiomes to investigate the oral-gut-brain axis on the pathophysiology of Parkinson's Disease patients	53e7d904-96a7-4098-8eea-909c4f82549a	ena-EXPERIMENT-TAB-20-05-2025-23:07:32:040-203283	ena-RUN-TAB-20-05-2025-23:07:32:040-203284	1804801166;1917614566	1a298a1427eafe0bf23e530c055a2a11;1d1fe5f14fd9fb35537defd9a16fb5ff	ftp.sra.ebi.ac.uk/vol1/fastq/ERR150/010/ERR15003810/ERR15003810_1.fastq.gz;ftp.sra.ebi.ac.uk/vol1/fastq/ERR150/010/ERR15003810/ERR15003810_2.fastq.gz	fasp.sra.ebi.ac.uk:/vol1/fastq/ERR150/010/ERR15003810/ERR15003810_1.fastq.gz;fasp.sra.ebi.ac.uk:/vol1/fastq/ERR150/010/ERR15003810/ERR15003810_2.fastq.gz	ftp.sra.ebi.ac.uk/vol1/fastq/ERR150/010/ERR15003810/ERR15003810_1.fastq.gz;ftp.sra.ebi.ac.uk/vol1/fastq/ERR150/010/ERR15003810/ERR15003810_2.fastq.gz	1990923880;2122257617	742a62a890a8002aff257766343cd5dd;42fadd4ac8cfa81c35092423e64b1329	ftp.sra.ebi.ac.uk/vol1/run/ERR150/ERR15003810/842G_S50_R1_001.fastq.gz;ftp.sra.ebi.ac.uk/vol1/run/ERR150/ERR15003810/842G_S50_R2_001.fastq.gz	fasp.sra.ebi.ac.uk:/vol1/run/ERR150/ERR15003810/842G_S50_R1_001.fastq.gz;fasp.sra.ebi.ac.uk:/vol1/run/ERR150/ERR15003810/842G_S50_R2_001.fastq.gz	ftp.sra.ebi.ac.uk/vol1/run/ERR150/ERR15003810/842G_S50_R1_001.fastq.gz;ftp.sra.ebi.ac.uk/vol1/run/ERR150/ERR15003810/842G_S50_R2_001.fastq.gz	FASTQ;FASTQ	842G		842G		2025-05-20	ftp.sra.ebi.ac.uk/vol1/err/ERR150/010/ERR15003810/ERR15003810.bam	3590026042	e288ee308e6b3b78edeb6f2a2a181aa8	GENERATED_FILE;GENERATED_FILE	SUBMISSION_FILE;SUBMISSION_FILE	ARCHIVAL_FILE
ERR15003750	PRJEB79944	ERP164023	SAMEA118335952	ERS24550633	ERX14407719	ERA33133718	408170	human gut metagenome	ILLUMINA	Illumina NovaSeq 6000	NA		PAIRED	WGS	METAGENOMIC	RANDOM	109593782	15376037596	Centre of Host Microbiome Interaction	2025-05-21	2025-05-21	Illumina NovaSeq 6000 sequencing	Gut and oral microbiomes to investigate the oral-gut-brain axis on the pathophysiology of Parkinson's Disease patients	53e7d904-96a7-4098-8eea-909c4f82549a	ena-EXPERIMENT-TAB-20-05-2025-23:07:32:019-203163	ena-RUN-TAB-20-05-2025-23:07:32:019-203164	3871411372;3965666499	b94cc2bbe92eecbe53be11d024c2dfd0;0aad7f16f906db121d46a292bf147e34	ftp.sra.ebi.ac.uk/vol1/fastq/ERR150/050/ERR15003750/ERR15003750_1.fastq.gz;ftp.sra.ebi.ac.uk/vol1/fastq/ERR150/050/ERR15003750/ERR15003750_2.fastq.gz	fasp.sra.ebi.ac.uk:/vol1/fastq/ERR150/050/ERR15003750/ERR15003750_1.fastq.gz;fasp.sra.ebi.ac.uk:/vol1/fastq/ERR150/050/ERR15003750/ERR15003750_2.fastq.gz	ftp.sra.ebi.ac.uk/vol1/fastq/ERR150/050/ERR15003750/ERR15003750_1.fastq.gz;ftp.sra.ebi.ac.uk/vol1/fastq/ERR150/050/ERR15003750/ERR15003750_2.fastq.gz	4287974813;4405060074	40402c120d1a7a30d1293ea3652856db;352ca796c63f0d16dcd81b853ebd675a	ftp.sra.ebi.ac.uk/vol1/run/ERR150/ERR15003750/703G_S98_R1_001.fastq.gz;ftp.sra.ebi.ac.uk/vol1/run/ERR150/ERR15003750/703G_S98_R2_001.fastq.gz	fasp.sra.ebi.ac.uk:/vol1/run/ERR150/ERR15003750/703G_S98_R1_001.fastq.gz;fasp.sra.ebi.ac.uk:/vol1/run/ERR150/ERR15003750/703G_S98_R2_001.fastq.gz	ftp.sra.ebi.ac.uk/vol1/run/ERR150/ERR15003750/703G_S98_R1_001.fastq.gz;ftp.sra.ebi.ac.uk/vol1/run/ERR150/ERR15003750/703G_S98_R2_001.fastq.gz	FASTQ;FASTQ	703G		703G		2025-05-20	ftp.sra.ebi.ac.uk/vol1/err/ERR150/050/ERR15003750/ERR15003750.bam	7633635471	cbc4f06528cd28d1efc4e787e2134903	GENERATED_FILE;GENERATED_FILE	SUBMISSION_FILE;SUBMISSION_FILE	ARCHIVAL_FILE
ERR15003753	PRJEB79944	ERP164023	SAMEA118335955	ERS24550636	ERX14407722	ERA33133718	408170	human gut metagenome	ILLUMINA	Illumina NovaSeq 6000	NA		PAIRED	WGS	METAGENOMIC	RANDOM	66496808	9605371466	Centre of Host Microbiome Interaction	2025-05-21	2025-05-21	Illumina NovaSeq 6000 sequencing	Gut and oral microbiomes to investigate the oral-gut-brain axis on the pathophysiology of Parkinson's Disease patients	53e7d904-96a7-4098-8eea-909c4f82549a	ena-EXPERIMENT-TAB-20-05-2025-23:07:32:020-203169	ena-RUN-TAB-20-05-2025-23:07:32:020-203170	2453942030;2552499732	418ce6166d99e707057721c2031d8758;bc8deef727b9d42f79b71b874fbc56f5	ftp.sra.ebi.ac.uk/vol1/fastq/ERR150/053/ERR15003753/ERR15003753_1.fastq.gz;ftp.sra.ebi.ac.uk/vol1/fastq/ERR150/053/ERR15003753/ERR15003753_2.fastq.gz	fasp.sra.ebi.ac.uk:/vol1/fastq/ERR150/053/ERR15003753/ERR15003753_1.fastq.gz;fasp.sra.ebi.ac.uk:/vol1/fastq/ERR150/053/ERR15003753/ERR15003753_2.fastq.gz	ftp.sra.ebi.ac.uk/vol1/fastq/ERR150/053/ERR15003753/ERR15003753_1.fastq.gz;ftp.sra.ebi.ac.uk/vol1/fastq/ERR150/053/ERR15003753/ERR15003753_2.fastq.gz	2742123740;2859940409	d554877938f49af64d3ebb90b3d53cc6;b461871c542a64fab24e564a4a895abb	ftp.sra.ebi.ac.uk/vol1/run/ERR150/ERR15003753/341G_R1_001.fastq.gz;ftp.sra.ebi.ac.uk/vol1/run/ERR150/ERR15003753/341G_R2_001.fastq.gz	fasp.sra.ebi.ac.uk:/vol1/run/ERR150/ERR15003753/341G_R1_001.fastq.gz;fasp.sra.ebi.ac.uk:/vol1/run/ERR150/ERR15003753/341G_R2_001.fastq.gz	ftp.sra.ebi.ac.uk/vol1/run/ERR150/ERR15003753/341G_R1_001.fastq.gz;ftp.sra.ebi.ac.uk/vol1/run/ERR150/ERR15003753/341G_R2_001.fastq.gz	FASTQ;FASTQ	341G		341G		2025-05-20	ftp.sra.ebi.ac.uk/vol1/err/ERR150/053/ERR15003753/ERR15003753.bam	4819787295	977cb629ee74574847ce28cbd1785bb3	GENERATED_FILE;GENERATED_FILE	SUBMISSION_FILE;SUBMISSION_FILE	ARCHIVAL_FILE
ERR15003762	PRJEB79944	ERP164023	SAMEA118335964	ERS24550645	ERX14407731	ERA33133718	408170	human gut metagenome	ILLUMINA	Illumina NovaSeq 6000	NA		PAIRED	WGS	METAGENOMIC	RANDOM	14305890	2103239312	Centre of Host Microbiome Interaction	2025-05-21	2025-05-21	Illumina NovaSeq 6000 sequencing	Gut and oral microbiomes to investigate the oral-gut-brain axis on the pathophysiology of Parkinson's Disease patients	53e7d904-96a7-4098-8eea-909c4f82549a	ena-EXPERIMENT-TAB-20-05-2025-23:07:32:023-203187	ena-RUN-TAB-20-05-2025-23:07:32:023-203188	556434514;554711997	215341825d236a67d234b8083aee4f72;5ae025c639add5d7de6f8f41233816b3	ftp.sra.ebi.ac.uk/vol1/fastq/ERR150/062/ERR15003762/ERR15003762_1.fastq.gz;ftp.sra.ebi.ac.uk/vol1/fastq/ERR150/062/ERR15003762/ERR15003762_2.fastq.gz	fasp.sra.ebi.ac.uk:/vol1/fastq/ERR150/062/ERR15003762/ERR15003762_1.fastq.gz;fasp.sra.ebi.ac.uk:/vol1/fastq/ERR150/062/ERR15003762/ERR15003762_2.fastq.gz	ftp.sra.ebi.ac.uk/vol1/fastq/ERR150/062/ERR15003762/ERR15003762_1.fastq.gz;ftp.sra.ebi.ac.uk/vol1/fastq/ERR150/062/ERR15003762/ERR15003762_2.fastq.gz	628827144;626310386	716aad65053b59d08179578cab9b0ad6;3bfc885637f5e7e5fcd28bca20b586d9	ftp.sra.ebi.ac.uk/vol1/run/ERR150/ERR15003762/859G_S30_R1_001.fastq.gz;ftp.sra.ebi.ac.uk/vol1/run/ERR150/ERR15003762/859G_S30_R2_001.fastq.gz	fasp.sra.ebi.ac.uk:/vol1/run/ERR150/ERR15003762/859G_S30_R1_001.fastq.gz;fasp.sra.ebi.ac.uk:/vol1/run/ERR150/ERR15003762/859G_S30_R2_001.fastq.gz	ftp.sra.ebi.ac.uk/vol1/run/ERR150/ERR15003762/859G_S30_R1_001.fastq.gz;ftp.sra.ebi.ac.uk/vol1/run/ERR150/ERR15003762/859G_S30_R2_001.fastq.gz	FASTQ;FASTQ	859G		859G		2025-05-20	ftp.sra.ebi.ac.uk/vol1/err/ERR150/062/ERR15003762/ERR15003762.bam	1076942717	afd70a40bb0377c8cd4c6d2cb4f327b6	GENERATED_FILE;GENERATED_FILE	SUBMISSION_FILE;SUBMISSION_FILE	ARCHIVAL_FILE
ERR15003764	PRJEB79944	ERP164023	SAMEA118335966	ERS24550647	ERX14407733	ERA33133718	408170	human gut metagenome	ILLUMINA	Illumina NovaSeq 6000	NA		PAIRED	WGS	METAGENOMIC	RANDOM	85542276	11837956872	Centre of Host Microbiome Interaction	2025-05-21	2025-05-21	Illumina NovaSeq 6000 sequencing	Gut and oral microbiomes to investigate the oral-gut-brain axis on the pathophysiology of Parkinson's Disease patients	53e7d904-96a7-4098-8eea-909c4f82549a	ena-EXPERIMENT-TAB-20-05-2025-23:07:32:024-203191	ena-RUN-TAB-20-05-2025-23:07:32:024-203192	3020421237;3133440332	0e19617855cc7cee13855c5a715fa27a;31d7bbb7fb3f1bfd3df8fe85c54fa2c4	ftp.sra.ebi.ac.uk/vol1/fastq/ERR150/064/ERR15003764/ERR15003764_1.fastq.gz;ftp.sra.ebi.ac.uk/vol1/fastq/ERR150/064/ERR15003764/ERR15003764_2.fastq.gz	fasp.sra.ebi.ac.uk:/vol1/fastq/ERR150/064/ERR15003764/ERR15003764_1.fastq.gz;fasp.sra.ebi.ac.uk:/vol1/fastq/ERR150/064/ERR15003764/ERR15003764_2.fastq.gz	ftp.sra.ebi.ac.uk/vol1/fastq/ERR150/064/ERR15003764/ERR15003764_1.fastq.gz;ftp.sra.ebi.ac.uk/vol1/fastq/ERR150/064/ERR15003764/ERR15003764_2.fastq.gz	3339806528;3469951132	afbc8dc84e1464837cb5e312b3c49bb8;578f16a98a25398e16de5da5e21d78fc	ftp.sra.ebi.ac.uk/vol1/run/ERR150/ERR15003764/345G_R1_001.fastq.gz;ftp.sra.ebi.ac.uk/vol1/run/ERR150/ERR15003764/345G_R2_001.fastq.gz	fasp.sra.ebi.ac.uk:/vol1/run/ERR150/ERR15003764/345G_R1_001.fastq.gz;fasp.sra.ebi.ac.uk:/vol1/run/ERR150/ERR15003764/345G_R2_001.fastq.gz	ftp.sra.ebi.ac.uk/vol1/run/ERR150/ERR15003764/345G_R1_001.fastq.gz;ftp.sra.ebi.ac.uk/vol1/run/ERR150/ERR15003764/345G_R2_001.fastq.gz	FASTQ;FASTQ	345G		345G		2025-05-20	ftp.sra.ebi.ac.uk/vol1/err/ERR150/064/ERR15003764/ERR15003764.bam	5956192443	e6f5ff714b01e94a64fec06878b10817	GENERATED_FILE;GENERATED_FILE	SUBMISSION_FILE;SUBMISSION_FILE	ARCHIVAL_FILE
ERR15003766	PRJEB79944	ERP164023	SAMEA118335968	ERS24550649	ERX14407735	ERA33133718	408170	human gut metagenome	ILLUMINA	Illumina NovaSeq 6000	NA		PAIRED	WGS	METAGENOMIC	RANDOM	65536456	9200309804	Centre of Host Microbiome Interaction	2025-05-21	2025-05-21	Illumina NovaSeq 6000 sequencing	Gut and oral microbiomes to investigate the oral-gut-brain axis on the pathophysiology of Parkinson's Disease patients	53e7d904-96a7-4098-8eea-909c4f82549a	ena-EXPERIMENT-TAB-20-05-2025-23:07:32:024-203195	ena-RUN-TAB-20-05-2025-23:07:32:024-203196	2322208582;2401710933	614c94fc6b3ad4383797de97615b3351;d21e5fcc0149e1acae6eb703bb44fb20	ftp.sra.ebi.ac.uk/vol1/fastq/ERR150/066/ERR15003766/ERR15003766_1.fastq.gz;ftp.sra.ebi.ac.uk/vol1/fastq/ERR150/066/ERR15003766/ERR15003766_2.fastq.gz	fasp.sra.ebi.ac.uk:/vol1/fastq/ERR150/066/ERR15003766/ERR15003766_1.fastq.gz;fasp.sra.ebi.ac.uk:/vol1/fastq/ERR150/066/ERR15003766/ERR15003766_2.fastq.gz	ftp.sra.ebi.ac.uk/vol1/fastq/ERR150/066/ERR15003766/ERR15003766_1.fastq.gz;ftp.sra.ebi.ac.uk/vol1/fastq/ERR150/066/ERR15003766/ERR15003766_2.fastq.gz	2567546101;2662818228	a1ed76f5111caa8e98f80ad59945e0dc;a5065afb063ac2370f9fd391bc5db18a	ftp.sra.ebi.ac.uk/vol1/run/ERR150/ERR15003766/503G_S98_R1_001.fastq.gz;ftp.sra.ebi.ac.uk/vol1/run/ERR150/ERR15003766/503G_S98_R2_001.fastq.gz	fasp.sra.ebi.ac.uk:/vol1/run/ERR150/ERR15003766/503G_S98_R1_001.fastq.gz;fasp.sra.ebi.ac.uk:/vol1/run/ERR150/ERR15003766/503G_S98_R2_001.fastq.gz	ftp.sra.ebi.ac.uk/vol1/run/ERR150/ERR15003766/503G_S98_R1_001.fastq.gz;ftp.sra.ebi.ac.uk/vol1/run/ERR150/ERR15003766/503G_S98_R2_001.fastq.gz	FASTQ;FASTQ	503G		503G		2025-05-20	ftp.sra.ebi.ac.uk/vol1/err/ERR150/066/ERR15003766/ERR15003766.bam	4586976835	8a3f837b903d7dd32400edd391a07b54	GENERATED_FILE;GENERATED_FILE	SUBMISSION_FILE;SUBMISSION_FILE	ARCHIVAL_FILE
ERR15003824	PRJEB79944	ERP164023	SAMEA118336026	ERS24550707	ERX14407793	ERA33133718	408170	human gut metagenome	ILLUMINA	Illumina NovaSeq 6000	NA		PAIRED	WGS	METAGENOMIC	RANDOM	79608984	11631435534	Centre of Host Microbiome Interaction	2025-05-21	2025-05-21	Illumina NovaSeq 6000 sequencing	Gut and oral microbiomes to investigate the oral-gut-brain axis on the pathophysiology of Parkinson's Disease patients	53e7d904-96a7-4098-8eea-909c4f82549a	ena-EXPERIMENT-TAB-20-05-2025-23:07:32:045-203311	ena-RUN-TAB-20-05-2025-23:07:32:045-203312	2971104439;3033498532	32654a7d7a06cdedff9c5cc50d84a3c3;84341ec4bc21bd68810ed00e0be993e2	ftp.sra.ebi.ac.uk/vol1/fastq/ERR150/024/ERR15003824/ERR15003824_1.fastq.gz;ftp.sra.ebi.ac.uk/vol1/fastq/ERR150/024/ERR15003824/ERR15003824_2.fastq.gz	fasp.sra.ebi.ac.uk:/vol1/fastq/ERR150/024/ERR15003824/ERR15003824_1.fastq.gz;fasp.sra.ebi.ac.uk:/vol1/fastq/ERR150/024/ERR15003824/ERR15003824_2.fastq.gz	ftp.sra.ebi.ac.uk/vol1/fastq/ERR150/024/ERR15003824/ERR15003824_1.fastq.gz;ftp.sra.ebi.ac.uk/vol1/fastq/ERR150/024/ERR15003824/ERR15003824_2.fastq.gz	3275190948;3354074109	b90a286c76436b2ab75b45faca8fcd8d;641b1d49430e2a045386307a738dc59e	ftp.sra.ebi.ac.uk/vol1/run/ERR150/ERR15003824/310G_R1_001.fastq.gz;ftp.sra.ebi.ac.uk/vol1/run/ERR150/ERR15003824/310G_R2_001.fastq.gz	fasp.sra.ebi.ac.uk:/vol1/run/ERR150/ERR15003824/310G_R1_001.fastq.gz;fasp.sra.ebi.ac.uk:/vol1/run/ERR150/ERR15003824/310G_R2_001.fastq.gz	ftp.sra.ebi.ac.uk/vol1/run/ERR150/ERR15003824/310G_R1_001.fastq.gz;ftp.sra.ebi.ac.uk/vol1/run/ERR150/ERR15003824/310G_R2_001.fastq.gz	FASTQ;FASTQ	310G		310G		2025-05-20	ftp.sra.ebi.ac.uk/vol1/err/ERR150/024/ERR15003824/ERR15003824.bam	5754959858	1e336dbc9678f32ebef9a442f70a0ed2	GENERATED_FILE;GENERATED_FILE	SUBMISSION_FILE;SUBMISSION_FILE	ARCHIVAL_FILE
ERR15003770	PRJEB79944	ERP164023	SAMEA118335972	ERS24550653	ERX14407739	ERA33133718	408170	human gut metagenome	ILLUMINA	Illumina NovaSeq 6000	NA		PAIRED	WGS	METAGENOMIC	RANDOM	27442144	3975766048	Centre of Host Microbiome Interaction	2025-05-21	2025-05-21	Illumina NovaSeq 6000 sequencing	Gut and oral microbiomes to investigate the oral-gut-brain axis on the pathophysiology of Parkinson's Disease patients	53e7d904-96a7-4098-8eea-909c4f82549a	ena-EXPERIMENT-TAB-20-05-2025-23:07:32:026-203203	ena-RUN-TAB-20-05-2025-23:07:32:026-203204	1006268791;1046751979	1e029045835b6b00561c53074c2f2eaa;d10267f86e5b19c446e74b9e198755fc	ftp.sra.ebi.ac.uk/vol1/fastq/ERR150/070/ERR15003770/ERR15003770_1.fastq.gz;ftp.sra.ebi.ac.uk/vol1/fastq/ERR150/070/ERR15003770/ERR15003770_2.fastq.gz	fasp.sra.ebi.ac.uk:/vol1/fastq/ERR150/070/ERR15003770/ERR15003770_1.fastq.gz;fasp.sra.ebi.ac.uk:/vol1/fastq/ERR150/070/ERR15003770/ERR15003770_2.fastq.gz	ftp.sra.ebi.ac.uk/vol1/fastq/ERR150/070/ERR15003770/ERR15003770_1.fastq.gz;ftp.sra.ebi.ac.uk/vol1/fastq/ERR150/070/ERR15003770/ERR15003770_2.fastq.gz	1123756871;1171703241	2150871ab453d2f24be069e472e4be70;fba3d40bd839fdf0b61ce51efe62ad82	ftp.sra.ebi.ac.uk/vol1/run/ERR150/ERR15003770/733G_R1_001.fastq.gz;ftp.sra.ebi.ac.uk/vol1/run/ERR150/ERR15003770/733G_R2_001.fastq.gz	fasp.sra.ebi.ac.uk:/vol1/run/ERR150/ERR15003770/733G_R1_001.fastq.gz;fasp.sra.ebi.ac.uk:/vol1/run/ERR150/ERR15003770/733G_R2_001.fastq.gz	ftp.sra.ebi.ac.uk/vol1/run/ERR150/ERR15003770/733G_R1_001.fastq.gz;ftp.sra.ebi.ac.uk/vol1/run/ERR150/ERR15003770/733G_R2_001.fastq.gz	FASTQ;FASTQ	733G		733G		2025-05-20	ftp.sra.ebi.ac.uk/vol1/err/ERR150/070/ERR15003770/ERR15003770.bam	1983838052	37bb620382c266bb6210675bb4bb0279	GENERATED_FILE;GENERATED_FILE	SUBMISSION_FILE;SUBMISSION_FILE	ARCHIVAL_FILE
ERR15003830	PRJEB79944	ERP164023	SAMEA118336032	ERS24550713	ERX14407799	ERA33133718	408170	human gut metagenome	ILLUMINA	Illumina NovaSeq 6000	NA		PAIRED	WGS	METAGENOMIC	RANDOM	24941756	3688224215	Centre of Host Microbiome Interaction	2025-05-21	2025-05-21	Illumina NovaSeq 6000 sequencing	Gut and oral microbiomes to investigate the oral-gut-brain axis on the pathophysiology of Parkinson's Disease patients	53e7d904-96a7-4098-8eea-909c4f82549a	ena-EXPERIMENT-TAB-20-05-2025-23:07:32:047-203323	ena-RUN-TAB-20-05-2025-23:07:32:047-203324	997931285;968615449	baadc276488aa81b23d9a95b7b06e47e;4035ca19bfcabb8c4ca5246a7fa60f93	ftp.sra.ebi.ac.uk/vol1/fastq/ERR150/030/ERR15003830/ERR15003830_1.fastq.gz;ftp.sra.ebi.ac.uk/vol1/fastq/ERR150/030/ERR15003830/ERR15003830_2.fastq.gz	fasp.sra.ebi.ac.uk:/vol1/fastq/ERR150/030/ERR15003830/ERR15003830_1.fastq.gz;fasp.sra.ebi.ac.uk:/vol1/fastq/ERR150/030/ERR15003830/ERR15003830_2.fastq.gz	ftp.sra.ebi.ac.uk/vol1/fastq/ERR150/030/ERR15003830/ERR15003830_1.fastq.gz;ftp.sra.ebi.ac.uk/vol1/fastq/ERR150/030/ERR15003830/ERR15003830_2.fastq.gz	1118260046;1082724397	16bc9f3fc8903e29acb4999a7fcd5d4e;b473000c72a4680c44373e327a6965c3	ftp.sra.ebi.ac.uk/vol1/run/ERR150/ERR15003830/728G_S37_R1_001.fastq.gz;ftp.sra.ebi.ac.uk/vol1/run/ERR150/ERR15003830/728G_S37_R2_001.fastq.gz	fasp.sra.ebi.ac.uk:/vol1/run/ERR150/ERR15003830/728G_S37_R1_001.fastq.gz;fasp.sra.ebi.ac.uk:/vol1/run/ERR150/ERR15003830/728G_S37_R2_001.fastq.gz	ftp.sra.ebi.ac.uk/vol1/run/ERR150/ERR15003830/728G_S37_R1_001.fastq.gz;ftp.sra.ebi.ac.uk/vol1/run/ERR150/ERR15003830/728G_S37_R2_001.fastq.gz	FASTQ;FASTQ	728G		728G		2025-05-20	ftp.sra.ebi.ac.uk/vol1/err/ERR150/030/ERR15003830/ERR15003830.bam	1902709970	4884c1cc17757537028dc0cb7e147f7e	GENERATED_FILE;GENERATED_FILE	SUBMISSION_FILE;SUBMISSION_FILE	ARCHIVAL_FILE
ERR15003835	PRJEB79944	ERP164023	SAMEA118336037	ERS24550718	ERX14407804	ERA33133718	408170	human gut metagenome	ILLUMINA	Illumina NovaSeq 6000	NA		PAIRED	WGS	METAGENOMIC	RANDOM	18725558	2732663361	Centre of Host Microbiome Interaction	2025-05-21	2025-05-21	Illumina NovaSeq 6000 sequencing	Gut and oral microbiomes to investigate the oral-gut-brain axis on the pathophysiology of Parkinson's Disease patients	53e7d904-96a7-4098-8eea-909c4f82549a	ena-EXPERIMENT-TAB-20-05-2025-23:07:32:049-203333	ena-RUN-TAB-20-05-2025-23:07:32:049-203334	731091308;713305239	4ed5dc037a7ae8ade304851d1b9176e6;21483a167776ff4b9277b345c8f13acc	ftp.sra.ebi.ac.uk/vol1/fastq/ERR150/035/ERR15003835/ERR15003835_1.fastq.gz;ftp.sra.ebi.ac.uk/vol1/fastq/ERR150/035/ERR15003835/ERR15003835_2.fastq.gz	fasp.sra.ebi.ac.uk:/vol1/fastq/ERR150/035/ERR15003835/ERR15003835_1.fastq.gz;fasp.sra.ebi.ac.uk:/vol1/fastq/ERR150/035/ERR15003835/ERR15003835_2.fastq.gz	ftp.sra.ebi.ac.uk/vol1/fastq/ERR150/035/ERR15003835/ERR15003835_1.fastq.gz;ftp.sra.ebi.ac.uk/vol1/fastq/ERR150/035/ERR15003835/ERR15003835_2.fastq.gz	827348134;806484694	c6a80d260389fd91283cf5403afe8dc6;77d533ea0191b5009e2d640df81d8827	ftp.sra.ebi.ac.uk/vol1/run/ERR150/ERR15003835/784G_R1_001.fastq.gz;ftp.sra.ebi.ac.uk/vol1/run/ERR150/ERR15003835/784G_R2_001.fastq.gz	fasp.sra.ebi.ac.uk:/vol1/run/ERR150/ERR15003835/784G_R1_001.fastq.gz;fasp.sra.ebi.ac.uk:/vol1/run/ERR150/ERR15003835/784G_R2_001.fastq.gz	ftp.sra.ebi.ac.uk/vol1/run/ERR150/ERR15003835/784G_R1_001.fastq.gz;ftp.sra.ebi.ac.uk/vol1/run/ERR150/ERR15003835/784G_R2_001.fastq.gz	FASTQ;FASTQ	784G		784G		2025-05-20	ftp.sra.ebi.ac.uk/vol1/err/ERR150/035/ERR15003835/ERR15003835.bam	1397392351	9b0482d2b19fcc950cd365bc705196e6	GENERATED_FILE;GENERATED_FILE	SUBMISSION_FILE;SUBMISSION_FILE	ARCHIVAL_FILE
ERR15003843	PRJEB79944	ERP164023	SAMEA118336045	ERS24550726	ERX14407812	ERA33133718	408170	human gut metagenome	ILLUMINA	Illumina NovaSeq 6000	NA		PAIRED	WGS	METAGENOMIC	RANDOM	49481162	7207548595	Centre of Host Microbiome Interaction	2025-05-21	2025-05-21	Illumina NovaSeq 6000 sequencing	Gut and oral microbiomes to investigate the oral-gut-brain axis on the pathophysiology of Parkinson's Disease patients	53e7d904-96a7-4098-8eea-909c4f82549a	ena-EXPERIMENT-TAB-20-05-2025-23:07:32:051-203349	ena-RUN-TAB-20-05-2025-23:07:32:052-203350	1867411417;1871486300	db454924741219d9ed53b696fe735004;1dfc63bcc1ca03e084c0d23c0280e501	ftp.sra.ebi.ac.uk/vol1/fastq/ERR150/043/ERR15003843/ERR15003843_1.fastq.gz;ftp.sra.ebi.ac.uk/vol1/fastq/ERR150/043/ERR15003843/ERR15003843_2.fastq.gz	fasp.sra.ebi.ac.uk:/vol1/fastq/ERR150/043/ERR15003843/ERR15003843_1.fastq.gz;fasp.sra.ebi.ac.uk:/vol1/fastq/ERR150/043/ERR15003843/ERR15003843_2.fastq.gz	ftp.sra.ebi.ac.uk/vol1/fastq/ERR150/043/ERR15003843/ERR15003843_1.fastq.gz;ftp.sra.ebi.ac.uk/vol1/fastq/ERR150/043/ERR15003843/ERR15003843_2.fastq.gz	2085192105;2089818012	5ea9cca62acc59097c24500abbd7d978;789a2856419f034336a9d88b602d9620	ftp.sra.ebi.ac.uk/vol1/run/ERR150/ERR15003843/731G_R1_001.fastq.gz;ftp.sra.ebi.ac.uk/vol1/run/ERR150/ERR15003843/731G_R2_001.fastq.gz	fasp.sra.ebi.ac.uk:/vol1/run/ERR150/ERR15003843/731G_R1_001.fastq.gz;fasp.sra.ebi.ac.uk:/vol1/run/ERR150/ERR15003843/731G_R2_001.fastq.gz	ftp.sra.ebi.ac.uk/vol1/run/ERR150/ERR15003843/731G_R1_001.fastq.gz;ftp.sra.ebi.ac.uk/vol1/run/ERR150/ERR15003843/731G_R2_001.fastq.gz	FASTQ;FASTQ	731G		731G		2025-05-20	ftp.sra.ebi.ac.uk/vol1/err/ERR150/043/ERR15003843/ERR15003843.bam	3623923701	afd7573a029c6b1667339fc40128f56d	GENERATED_FILE;GENERATED_FILE	SUBMISSION_FILE;SUBMISSION_FILE	ARCHIVAL_FILE
ERR15003848	PRJEB79944	ERP164023	SAMEA118336050	ERS24550731	ERX14407817	ERA33133718	408170	human gut metagenome	ILLUMINA	Illumina NovaSeq 6000	NA		PAIRED	WGS	METAGENOMIC	RANDOM	25661026	3711399894	Centre of Host Microbiome Interaction	2025-05-21	2025-05-21	Illumina NovaSeq 6000 sequencing	Gut and oral microbiomes to investigate the oral-gut-brain axis on the pathophysiology of Parkinson's Disease patients	53e7d904-96a7-4098-8eea-909c4f82549a	ena-EXPERIMENT-TAB-20-05-2025-23:07:32:053-203359	ena-RUN-TAB-20-05-2025-23:07:32:053-203360	933033833;973705030	62747b4fb730000ccaf5e9b134c9ff37;5f77ed791e6edc88c2a2a64427ab9a59	ftp.sra.ebi.ac.uk/vol1/fastq/ERR150/048/ERR15003848/ERR15003848_1.fastq.gz;ftp.sra.ebi.ac.uk/vol1/fastq/ERR150/048/ERR15003848/ERR15003848_2.fastq.gz	fasp.sra.ebi.ac.uk:/vol1/fastq/ERR150/048/ERR15003848/ERR15003848_1.fastq.gz;fasp.sra.ebi.ac.uk:/vol1/fastq/ERR150/048/ERR15003848/ERR15003848_2.fastq.gz	ftp.sra.ebi.ac.uk/vol1/fastq/ERR150/048/ERR15003848/ERR15003848_1.fastq.gz;ftp.sra.ebi.ac.uk/vol1/fastq/ERR150/048/ERR15003848/ERR15003848_2.fastq.gz	1040132654;1087559653	979f92b0285dac1d42e1a1e104d952a3;7879d1c6fe2d940ea9f0de0f693e2467	ftp.sra.ebi.ac.uk/vol1/run/ERR150/ERR15003848/893G_S16_R1_001.fastq.gz;ftp.sra.ebi.ac.uk/vol1/run/ERR150/ERR15003848/893G_S16_R2_001.fastq.gz	fasp.sra.ebi.ac.uk:/vol1/run/ERR150/ERR15003848/893G_S16_R1_001.fastq.gz;fasp.sra.ebi.ac.uk:/vol1/run/ERR150/ERR15003848/893G_S16_R2_001.fastq.gz	ftp.sra.ebi.ac.uk/vol1/run/ERR150/ERR15003848/893G_S16_R1_001.fastq.gz;ftp.sra.ebi.ac.uk/vol1/run/ERR150/ERR15003848/893G_S16_R2_001.fastq.gz	FASTQ;FASTQ	893G		893G		2025-05-20	ftp.sra.ebi.ac.uk/vol1/err/ERR150/048/ERR15003848/ERR15003848.bam	1850048293	13f6f0fbda138669b343b1b03f1adaa8	GENERATED_FILE;GENERATED_FILE	SUBMISSION_FILE;SUBMISSION_FILE	ARCHIVAL_FILE
ERR15003776	PRJEB79944	ERP164023	SAMEA118335978	ERS24550659	ERX14407745	ERA33133718	408170	human gut metagenome	ILLUMINA	Illumina NovaSeq 6000	NA		PAIRED	WGS	METAGENOMIC	RANDOM	36612394	5405066975	Centre of Host Microbiome Interaction	2025-05-21	2025-05-21	Illumina NovaSeq 6000 sequencing	Gut and oral microbiomes to investigate the oral-gut-brain axis on the pathophysiology of Parkinson's Disease patients	53e7d904-96a7-4098-8eea-909c4f82549a	ena-EXPERIMENT-TAB-20-05-2025-23:07:32:028-203215	ena-RUN-TAB-20-05-2025-23:07:32:028-203216	1399708756;1444515578	828e697efb410563965a45bfa13022e6;eb8f8191f03dd5db3f83a221dccffb88	ftp.sra.ebi.ac.uk/vol1/fastq/ERR150/076/ERR15003776/ERR15003776_1.fastq.gz;ftp.sra.ebi.ac.uk/vol1/fastq/ERR150/076/ERR15003776/ERR15003776_2.fastq.gz	fasp.sra.ebi.ac.uk:/vol1/fastq/ERR150/076/ERR15003776/ERR15003776_1.fastq.gz;fasp.sra.ebi.ac.uk:/vol1/fastq/ERR150/076/ERR15003776/ERR15003776_2.fastq.gz	ftp.sra.ebi.ac.uk/vol1/fastq/ERR150/076/ERR15003776/ERR15003776_1.fastq.gz;ftp.sra.ebi.ac.uk/vol1/fastq/ERR150/076/ERR15003776/ERR15003776_2.fastq.gz	1561456560;1611389982	e94aa327606b594c0b1da966be3795c5;59133ceaa25d82a63706a795d4ac65fd	ftp.sra.ebi.ac.uk/vol1/run/ERR150/ERR15003776/921G_S5_R1_001.fastq.gz;ftp.sra.ebi.ac.uk/vol1/run/ERR150/ERR15003776/921G_S5_R2_001.fastq.gz	fasp.sra.ebi.ac.uk:/vol1/run/ERR150/ERR15003776/921G_S5_R1_001.fastq.gz;fasp.sra.ebi.ac.uk:/vol1/run/ERR150/ERR15003776/921G_S5_R2_001.fastq.gz	ftp.sra.ebi.ac.uk/vol1/run/ERR150/ERR15003776/921G_S5_R1_001.fastq.gz;ftp.sra.ebi.ac.uk/vol1/run/ERR150/ERR15003776/921G_S5_R2_001.fastq.gz	FASTQ;FASTQ	921G		921G		2025-05-20	ftp.sra.ebi.ac.uk/vol1/err/ERR150/076/ERR15003776/ERR15003776.bam	2747971834	64d70bc5b2c571d7c5498d2155077286	GENERATED_FILE;GENERATED_FILE	SUBMISSION_FILE;SUBMISSION_FILE	ARCHIVAL_FILE
ERR15003777	PRJEB79944	ERP164023	SAMEA118335979	ERS24550660	ERX14407746	ERA33133718	408170	human gut metagenome	ILLUMINA	Illumina NovaSeq 6000	NA		PAIRED	WGS	METAGENOMIC	RANDOM	18974688	2780567709	Centre of Host Microbiome Interaction	2025-05-21	2025-05-21	Illumina NovaSeq 6000 sequencing	Gut and oral microbiomes to investigate the oral-gut-brain axis on the pathophysiology of Parkinson's Disease patients	53e7d904-96a7-4098-8eea-909c4f82549a	ena-EXPERIMENT-TAB-20-05-2025-23:07:32:028-203217	ena-RUN-TAB-20-05-2025-23:07:32:028-203218	701300485;740001437	d25cb00338e0e43a979c8d506934776b;75d52e71bac2ccb779af14a7788270d7	ftp.sra.ebi.ac.uk/vol1/fastq/ERR150/077/ERR15003777/ERR15003777_1.fastq.gz;ftp.sra.ebi.ac.uk/vol1/fastq/ERR150/077/ERR15003777/ERR15003777_2.fastq.gz	fasp.sra.ebi.ac.uk:/vol1/fastq/ERR150/077/ERR15003777/ERR15003777_1.fastq.gz;fasp.sra.ebi.ac.uk:/vol1/fastq/ERR150/077/ERR15003777/ERR15003777_2.fastq.gz	ftp.sra.ebi.ac.uk/vol1/fastq/ERR150/077/ERR15003777/ERR15003777_1.fastq.gz;ftp.sra.ebi.ac.uk/vol1/fastq/ERR150/077/ERR15003777/ERR15003777_2.fastq.gz	792868146;838484476	653e6eaf4222555abdc22514654393e5;dd47d627cccd7c29ee37a43e8096303f	ftp.sra.ebi.ac.uk/vol1/run/ERR150/ERR15003777/780G_R1_001.fastq.gz;ftp.sra.ebi.ac.uk/vol1/run/ERR150/ERR15003777/780G_R2_001.fastq.gz	fasp.sra.ebi.ac.uk:/vol1/run/ERR150/ERR15003777/780G_R1_001.fastq.gz;fasp.sra.ebi.ac.uk:/vol1/run/ERR150/ERR15003777/780G_R2_001.fastq.gz	ftp.sra.ebi.ac.uk/vol1/run/ERR150/ERR15003777/780G_R1_001.fastq.gz;ftp.sra.ebi.ac.uk/vol1/run/ERR150/ERR15003777/780G_R2_001.fastq.gz	FASTQ;FASTQ	780G		780G		2025-05-20	ftp.sra.ebi.ac.uk/vol1/err/ERR150/077/ERR15003777/ERR15003777.bam	1392254738	2d02b475b7f97bbcefcb96fea54acd16	GENERATED_FILE;GENERATED_FILE	SUBMISSION_FILE;SUBMISSION_FILE	ARCHIVAL_FILE
ERR15003862	PRJEB79944	ERP164023	SAMEA118336064	ERS24550745	ERX14407831	ERA33133718	408170	human gut metagenome	ILLUMINA	Illumina NovaSeq 6000	NA		PAIRED	WGS	METAGENOMIC	RANDOM	31664244	4667235497	Centre of Host Microbiome Interaction	2025-05-21	2025-05-21	Illumina NovaSeq 6000 sequencing	Gut and oral microbiomes to investigate the oral-gut-brain axis on the pathophysiology of Parkinson's Disease patients	53e7d904-96a7-4098-8eea-909c4f82549a	ena-EXPERIMENT-TAB-20-05-2025-23:07:32:058-203387	ena-RUN-TAB-20-05-2025-23:07:32:058-203388	1240356128;1247430972	badbaf36ba24b4f4afe491fd5b6d2eb8;be18a19b006dfbf10a21d64b637282b5	ftp.sra.ebi.ac.uk/vol1/fastq/ERR150/062/ERR15003862/ERR15003862_1.fastq.gz;ftp.sra.ebi.ac.uk/vol1/fastq/ERR150/062/ERR15003862/ERR15003862_2.fastq.gz	fasp.sra.ebi.ac.uk:/vol1/fastq/ERR150/062/ERR15003862/ERR15003862_1.fastq.gz;fasp.sra.ebi.ac.uk:/vol1/fastq/ERR150/062/ERR15003862/ERR15003862_2.fastq.gz	ftp.sra.ebi.ac.uk/vol1/fastq/ERR150/062/ERR15003862/ERR15003862_1.fastq.gz;ftp.sra.ebi.ac.uk/vol1/fastq/ERR150/062/ERR15003862/ERR15003862_2.fastq.gz	1387737625;1395599988	042052d745858892fb773df4298af383;bc9f17d3a4b94040e4175159a1d3a805	ftp.sra.ebi.ac.uk/vol1/run/ERR150/ERR15003862/765G_R1_001.fastq.gz;ftp.sra.ebi.ac.uk/vol1/run/ERR150/ERR15003862/765G_R2_001.fastq.gz	fasp.sra.ebi.ac.uk:/vol1/run/ERR150/ERR15003862/765G_R1_001.fastq.gz;fasp.sra.ebi.ac.uk:/vol1/run/ERR150/ERR15003862/765G_R2_001.fastq.gz	ftp.sra.ebi.ac.uk/vol1/run/ERR150/ERR15003862/765G_R1_001.fastq.gz;ftp.sra.ebi.ac.uk/vol1/run/ERR150/ERR15003862/765G_R2_001.fastq.gz	FASTQ;FASTQ	765G		765G		2025-05-20	ftp.sra.ebi.ac.uk/vol1/err/ERR150/062/ERR15003862/ERR15003862.bam	2404448355	3735948e42701114b88babe944bd9044	GENERATED_FILE;GENERATED_FILE	SUBMISSION_FILE;SUBMISSION_FILE	ARCHIVAL_FILE
ERR15003794	PRJEB79944	ERP164023	SAMEA118335996	ERS24550677	ERX14407763	ERA33133718	408170	human gut metagenome	ILLUMINA	Illumina NovaSeq 6000	NA		PAIRED	WGS	METAGENOMIC	RANDOM	50358500	7357453485	Centre of Host Microbiome Interaction	2025-05-21	2025-05-21	Illumina NovaSeq 6000 sequencing	Gut and oral microbiomes to investigate the oral-gut-brain axis on the pathophysiology of Parkinson's Disease patients	53e7d904-96a7-4098-8eea-909c4f82549a	ena-EXPERIMENT-TAB-20-05-2025-23:07:32:034-203251	ena-RUN-TAB-20-05-2025-23:07:32:034-203252	1858149093;1947282195	cbd0936f7b9bcd048c9d59f9f9027274;b412018c7217eb8bd72fd2cc8d5ef0eb	ftp.sra.ebi.ac.uk/vol1/fastq/ERR150/094/ERR15003794/ERR15003794_1.fastq.gz;ftp.sra.ebi.ac.uk/vol1/fastq/ERR150/094/ERR15003794/ERR15003794_2.fastq.gz	fasp.sra.ebi.ac.uk:/vol1/fastq/ERR150/094/ERR15003794/ERR15003794_1.fastq.gz;fasp.sra.ebi.ac.uk:/vol1/fastq/ERR150/094/ERR15003794/ERR15003794_2.fastq.gz	ftp.sra.ebi.ac.uk/vol1/fastq/ERR150/094/ERR15003794/ERR15003794_1.fastq.gz;ftp.sra.ebi.ac.uk/vol1/fastq/ERR150/094/ERR15003794/ERR15003794_2.fastq.gz	2065316143;2171860159	c1c8c895fc8433fabf807420834303bb;21630d0221a9b35e6b8319fca0c28be3	ftp.sra.ebi.ac.uk/vol1/run/ERR150/ERR15003794/725G_R1_001.fastq.gz;ftp.sra.ebi.ac.uk/vol1/run/ERR150/ERR15003794/725G_R2_001.fastq.gz	fasp.sra.ebi.ac.uk:/vol1/run/ERR150/ERR15003794/725G_R1_001.fastq.gz;fasp.sra.ebi.ac.uk:/vol1/run/ERR150/ERR15003794/725G_R2_001.fastq.gz	ftp.sra.ebi.ac.uk/vol1/run/ERR150/ERR15003794/725G_R1_001.fastq.gz;ftp.sra.ebi.ac.uk/vol1/run/ERR150/ERR15003794/725G_R2_001.fastq.gz	FASTQ;FASTQ	725G		725G		2025-05-20	ftp.sra.ebi.ac.uk/vol1/err/ERR150/094/ERR15003794/ERR15003794.bam	3668374903	a7f7f7038a673108af6e1f30d52c5ea5	GENERATED_FILE;GENERATED_FILE	SUBMISSION_FILE;SUBMISSION_FILE	ARCHIVAL_FILE
ERR15003802	PRJEB79944	ERP164023	SAMEA118336004	ERS24550685	ERX14407771	ERA33133718	408170	human gut metagenome	ILLUMINA	Illumina NovaSeq 6000	NA		PAIRED	WGS	METAGENOMIC	RANDOM	21354608	3148480732	Centre of Host Microbiome Interaction	2025-05-21	2025-05-21	Illumina NovaSeq 6000 sequencing	Gut and oral microbiomes to investigate the oral-gut-brain axis on the pathophysiology of Parkinson's Disease patients	53e7d904-96a7-4098-8eea-909c4f82549a	ena-EXPERIMENT-TAB-20-05-2025-23:07:32:037-203267	ena-RUN-TAB-20-05-2025-23:07:32:037-203268	784902646;835581363	30599bb737867aa16d0beefd70f1f51c;99cd072d576d3408764a6c6b05b1c00e	ftp.sra.ebi.ac.uk/vol1/fastq/ERR150/002/ERR15003802/ERR15003802_1.fastq.gz;ftp.sra.ebi.ac.uk/vol1/fastq/ERR150/002/ERR15003802/ERR15003802_2.fastq.gz	fasp.sra.ebi.ac.uk:/vol1/fastq/ERR150/002/ERR15003802/ERR15003802_1.fastq.gz;fasp.sra.ebi.ac.uk:/vol1/fastq/ERR150/002/ERR15003802/ERR15003802_2.fastq.gz	ftp.sra.ebi.ac.uk/vol1/fastq/ERR150/002/ERR15003802/ERR15003802_1.fastq.gz;ftp.sra.ebi.ac.uk/vol1/fastq/ERR150/002/ERR15003802/ERR15003802_2.fastq.gz	882353952;942633193	6f038c5e549c69b288e4dec1d991e5af;4bdb4f50343fd77f40290d39928e3cd1	ftp.sra.ebi.ac.uk/vol1/run/ERR150/ERR15003802/855G_S28_R1_001.fastq.gz;ftp.sra.ebi.ac.uk/vol1/run/ERR150/ERR15003802/855G_S28_R2_001.fastq.gz	fasp.sra.ebi.ac.uk:/vol1/run/ERR150/ERR15003802/855G_S28_R1_001.fastq.gz;fasp.sra.ebi.ac.uk:/vol1/run/ERR150/ERR15003802/855G_S28_R2_001.fastq.gz	ftp.sra.ebi.ac.uk/vol1/run/ERR150/ERR15003802/855G_S28_R1_001.fastq.gz;ftp.sra.ebi.ac.uk/vol1/run/ERR150/ERR15003802/855G_S28_R2_001.fastq.gz	FASTQ;FASTQ	855G		855G		2025-05-20	ftp.sra.ebi.ac.uk/vol1/err/ERR150/002/ERR15003802/ERR15003802.bam	1563760892	60a12724fcafc4c58062dc07be6947e9	GENERATED_FILE;GENERATED_FILE	SUBMISSION_FILE;SUBMISSION_FILE	ARCHIVAL_FILE
ERR15003806	PRJEB79944	ERP164023	SAMEA118336008	ERS24550689	ERX14407775	ERA33133718	408170	human gut metagenome	ILLUMINA	Illumina NovaSeq 6000	NA		PAIRED	WGS	METAGENOMIC	RANDOM	79048322	11232168049	Centre of Host Microbiome Interaction	2025-05-21	2025-05-21	Illumina NovaSeq 6000 sequencing	Gut and oral microbiomes to investigate the oral-gut-brain axis on the pathophysiology of Parkinson's Disease patients	53e7d904-96a7-4098-8eea-909c4f82549a	ena-EXPERIMENT-TAB-20-05-2025-23:07:32:039-203275	ena-RUN-TAB-20-05-2025-23:07:32:039-203276	2826487636;2949833398	2e0e0a16f6e2c52dd68314626e6571c7;a0292ac2a9e3fe8268c1aa0947fd8790	ftp.sra.ebi.ac.uk/vol1/fastq/ERR150/006/ERR15003806/ERR15003806_1.fastq.gz;ftp.sra.ebi.ac.uk/vol1/fastq/ERR150/006/ERR15003806/ERR15003806_2.fastq.gz	fasp.sra.ebi.ac.uk:/vol1/fastq/ERR150/006/ERR15003806/ERR15003806_1.fastq.gz;fasp.sra.ebi.ac.uk:/vol1/fastq/ERR150/006/ERR15003806/ERR15003806_2.fastq.gz	ftp.sra.ebi.ac.uk/vol1/fastq/ERR150/006/ERR15003806/ERR15003806_1.fastq.gz;ftp.sra.ebi.ac.uk/vol1/fastq/ERR150/006/ERR15003806/ERR15003806_2.fastq.gz	3137835636;3286804664	4a0aabd0b5227e1d9cae602b91b2bb8f;668948d1a560c330cbac8de485b500da	ftp.sra.ebi.ac.uk/vol1/run/ERR150/ERR15003806/908G_R1_001.fastq.gz;ftp.sra.ebi.ac.uk/vol1/run/ERR150/ERR15003806/908G_R2_001.fastq.gz	fasp.sra.ebi.ac.uk:/vol1/run/ERR150/ERR15003806/908G_R1_001.fastq.gz;fasp.sra.ebi.ac.uk:/vol1/run/ERR150/ERR15003806/908G_R2_001.fastq.gz	ftp.sra.ebi.ac.uk/vol1/run/ERR150/ERR15003806/908G_R1_001.fastq.gz;ftp.sra.ebi.ac.uk/vol1/run/ERR150/ERR15003806/908G_R2_001.fastq.gz	FASTQ;FASTQ	908G		908G		2025-05-20	ftp.sra.ebi.ac.uk/vol1/err/ERR150/006/ERR15003806/ERR15003806.bam	5595269309	e81efd812d09b987c9e5dd2b5f9aad7a	GENERATED_FILE;GENERATED_FILE	SUBMISSION_FILE;SUBMISSION_FILE	ARCHIVAL_FILE
ERR15003880	PRJEB79944	ERP164023	SAMEA118336082	ERS24550763	ERX14407849	ERA33133718	408170	human gut metagenome	ILLUMINA	Illumina NovaSeq 6000	NA		PAIRED	WGS	METAGENOMIC	RANDOM	24386242	3575265274	Centre of Host Microbiome Interaction	2025-05-21	2025-05-21	Illumina NovaSeq 6000 sequencing	Gut and oral microbiomes to investigate the oral-gut-brain axis on the pathophysiology of Parkinson's Disease patients	53e7d904-96a7-4098-8eea-909c4f82549a	ena-EXPERIMENT-TAB-20-05-2025-23:07:32:064-203423	ena-RUN-TAB-20-05-2025-23:07:32:065-203424	898880381;960637894	443dca2f2b669489f5dbe9ea1bcc497d;182ae3b4fc1ecbbab0c0017cdd60b962	ftp.sra.ebi.ac.uk/vol1/fastq/ERR150/080/ERR15003880/ERR15003880_1.fastq.gz;ftp.sra.ebi.ac.uk/vol1/fastq/ERR150/080/ERR15003880/ERR15003880_2.fastq.gz	fasp.sra.ebi.ac.uk:/vol1/fastq/ERR150/080/ERR15003880/ERR15003880_1.fastq.gz;fasp.sra.ebi.ac.uk:/vol1/fastq/ERR150/080/ERR15003880/ERR15003880_2.fastq.gz	ftp.sra.ebi.ac.uk/vol1/fastq/ERR150/080/ERR15003880/ERR15003880_1.fastq.gz;ftp.sra.ebi.ac.uk/vol1/fastq/ERR150/080/ERR15003880/ERR15003880_2.fastq.gz	1004092014;1075799122	1cd6b4e883b1cd993bdc6e1e8af2d71b;ca459429d9d8c0f9a1cc52a4905463be	ftp.sra.ebi.ac.uk/vol1/run/ERR150/ERR15003880/504G_S13_R1_001.fastq.gz;ftp.sra.ebi.ac.uk/vol1/run/ERR150/ERR15003880/504G_S13_R2_001.fastq.gz	fasp.sra.ebi.ac.uk:/vol1/run/ERR150/ERR15003880/504G_S13_R1_001.fastq.gz;fasp.sra.ebi.ac.uk:/vol1/run/ERR150/ERR15003880/504G_S13_R2_001.fastq.gz	ftp.sra.ebi.ac.uk/vol1/run/ERR150/ERR15003880/504G_S13_R1_001.fastq.gz;ftp.sra.ebi.ac.uk/vol1/run/ERR150/ERR15003880/504G_S13_R2_001.fastq.gz	FASTQ;FASTQ	504G		504G		2025-05-20	ftp.sra.ebi.ac.uk/vol1/err/ERR150/080/ERR15003880/ERR15003880.bam	1798315347	0e289445cb5d404ea609f76fb1e08ad1	GENERATED_FILE;GENERATED_FILE	SUBMISSION_FILE;SUBMISSION_FILE	ARCHIVAL_FILE
ERR15003893	PRJEB79944	ERP164023	SAMEA118336095	ERS24550776	ERX14407862	ERA33133718	408170	human gut metagenome	ILLUMINA	Illumina NovaSeq 6000	NA		PAIRED	WGS	METAGENOMIC	RANDOM	11475598	1690029258	Centre of Host Microbiome Interaction	2025-05-21	2025-05-21	Illumina NovaSeq 6000 sequencing	Gut and oral microbiomes to investigate the oral-gut-brain axis on the pathophysiology of Parkinson's Disease patients	53e7d904-96a7-4098-8eea-909c4f82549a	ena-EXPERIMENT-TAB-20-05-2025-23:07:32:071-203449	ena-RUN-TAB-20-05-2025-23:07:32:071-203450	431364498;451051256	5a4084f5d5e6361c964f56c65890482f;ec96e37bd782263a4895a3a9b83f4c42	ftp.sra.ebi.ac.uk/vol1/fastq/ERR150/093/ERR15003893/ERR15003893_1.fastq.gz;ftp.sra.ebi.ac.uk/vol1/fastq/ERR150/093/ERR15003893/ERR15003893_2.fastq.gz	fasp.sra.ebi.ac.uk:/vol1/fastq/ERR150/093/ERR15003893/ERR15003893_1.fastq.gz;fasp.sra.ebi.ac.uk:/vol1/fastq/ERR150/093/ERR15003893/ERR15003893_2.fastq.gz	ftp.sra.ebi.ac.uk/vol1/fastq/ERR150/093/ERR15003893/ERR15003893_1.fastq.gz;ftp.sra.ebi.ac.uk/vol1/fastq/ERR150/093/ERR15003893/ERR15003893_2.fastq.gz	487989448;511317284	ee769d3ec8e3dc054a105cfc99d74a3b;5baefe1352af19f8f878a267dd8bd060	ftp.sra.ebi.ac.uk/vol1/run/ERR150/ERR15003893/758G_S11_R1_001.fastq.gz;ftp.sra.ebi.ac.uk/vol1/run/ERR150/ERR15003893/758G_S11_R2_001.fastq.gz	fasp.sra.ebi.ac.uk:/vol1/run/ERR150/ERR15003893/758G_S11_R1_001.fastq.gz;fasp.sra.ebi.ac.uk:/vol1/run/ERR150/ERR15003893/758G_S11_R2_001.fastq.gz	ftp.sra.ebi.ac.uk/vol1/run/ERR150/ERR15003893/758G_S11_R1_001.fastq.gz;ftp.sra.ebi.ac.uk/vol1/run/ERR150/ERR15003893/758G_S11_R2_001.fastq.gz	FASTQ;FASTQ	758G		758G		2025-05-20	ftp.sra.ebi.ac.uk/vol1/err/ERR150/093/ERR15003893/ERR15003893.bam	853921352	7e0f41cd21d99e2dcc4b09b08ac035d1	GENERATED_FILE;GENERATED_FILE	SUBMISSION_FILE;SUBMISSION_FILE	ARCHIVAL_FILE
ERR15003828	PRJEB79944	ERP164023	SAMEA118336030	ERS24550711	ERX14407797	ERA33133718	408170	human gut metagenome	ILLUMINA	Illumina NovaSeq 6000	NA		PAIRED	WGS	METAGENOMIC	RANDOM	23340668	3441123598	Centre of Host Microbiome Interaction	2025-05-21	2025-05-21	Illumina NovaSeq 6000 sequencing	Gut and oral microbiomes to investigate the oral-gut-brain axis on the pathophysiology of Parkinson's Disease patients	53e7d904-96a7-4098-8eea-909c4f82549a	ena-EXPERIMENT-TAB-20-05-2025-23:07:32:046-203319	ena-RUN-TAB-20-05-2025-23:07:32:046-203320	908541932;919316700	2bae89d048864cceaba4c61968a014dd;e74b9e79e1fa61573ae49668c5882922	ftp.sra.ebi.ac.uk/vol1/fastq/ERR150/028/ERR15003828/ERR15003828_1.fastq.gz;ftp.sra.ebi.ac.uk/vol1/fastq/ERR150/028/ERR15003828/ERR15003828_2.fastq.gz	fasp.sra.ebi.ac.uk:/vol1/fastq/ERR150/028/ERR15003828/ERR15003828_1.fastq.gz;fasp.sra.ebi.ac.uk:/vol1/fastq/ERR150/028/ERR15003828/ERR15003828_2.fastq.gz	ftp.sra.ebi.ac.uk/vol1/fastq/ERR150/028/ERR15003828/ERR15003828_1.fastq.gz;ftp.sra.ebi.ac.uk/vol1/fastq/ERR150/028/ERR15003828/ERR15003828_2.fastq.gz	1015763742;1027391524	eee110274c94b640c2dde5c5729301cb;40c200104873cab53c1f6d4b684ec04e	ftp.sra.ebi.ac.uk/vol1/run/ERR150/ERR15003828/778G_S18_R1_001.fastq.gz;ftp.sra.ebi.ac.uk/vol1/run/ERR150/ERR15003828/778G_S18_R2_001.fastq.gz	fasp.sra.ebi.ac.uk:/vol1/run/ERR150/ERR15003828/778G_S18_R1_001.fastq.gz;fasp.sra.ebi.ac.uk:/vol1/run/ERR150/ERR15003828/778G_S18_R2_001.fastq.gz	ftp.sra.ebi.ac.uk/vol1/run/ERR150/ERR15003828/778G_S18_R1_001.fastq.gz;ftp.sra.ebi.ac.uk/vol1/run/ERR150/ERR15003828/778G_S18_R2_001.fastq.gz	FASTQ;FASTQ	778G		778G		2025-05-20	ftp.sra.ebi.ac.uk/vol1/err/ERR150/028/ERR15003828/ERR15003828.bam	1769989630	b5e3ae62ba0af296a7238378bc807f76	GENERATED_FILE;GENERATED_FILE	SUBMISSION_FILE;SUBMISSION_FILE	ARCHIVAL_FILE
ERR15003896	PRJEB79944	ERP164023	SAMEA118336098	ERS24550779	ERX14407865	ERA33133718	408170	human gut metagenome	ILLUMINA	Illumina NovaSeq 6000	NA		PAIRED	WGS	METAGENOMIC	RANDOM	17179632	2529102274	Centre of Host Microbiome Interaction	2025-05-21	2025-05-21	Illumina NovaSeq 6000 sequencing	Gut and oral microbiomes to investigate the oral-gut-brain axis on the pathophysiology of Parkinson's Disease patients	53e7d904-96a7-4098-8eea-909c4f82549a	ena-EXPERIMENT-TAB-20-05-2025-23:07:32:072-203455	ena-RUN-TAB-20-05-2025-23:07:32:072-203456	637609759;680930603	039a4ac41fafbdbee0292840892b0c1f;d48f753bc5852e0a1333cb738d329d7f	ftp.sra.ebi.ac.uk/vol1/fastq/ERR150/096/ERR15003896/ERR15003896_1.fastq.gz;ftp.sra.ebi.ac.uk/vol1/fastq/ERR150/096/ERR15003896/ERR15003896_2.fastq.gz	fasp.sra.ebi.ac.uk:/vol1/fastq/ERR150/096/ERR15003896/ERR15003896_1.fastq.gz;fasp.sra.ebi.ac.uk:/vol1/fastq/ERR150/096/ERR15003896/ERR15003896_2.fastq.gz	ftp.sra.ebi.ac.uk/vol1/fastq/ERR150/096/ERR15003896/ERR15003896_1.fastq.gz;ftp.sra.ebi.ac.uk/vol1/fastq/ERR150/096/ERR15003896/ERR15003896_2.fastq.gz	721150845;770435118	366ff730577934916e495ccadb39ae23;dbb2038b3f07d2850ed7fdde14ceae2c	ftp.sra.ebi.ac.uk/vol1/run/ERR150/ERR15003896/767G_S43_R1_001.fastq.gz;ftp.sra.ebi.ac.uk/vol1/run/ERR150/ERR15003896/767G_S43_R2_001.fastq.gz	fasp.sra.ebi.ac.uk:/vol1/run/ERR150/ERR15003896/767G_S43_R1_001.fastq.gz;fasp.sra.ebi.ac.uk:/vol1/run/ERR150/ERR15003896/767G_S43_R2_001.fastq.gz	ftp.sra.ebi.ac.uk/vol1/run/ERR150/ERR15003896/767G_S43_R1_001.fastq.gz;ftp.sra.ebi.ac.uk/vol1/run/ERR150/ERR15003896/767G_S43_R2_001.fastq.gz	FASTQ;FASTQ	767G		767G		2025-05-20	ftp.sra.ebi.ac.uk/vol1/err/ERR150/096/ERR15003896/ERR15003896.bam	1278527819	95bf5e0254aaed445d9e2967df12a180	GENERATED_FILE;GENERATED_FILE	SUBMISSION_FILE;SUBMISSION_FILE	ARCHIVAL_FILE
ERR15003829	PRJEB79944	ERP164023	SAMEA118336031	ERS24550712	ERX14407798	ERA33133718	408170	human gut metagenome	ILLUMINA	Illumina NovaSeq 6000	NA		PAIRED	WGS	METAGENOMIC	RANDOM	21273928	3091450178	Centre of Host Microbiome Interaction	2025-05-21	2025-05-21	Illumina NovaSeq 6000 sequencing	Gut and oral microbiomes to investigate the oral-gut-brain axis on the pathophysiology of Parkinson's Disease patients	53e7d904-96a7-4098-8eea-909c4f82549a	ena-EXPERIMENT-TAB-20-05-2025-23:07:32:047-203321	ena-RUN-TAB-20-05-2025-23:07:32:047-203322	780578879;822800121	110f52807830dcbe88b2a6b801a6fa4a;0939b26fd5ab922811758a8e06037a47	ftp.sra.ebi.ac.uk/vol1/fastq/ERR150/029/ERR15003829/ERR15003829_1.fastq.gz;ftp.sra.ebi.ac.uk/vol1/fastq/ERR150/029/ERR15003829/ERR15003829_2.fastq.gz	fasp.sra.ebi.ac.uk:/vol1/fastq/ERR150/029/ERR15003829/ERR15003829_1.fastq.gz;fasp.sra.ebi.ac.uk:/vol1/fastq/ERR150/029/ERR15003829/ERR15003829_2.fastq.gz	ftp.sra.ebi.ac.uk/vol1/fastq/ERR150/029/ERR15003829/ERR15003829_1.fastq.gz;ftp.sra.ebi.ac.uk/vol1/fastq/ERR150/029/ERR15003829/ERR15003829_2.fastq.gz	879079221;928849318	cba9381e23217ace527360df8362a900;f43348da0ddf8842e818039416548213	ftp.sra.ebi.ac.uk/vol1/run/ERR150/ERR15003829/797G_R1_001.fastq.gz;ftp.sra.ebi.ac.uk/vol1/run/ERR150/ERR15003829/797G_R2_001.fastq.gz	fasp.sra.ebi.ac.uk:/vol1/run/ERR150/ERR15003829/797G_R1_001.fastq.gz;fasp.sra.ebi.ac.uk:/vol1/run/ERR150/ERR15003829/797G_R2_001.fastq.gz	ftp.sra.ebi.ac.uk/vol1/run/ERR150/ERR15003829/797G_R1_001.fastq.gz;ftp.sra.ebi.ac.uk/vol1/run/ERR150/ERR15003829/797G_R2_001.fastq.gz	FASTQ;FASTQ	797G		797G		2025-05-20	ftp.sra.ebi.ac.uk/vol1/err/ERR150/029/ERR15003829/ERR15003829.bam	1549594823	cec65922868939d5ec116bbe2081e531	GENERATED_FILE;GENERATED_FILE	SUBMISSION_FILE;SUBMISSION_FILE	ARCHIVAL_FILE
ERR15003832	PRJEB79944	ERP164023	SAMEA118336034	ERS24550715	ERX14407801	ERA33133718	408170	human gut metagenome	ILLUMINA	Illumina NovaSeq 6000	NA		PAIRED	WGS	METAGENOMIC	RANDOM	28816982	4221270551	Centre of Host Microbiome Interaction	2025-05-21	2025-05-21	Illumina NovaSeq 6000 sequencing	Gut and oral microbiomes to investigate the oral-gut-brain axis on the pathophysiology of Parkinson's Disease patients	53e7d904-96a7-4098-8eea-909c4f82549a	ena-EXPERIMENT-TAB-20-05-2025-23:07:32:048-203327	ena-RUN-TAB-20-05-2025-23:07:32:048-203328	1057505895;1081744294	c40dffae9bf4942cc34d45d7f13a260a;302f2f770bc90fd26da0640ca3898eb5	ftp.sra.ebi.ac.uk/vol1/fastq/ERR150/032/ERR15003832/ERR15003832_1.fastq.gz;ftp.sra.ebi.ac.uk/vol1/fastq/ERR150/032/ERR15003832/ERR15003832_2.fastq.gz	fasp.sra.ebi.ac.uk:/vol1/fastq/ERR150/032/ERR15003832/ERR15003832_1.fastq.gz;fasp.sra.ebi.ac.uk:/vol1/fastq/ERR150/032/ERR15003832/ERR15003832_2.fastq.gz	ftp.sra.ebi.ac.uk/vol1/fastq/ERR150/032/ERR15003832/ERR15003832_1.fastq.gz;ftp.sra.ebi.ac.uk/vol1/fastq/ERR150/032/ERR15003832/ERR15003832_2.fastq.gz	1163304056;1194829158	9304058998be08d01fb1e8eb54b86377;dc294c687155480c24a51f047700d3e3	ftp.sra.ebi.ac.uk/vol1/run/ERR150/ERR15003832/909G_S52_R1_001.fastq.gz;ftp.sra.ebi.ac.uk/vol1/run/ERR150/ERR15003832/909G_S52_R2_001.fastq.gz	fasp.sra.ebi.ac.uk:/vol1/run/ERR150/ERR15003832/909G_S52_R1_001.fastq.gz;fasp.sra.ebi.ac.uk:/vol1/run/ERR150/ERR15003832/909G_S52_R2_001.fastq.gz	ftp.sra.ebi.ac.uk/vol1/run/ERR150/ERR15003832/909G_S52_R1_001.fastq.gz;ftp.sra.ebi.ac.uk/vol1/run/ERR150/ERR15003832/909G_S52_R2_001.fastq.gz	FASTQ;FASTQ	909G		909G		2025-05-20	ftp.sra.ebi.ac.uk/vol1/err/ERR150/032/ERR15003832/ERR15003832.bam	2053831008	5fd8d7e6a37839d6cb1bcd2ff1fa5fee	GENERATED_FILE;GENERATED_FILE	SUBMISSION_FILE;SUBMISSION_FILE	ARCHIVAL_FILE
ERR15003833	PRJEB79944	ERP164023	SAMEA118336035	ERS24550716	ERX14407802	ERA33133718	408170	human gut metagenome	ILLUMINA	Illumina NovaSeq 6000	NA		PAIRED	WGS	METAGENOMIC	RANDOM	20208770	2942732156	Centre of Host Microbiome Interaction	2025-05-21	2025-05-21	Illumina NovaSeq 6000 sequencing	Gut and oral microbiomes to investigate the oral-gut-brain axis on the pathophysiology of Parkinson's Disease patients	53e7d904-96a7-4098-8eea-909c4f82549a	ena-EXPERIMENT-TAB-20-05-2025-23:07:32:048-203329	ena-RUN-TAB-20-05-2025-23:07:32:048-203330	776777165;780448224	e01e593ffcf43170d378a7a496072710;a6f08a0f1144cb9f3c6f041146255b01	ftp.sra.ebi.ac.uk/vol1/fastq/ERR150/033/ERR15003833/ERR15003833_1.fastq.gz;ftp.sra.ebi.ac.uk/vol1/fastq/ERR150/033/ERR15003833/ERR15003833_2.fastq.gz	fasp.sra.ebi.ac.uk:/vol1/fastq/ERR150/033/ERR15003833/ERR15003833_1.fastq.gz;fasp.sra.ebi.ac.uk:/vol1/fastq/ERR150/033/ERR15003833/ERR15003833_2.fastq.gz	ftp.sra.ebi.ac.uk/vol1/fastq/ERR150/033/ERR15003833/ERR15003833_1.fastq.gz;ftp.sra.ebi.ac.uk/vol1/fastq/ERR150/033/ERR15003833/ERR15003833_2.fastq.gz	867514940;870720095	367240a5bd15d5508f90477b5db2ed6e;e5e31a5fef8601e3e41d53bb6f93a9f0	ftp.sra.ebi.ac.uk/vol1/run/ERR150/ERR15003833/754G_S82_R1_001.fastq.gz;ftp.sra.ebi.ac.uk/vol1/run/ERR150/ERR15003833/754G_S82_R2_001.fastq.gz	fasp.sra.ebi.ac.uk:/vol1/run/ERR150/ERR15003833/754G_S82_R1_001.fastq.gz;fasp.sra.ebi.ac.uk:/vol1/run/ERR150/ERR15003833/754G_S82_R2_001.fastq.gz	ftp.sra.ebi.ac.uk/vol1/run/ERR150/ERR15003833/754G_S82_R1_001.fastq.gz;ftp.sra.ebi.ac.uk/vol1/run/ERR150/ERR15003833/754G_S82_R2_001.fastq.gz	FASTQ;FASTQ	754G		754G		2025-05-20	ftp.sra.ebi.ac.uk/vol1/err/ERR150/033/ERR15003833/ERR15003833.bam	1509274788	ecd058ba6d8af683d2ee598fb3ae6dea	GENERATED_FILE;GENERATED_FILE	SUBMISSION_FILE;SUBMISSION_FILE	ARCHIVAL_FILE
ERR15003900	PRJEB79944	ERP164023	SAMEA118336102	ERS24550783	ERX14407869	ERA33133718	408170	human gut metagenome	ILLUMINA	Illumina NovaSeq 6000	NA		PAIRED	WGS	METAGENOMIC	RANDOM	24086442	3552964723	Centre of Host Microbiome Interaction	2025-05-21	2025-05-21	Illumina NovaSeq 6000 sequencing	Gut and oral microbiomes to investigate the oral-gut-brain axis on the pathophysiology of Parkinson's Disease patients	53e7d904-96a7-4098-8eea-909c4f82549a	ena-EXPERIMENT-TAB-20-05-2025-23:07:32:074-203463	ena-RUN-TAB-20-05-2025-23:07:32:075-203464	895991301;947661851	fba8a46e71bae69c2a64bfcd9f5cdc6f;270b197de5392a4a3d9e921a75837cea	ftp.sra.ebi.ac.uk/vol1/fastq/ERR150/000/ERR15003900/ERR15003900_1.fastq.gz;ftp.sra.ebi.ac.uk/vol1/fastq/ERR150/000/ERR15003900/ERR15003900_2.fastq.gz	fasp.sra.ebi.ac.uk:/vol1/fastq/ERR150/000/ERR15003900/ERR15003900_1.fastq.gz;fasp.sra.ebi.ac.uk:/vol1/fastq/ERR150/000/ERR15003900/ERR15003900_2.fastq.gz	ftp.sra.ebi.ac.uk/vol1/fastq/ERR150/000/ERR15003900/ERR15003900_1.fastq.gz;ftp.sra.ebi.ac.uk/vol1/fastq/ERR150/000/ERR15003900/ERR15003900_2.fastq.gz	1006179958;1066646486	1f17e5dcbb18fac76f03cd52d3ff51c7;704eb9b798361d567632f66b4fc9defb	ftp.sra.ebi.ac.uk/vol1/run/ERR150/ERR15003900/791G_S22_R1_001.fastq.gz;ftp.sra.ebi.ac.uk/vol1/run/ERR150/ERR15003900/791G_S22_R2_001.fastq.gz	fasp.sra.ebi.ac.uk:/vol1/run/ERR150/ERR15003900/791G_S22_R1_001.fastq.gz;fasp.sra.ebi.ac.uk:/vol1/run/ERR150/ERR15003900/791G_S22_R2_001.fastq.gz	ftp.sra.ebi.ac.uk/vol1/run/ERR150/ERR15003900/791G_S22_R1_001.fastq.gz;ftp.sra.ebi.ac.uk/vol1/run/ERR150/ERR15003900/791G_S22_R2_001.fastq.gz	FASTQ;FASTQ	791G		791G		2025-05-20	ftp.sra.ebi.ac.uk/vol1/err/ERR150/000/ERR15003900/ERR15003900.bam	1781564266	1a4128265b188507841fe03a942d8b82	GENERATED_FILE;GENERATED_FILE	SUBMISSION_FILE;SUBMISSION_FILE	ARCHIVAL_FILE
ERR15003836	PRJEB79944	ERP164023	SAMEA118336038	ERS24550719	ERX14407805	ERA33133718	408170	human gut metagenome	ILLUMINA	Illumina NovaSeq 6000	NA		PAIRED	WGS	METAGENOMIC	RANDOM	98600652	14416012244	Centre of Host Microbiome Interaction	2025-05-21	2025-05-21	Illumina NovaSeq 6000 sequencing	Gut and oral microbiomes to investigate the oral-gut-brain axis on the pathophysiology of Parkinson's Disease patients	53e7d904-96a7-4098-8eea-909c4f82549a	ena-EXPERIMENT-TAB-20-05-2025-23:07:32:049-203335	ena-RUN-TAB-20-05-2025-23:07:32:049-203336	3667470492;3794394572	65f4e0ee24dc40996be1732ddc635ea6;818d85a6ca28eb2e36e8d4a342df6793	ftp.sra.ebi.ac.uk/vol1/fastq/ERR150/036/ERR15003836/ERR15003836_1.fastq.gz;ftp.sra.ebi.ac.uk/vol1/fastq/ERR150/036/ERR15003836/ERR15003836_2.fastq.gz	fasp.sra.ebi.ac.uk:/vol1/fastq/ERR150/036/ERR15003836/ERR15003836_1.fastq.gz;fasp.sra.ebi.ac.uk:/vol1/fastq/ERR150/036/ERR15003836/ERR15003836_2.fastq.gz	ftp.sra.ebi.ac.uk/vol1/fastq/ERR150/036/ERR15003836/ERR15003836_1.fastq.gz;ftp.sra.ebi.ac.uk/vol1/fastq/ERR150/036/ERR15003836/ERR15003836_2.fastq.gz	4043494515;4200937116	fec270d234d92e6a72ad943d13b75289;59b7fd185454af1f82544b0a2fb77cf7	ftp.sra.ebi.ac.uk/vol1/run/ERR150/ERR15003836/318G_R1_001.fastq.gz;ftp.sra.ebi.ac.uk/vol1/run/ERR150/ERR15003836/318G_R2_001.fastq.gz	fasp.sra.ebi.ac.uk:/vol1/run/ERR150/ERR15003836/318G_R1_001.fastq.gz;fasp.sra.ebi.ac.uk:/vol1/run/ERR150/ERR15003836/318G_R2_001.fastq.gz	ftp.sra.ebi.ac.uk/vol1/run/ERR150/ERR15003836/318G_R1_001.fastq.gz;ftp.sra.ebi.ac.uk/vol1/run/ERR150/ERR15003836/318G_R2_001.fastq.gz	FASTQ;FASTQ	318G		318G		2025-05-20	ftp.sra.ebi.ac.uk/vol1/err/ERR150/036/ERR15003836/ERR15003836.bam	7179761043	b123d37aa306b62590da0f8881757b08	GENERATED_FILE;GENERATED_FILE	SUBMISSION_FILE;SUBMISSION_FILE	ARCHIVAL_FILE
ERR15003838	PRJEB79944	ERP164023	SAMEA118336040	ERS24550721	ERX14407807	ERA33133718	408170	human gut metagenome	ILLUMINA	Illumina NovaSeq 6000	NA		PAIRED	WGS	METAGENOMIC	RANDOM	44569016	6430622034	Centre of Host Microbiome Interaction	2025-05-21	2025-05-21	Illumina NovaSeq 6000 sequencing	Gut and oral microbiomes to investigate the oral-gut-brain axis on the pathophysiology of Parkinson's Disease patients	53e7d904-96a7-4098-8eea-909c4f82549a	ena-EXPERIMENT-TAB-20-05-2025-23:07:32:050-203339	ena-RUN-TAB-20-05-2025-23:07:32:050-203340	1661287115;1696462509	9e09e85706fc8bf71265d4feca665da2;b1f0651ea7a35d56873807d10c44d620	ftp.sra.ebi.ac.uk/vol1/fastq/ERR150/038/ERR15003838/ERR15003838_1.fastq.gz;ftp.sra.ebi.ac.uk/vol1/fastq/ERR150/038/ERR15003838/ERR15003838_2.fastq.gz	fasp.sra.ebi.ac.uk:/vol1/fastq/ERR150/038/ERR15003838/ERR15003838_1.fastq.gz;fasp.sra.ebi.ac.uk:/vol1/fastq/ERR150/038/ERR15003838/ERR15003838_2.fastq.gz	ftp.sra.ebi.ac.uk/vol1/fastq/ERR150/038/ERR15003838/ERR15003838_1.fastq.gz;ftp.sra.ebi.ac.uk/vol1/fastq/ERR150/038/ERR15003838/ERR15003838_2.fastq.gz	1855879164;1897508152	b87f44278c5c54db3f57e9ad5337867d;da3b841e409d74b122a9c3248cf158a4	ftp.sra.ebi.ac.uk/vol1/run/ERR150/ERR15003838/747G_R1_001.fastq.gz;ftp.sra.ebi.ac.uk/vol1/run/ERR150/ERR15003838/747G_R2_001.fastq.gz	fasp.sra.ebi.ac.uk:/vol1/run/ERR150/ERR15003838/747G_R1_001.fastq.gz;fasp.sra.ebi.ac.uk:/vol1/run/ERR150/ERR15003838/747G_R2_001.fastq.gz	ftp.sra.ebi.ac.uk/vol1/run/ERR150/ERR15003838/747G_R1_001.fastq.gz;ftp.sra.ebi.ac.uk/vol1/run/ERR150/ERR15003838/747G_R2_001.fastq.gz	FASTQ;FASTQ	747G		747G		2025-05-20	ftp.sra.ebi.ac.uk/vol1/err/ERR150/038/ERR15003838/ERR15003838.bam	3254576387	caa40d0f2bb2ab0cdbfed39d5436f8c5	GENERATED_FILE;GENERATED_FILE	SUBMISSION_FILE;SUBMISSION_FILE	ARCHIVAL_FILE
ERR15003907	PRJEB79944	ERP164023	SAMEA118336109	ERS24550790	ERX14407876	ERA33133718	408170	human gut metagenome	ILLUMINA	Illumina NovaSeq 6000	NA		PAIRED	WGS	METAGENOMIC	RANDOM	22326134	3290973971	Centre of Host Microbiome Interaction	2025-05-21	2025-05-21	Illumina NovaSeq 6000 sequencing	Gut and oral microbiomes to investigate the oral-gut-brain axis on the pathophysiology of Parkinson's Disease patients	53e7d904-96a7-4098-8eea-909c4f82549a	ena-EXPERIMENT-TAB-20-05-2025-23:07:32:077-203477	ena-RUN-TAB-20-05-2025-23:07:32:078-203478	858141937;883700420	f0d35749c3c211bbc05cba85ea892cde;8d966344afa5de4b4d0049013c9bdeab	ftp.sra.ebi.ac.uk/vol1/fastq/ERR150/007/ERR15003907/ERR15003907_1.fastq.gz;ftp.sra.ebi.ac.uk/vol1/fastq/ERR150/007/ERR15003907/ERR15003907_2.fastq.gz	fasp.sra.ebi.ac.uk:/vol1/fastq/ERR150/007/ERR15003907/ERR15003907_1.fastq.gz;fasp.sra.ebi.ac.uk:/vol1/fastq/ERR150/007/ERR15003907/ERR15003907_2.fastq.gz	ftp.sra.ebi.ac.uk/vol1/fastq/ERR150/007/ERR15003907/ERR15003907_1.fastq.gz;ftp.sra.ebi.ac.uk/vol1/fastq/ERR150/007/ERR15003907/ERR15003907_2.fastq.gz	961654656;990158340	8eead2059b5ec257308f0ab08506a1f9;ae948e836a2a4a3e9b4d611c08205ddd	ftp.sra.ebi.ac.uk/vol1/run/ERR150/ERR15003907/872G_S57_R1_001.fastq.gz;ftp.sra.ebi.ac.uk/vol1/run/ERR150/ERR15003907/872G_S57_R2_001.fastq.gz	fasp.sra.ebi.ac.uk:/vol1/run/ERR150/ERR15003907/872G_S57_R1_001.fastq.gz;fasp.sra.ebi.ac.uk:/vol1/run/ERR150/ERR15003907/872G_S57_R2_001.fastq.gz	ftp.sra.ebi.ac.uk/vol1/run/ERR150/ERR15003907/872G_S57_R1_001.fastq.gz;ftp.sra.ebi.ac.uk/vol1/run/ERR150/ERR15003907/872G_S57_R2_001.fastq.gz	FASTQ;FASTQ	872G		872G		2025-05-20	ftp.sra.ebi.ac.uk/vol1/err/ERR150/007/ERR15003907/ERR15003907.bam	1685942977	5068b0fe0e1d549050b2e17d0ed31dd4	GENERATED_FILE;GENERATED_FILE	SUBMISSION_FILE;SUBMISSION_FILE	ARCHIVAL_FILE
ERR15003908	PRJEB79944	ERP164023	SAMEA118336110	ERS24550791	ERX14407877	ERA33133718	408170	human gut metagenome	ILLUMINA	Illumina NovaSeq 6000	NA		PAIRED	WGS	METAGENOMIC	RANDOM	20074890	2972167133	Centre of Host Microbiome Interaction	2025-05-21	2025-05-21	Illumina NovaSeq 6000 sequencing	Gut and oral microbiomes to investigate the oral-gut-brain axis on the pathophysiology of Parkinson's Disease patients	53e7d904-96a7-4098-8eea-909c4f82549a	ena-EXPERIMENT-TAB-20-05-2025-23:07:32:078-203479	ena-RUN-TAB-20-05-2025-23:07:32:078-203480	778333346;801140627	1afaff261bcd034ea4242620c3b97e26;ce1ea035a8eb52e242a65955bf9dff69	ftp.sra.ebi.ac.uk/vol1/fastq/ERR150/008/ERR15003908/ERR15003908_1.fastq.gz;ftp.sra.ebi.ac.uk/vol1/fastq/ERR150/008/ERR15003908/ERR15003908_2.fastq.gz	fasp.sra.ebi.ac.uk:/vol1/fastq/ERR150/008/ERR15003908/ERR15003908_1.fastq.gz;fasp.sra.ebi.ac.uk:/vol1/fastq/ERR150/008/ERR15003908/ERR15003908_2.fastq.gz	ftp.sra.ebi.ac.uk/vol1/fastq/ERR150/008/ERR15003908/ERR15003908_1.fastq.gz;ftp.sra.ebi.ac.uk/vol1/fastq/ERR150/008/ERR15003908/ERR15003908_2.fastq.gz	873511677;899313852	802dc660cada3445860bfc7355ed2671;71bdb8477a15df41e88091420cb80677	ftp.sra.ebi.ac.uk/vol1/run/ERR150/ERR15003908/787G_S48_R1_001.fastq.gz;ftp.sra.ebi.ac.uk/vol1/run/ERR150/ERR15003908/787G_S48_R2_001.fastq.gz	fasp.sra.ebi.ac.uk:/vol1/run/ERR150/ERR15003908/787G_S48_R1_001.fastq.gz;fasp.sra.ebi.ac.uk:/vol1/run/ERR150/ERR15003908/787G_S48_R2_001.fastq.gz	ftp.sra.ebi.ac.uk/vol1/run/ERR150/ERR15003908/787G_S48_R1_001.fastq.gz;ftp.sra.ebi.ac.uk/vol1/run/ERR150/ERR15003908/787G_S48_R2_001.fastq.gz	FASTQ;FASTQ	787G		787G		2025-05-20	ftp.sra.ebi.ac.uk/vol1/err/ERR150/008/ERR15003908/ERR15003908.bam	1527238933	6a2393f029e3640f8a8d0cfae1cca303	GENERATED_FILE;GENERATED_FILE	SUBMISSION_FILE;SUBMISSION_FILE	ARCHIVAL_FILE
ERR15003914	PRJEB79944	ERP164023	SAMEA118336116	ERS24550797	ERX14407883	ERA33133718	408170	human gut metagenome	ILLUMINA	Illumina NovaSeq 6000	NA		PAIRED	WGS	METAGENOMIC	RANDOM	65680800	9581128953	Centre of Host Microbiome Interaction	2025-05-21	2025-05-21	Illumina NovaSeq 6000 sequencing	Gut and oral microbiomes to investigate the oral-gut-brain axis on the pathophysiology of Parkinson's Disease patients	53e7d904-96a7-4098-8eea-909c4f82549a	ena-EXPERIMENT-TAB-20-05-2025-23:07:32:080-203491	ena-RUN-TAB-20-05-2025-23:07:32:080-203492	2448919500;2531644983	b135f6a2601170f6d651bb89694194c2;8a78947cecd4cab7586cb16fe3f3ceb5	ftp.sra.ebi.ac.uk/vol1/fastq/ERR150/014/ERR15003914/ERR15003914_1.fastq.gz;ftp.sra.ebi.ac.uk/vol1/fastq/ERR150/014/ERR15003914/ERR15003914_2.fastq.gz	fasp.sra.ebi.ac.uk:/vol1/fastq/ERR150/014/ERR15003914/ERR15003914_1.fastq.gz;fasp.sra.ebi.ac.uk:/vol1/fastq/ERR150/014/ERR15003914/ERR15003914_2.fastq.gz	ftp.sra.ebi.ac.uk/vol1/fastq/ERR150/014/ERR15003914/ERR15003914_1.fastq.gz;ftp.sra.ebi.ac.uk/vol1/fastq/ERR150/014/ERR15003914/ERR15003914_2.fastq.gz	2697028098;2800551489	013ac16ce81a69bcc3462767fce37cbb;523f445037a50c42a7c6dcdc9050dd60	ftp.sra.ebi.ac.uk/vol1/run/ERR150/ERR15003914/792G_R1_001.fastq.gz;ftp.sra.ebi.ac.uk/vol1/run/ERR150/ERR15003914/792G_R2_001.fastq.gz	fasp.sra.ebi.ac.uk:/vol1/run/ERR150/ERR15003914/792G_R1_001.fastq.gz;fasp.sra.ebi.ac.uk:/vol1/run/ERR150/ERR15003914/792G_R2_001.fastq.gz	ftp.sra.ebi.ac.uk/vol1/run/ERR150/ERR15003914/792G_R1_001.fastq.gz;ftp.sra.ebi.ac.uk/vol1/run/ERR150/ERR15003914/792G_R2_001.fastq.gz	FASTQ;FASTQ	792G		792G		2025-05-20	ftp.sra.ebi.ac.uk/vol1/err/ERR150/014/ERR15003914/ERR15003914.bam	4785733510	80aeaf9c07c458f394bcd007f370654f	GENERATED_FILE;GENERATED_FILE	SUBMISSION_FILE;SUBMISSION_FILE	ARCHIVAL_FILE
ERR15003920	PRJEB79944	ERP164023	SAMEA118336122	ERS24550803	ERX14407889	ERA33133718	408170	human gut metagenome	ILLUMINA	Illumina NovaSeq 6000	NA		PAIRED	WGS	METAGENOMIC	RANDOM	69568648	10250760671	Centre of Host Microbiome Interaction	2025-05-21	2025-05-21	Illumina NovaSeq 6000 sequencing	Gut and oral microbiomes to investigate the oral-gut-brain axis on the pathophysiology of Parkinson's Disease patients	53e7d904-96a7-4098-8eea-909c4f82549a	ena-EXPERIMENT-TAB-20-05-2025-23:07:32:082-203503	ena-RUN-TAB-20-05-2025-23:07:32:083-203504	2608294384;2607574528	a62f01091cc1670c52b0a40eac6600bc;f89b21825dc40634ad644579396b6bd9	ftp.sra.ebi.ac.uk/vol1/fastq/ERR150/020/ERR15003920/ERR15003920_1.fastq.gz;ftp.sra.ebi.ac.uk/vol1/fastq/ERR150/020/ERR15003920/ERR15003920_2.fastq.gz	fasp.sra.ebi.ac.uk:/vol1/fastq/ERR150/020/ERR15003920/ERR15003920_1.fastq.gz;fasp.sra.ebi.ac.uk:/vol1/fastq/ERR150/020/ERR15003920/ERR15003920_2.fastq.gz	ftp.sra.ebi.ac.uk/vol1/fastq/ERR150/020/ERR15003920/ERR15003920_1.fastq.gz;ftp.sra.ebi.ac.uk/vol1/fastq/ERR150/020/ERR15003920/ERR15003920_2.fastq.gz	2853766866;2859669953	04a26d98bafe5fb4bd314be29dc73b75;367172040fe398a4a2455e05a69cb62b	ftp.sra.ebi.ac.uk/vol1/run/ERR150/ERR15003920/746G_S130_L002_R1_001.fastq.gz;ftp.sra.ebi.ac.uk/vol1/run/ERR150/ERR15003920/746G_S130_L002_R2_001.fastq.gz	fasp.sra.ebi.ac.uk:/vol1/run/ERR150/ERR15003920/746G_S130_L002_R1_001.fastq.gz;fasp.sra.ebi.ac.uk:/vol1/run/ERR150/ERR15003920/746G_S130_L002_R2_001.fastq.gz	ftp.sra.ebi.ac.uk/vol1/run/ERR150/ERR15003920/746G_S130_L002_R1_001.fastq.gz;ftp.sra.ebi.ac.uk/vol1/run/ERR150/ERR15003920/746G_S130_L002_R2_001.fastq.gz	FASTQ;FASTQ	746G		746G		2025-05-20	ftp.sra.ebi.ac.uk/vol1/err/ERR150/020/ERR15003920/ERR15003920.bam	5004530687	ceef0642458c5196606109bab6dc4531	GENERATED_FILE;GENERATED_FILE	SUBMISSION_FILE;SUBMISSION_FILE	ARCHIVAL_FILE
ERR15003849	PRJEB79944	ERP164023	SAMEA118336051	ERS24550732	ERX14407818	ERA33133718	408170	human gut metagenome	ILLUMINA	Illumina NovaSeq 6000	NA		PAIRED	WGS	METAGENOMIC	RANDOM	34066720	5001381291	Centre of Host Microbiome Interaction	2025-05-21	2025-05-21	Illumina NovaSeq 6000 sequencing	Gut and oral microbiomes to investigate the oral-gut-brain axis on the pathophysiology of Parkinson's Disease patients	53e7d904-96a7-4098-8eea-909c4f82549a	ena-EXPERIMENT-TAB-20-05-2025-23:07:32:053-203361	ena-RUN-TAB-20-05-2025-23:07:32:054-203362	1245533866;1333505577	208c1aa7d637196f1b548614152ab73f;9751cb66ef7db6376545c41d6221adf0	ftp.sra.ebi.ac.uk/vol1/fastq/ERR150/049/ERR15003849/ERR15003849_1.fastq.gz;ftp.sra.ebi.ac.uk/vol1/fastq/ERR150/049/ERR15003849/ERR15003849_2.fastq.gz	fasp.sra.ebi.ac.uk:/vol1/fastq/ERR150/049/ERR15003849/ERR15003849_1.fastq.gz;fasp.sra.ebi.ac.uk:/vol1/fastq/ERR150/049/ERR15003849/ERR15003849_2.fastq.gz	ftp.sra.ebi.ac.uk/vol1/fastq/ERR150/049/ERR15003849/ERR15003849_1.fastq.gz;ftp.sra.ebi.ac.uk/vol1/fastq/ERR150/049/ERR15003849/ERR15003849_2.fastq.gz	1387183343;1489621474	13c86c24dce07ab2b7fa8aeff8fff2f5;502950f21f165ec6dcc31d1103dec78e	ftp.sra.ebi.ac.uk/vol1/run/ERR150/ERR15003849/705G_S10_R1_001.fastq.gz;ftp.sra.ebi.ac.uk/vol1/run/ERR150/ERR15003849/705G_S10_R2_001.fastq.gz	fasp.sra.ebi.ac.uk:/vol1/run/ERR150/ERR15003849/705G_S10_R1_001.fastq.gz;fasp.sra.ebi.ac.uk:/vol1/run/ERR150/ERR15003849/705G_S10_R2_001.fastq.gz	ftp.sra.ebi.ac.uk/vol1/run/ERR150/ERR15003849/705G_S10_R1_001.fastq.gz;ftp.sra.ebi.ac.uk/vol1/run/ERR150/ERR15003849/705G_S10_R2_001.fastq.gz	FASTQ;FASTQ	705G		705G		2025-05-20	ftp.sra.ebi.ac.uk/vol1/err/ERR150/049/ERR15003849/ERR15003849.bam	2490397754	f50079910bd6233eb244166262ec6803	GENERATED_FILE;GENERATED_FILE	SUBMISSION_FILE;SUBMISSION_FILE	ARCHIVAL_FILE
ERR15003921	PRJEB79944	ERP164023	SAMEA118336123	ERS24550804	ERX14407890	ERA33133718	408170	human gut metagenome	ILLUMINA	Illumina NovaSeq 6000	NA		PAIRED	WGS	METAGENOMIC	RANDOM	52978954	7629704829	Centre of Host Microbiome Interaction	2025-05-21	2025-05-21	Illumina NovaSeq 6000 sequencing	Gut and oral microbiomes to investigate the oral-gut-brain axis on the pathophysiology of Parkinson's Disease patients	53e7d904-96a7-4098-8eea-909c4f82549a	ena-EXPERIMENT-TAB-20-05-2025-23:07:32:083-203505	ena-RUN-TAB-20-05-2025-23:07:32:083-203506	1927494703;2010282127	5a2700a8d6a71df2e8ea6f373a71a9fb;fa60279d5b3cd60a32dfe8f57f814096	ftp.sra.ebi.ac.uk/vol1/fastq/ERR150/021/ERR15003921/ERR15003921_1.fastq.gz;ftp.sra.ebi.ac.uk/vol1/fastq/ERR150/021/ERR15003921/ERR15003921_2.fastq.gz	fasp.sra.ebi.ac.uk:/vol1/fastq/ERR150/021/ERR15003921/ERR15003921_1.fastq.gz;fasp.sra.ebi.ac.uk:/vol1/fastq/ERR150/021/ERR15003921/ERR15003921_2.fastq.gz	ftp.sra.ebi.ac.uk/vol1/fastq/ERR150/021/ERR15003921/ERR15003921_1.fastq.gz;ftp.sra.ebi.ac.uk/vol1/fastq/ERR150/021/ERR15003921/ERR15003921_2.fastq.gz	2163989237;2262647567	a8c2b7cb831dc1b39246eea10894196a;66cf429a9540f64e389e52d5eecbad00	ftp.sra.ebi.ac.uk/vol1/run/ERR150/ERR15003921/915G_R1_001.fastq.gz;ftp.sra.ebi.ac.uk/vol1/run/ERR150/ERR15003921/915G_R2_001.fastq.gz	fasp.sra.ebi.ac.uk:/vol1/run/ERR150/ERR15003921/915G_R1_001.fastq.gz;fasp.sra.ebi.ac.uk:/vol1/run/ERR150/ERR15003921/915G_R2_001.fastq.gz	ftp.sra.ebi.ac.uk/vol1/run/ERR150/ERR15003921/915G_R1_001.fastq.gz;ftp.sra.ebi.ac.uk/vol1/run/ERR150/ERR15003921/915G_R2_001.fastq.gz	FASTQ;FASTQ	915G		915G		2025-05-20	ftp.sra.ebi.ac.uk/vol1/err/ERR150/021/ERR15003921/ERR15003921.bam	3808583865	4085d010dc501bf56dbf90de947b6de6	GENERATED_FILE;GENERATED_FILE	SUBMISSION_FILE;SUBMISSION_FILE	ARCHIVAL_FILE
ERR15003850	PRJEB79944	ERP164023	SAMEA118336052	ERS24550733	ERX14407819	ERA33133718	408170	human gut metagenome	ILLUMINA	Illumina NovaSeq 6000	NA		PAIRED	WGS	METAGENOMIC	RANDOM	20975984	3118420890	Centre of Host Microbiome Interaction	2025-05-21	2025-05-21	Illumina NovaSeq 6000 sequencing	Gut and oral microbiomes to investigate the oral-gut-brain axis on the pathophysiology of Parkinson's Disease patients	53e7d904-96a7-4098-8eea-909c4f82549a	ena-EXPERIMENT-TAB-20-05-2025-23:07:32:054-203363	ena-RUN-TAB-20-05-2025-23:07:32:054-203364	778730438;847831122	5edbcfea50026b43b003d4b0c6cc6921;e4fb238f2eb2f9fcef6d5c2f0c40077f	ftp.sra.ebi.ac.uk/vol1/fastq/ERR150/050/ERR15003850/ERR15003850_1.fastq.gz;ftp.sra.ebi.ac.uk/vol1/fastq/ERR150/050/ERR15003850/ERR15003850_2.fastq.gz	fasp.sra.ebi.ac.uk:/vol1/fastq/ERR150/050/ERR15003850/ERR15003850_1.fastq.gz;fasp.sra.ebi.ac.uk:/vol1/fastq/ERR150/050/ERR15003850/ERR15003850_2.fastq.gz	ftp.sra.ebi.ac.uk/vol1/fastq/ERR150/050/ERR15003850/ERR15003850_1.fastq.gz;ftp.sra.ebi.ac.uk/vol1/fastq/ERR150/050/ERR15003850/ERR15003850_2.fastq.gz	869341505;949045967	2e4e32b1400872edee1fa30b530a3dcb;0733c0f70e286c4ed43d3b246e2eaff1	ftp.sra.ebi.ac.uk/vol1/run/ERR150/ERR15003850/501G_S81_R1_001.fastq.gz;ftp.sra.ebi.ac.uk/vol1/run/ERR150/ERR15003850/501G_S81_R2_001.fastq.gz	fasp.sra.ebi.ac.uk:/vol1/run/ERR150/ERR15003850/501G_S81_R1_001.fastq.gz;fasp.sra.ebi.ac.uk:/vol1/run/ERR150/ERR15003850/501G_S81_R2_001.fastq.gz	ftp.sra.ebi.ac.uk/vol1/run/ERR150/ERR15003850/501G_S81_R1_001.fastq.gz;ftp.sra.ebi.ac.uk/vol1/run/ERR150/ERR15003850/501G_S81_R2_001.fastq.gz	FASTQ;FASTQ	501G		501G		2025-05-20	ftp.sra.ebi.ac.uk/vol1/err/ERR150/050/ERR15003850/ERR15003850.bam	1572166650	328717d56a8515a02868afd05215c882	GENERATED_FILE;GENERATED_FILE	SUBMISSION_FILE;SUBMISSION_FILE	ARCHIVAL_FILE
ERR15003855	PRJEB79944	ERP164023	SAMEA118336057	ERS24550738	ERX14407824	ERA33133718	408170	human gut metagenome	ILLUMINA	Illumina NovaSeq 6000	NA		PAIRED	WGS	METAGENOMIC	RANDOM	13972716	2062980411	Centre of Host Microbiome Interaction	2025-05-21	2025-05-21	Illumina NovaSeq 6000 sequencing	Gut and oral microbiomes to investigate the oral-gut-brain axis on the pathophysiology of Parkinson's Disease patients	53e7d904-96a7-4098-8eea-909c4f82549a	ena-EXPERIMENT-TAB-20-05-2025-23:07:32:056-203373	ena-RUN-TAB-20-05-2025-23:07:32:056-203374	552011573;549672779	378922483a7739a422393007c59ca94e;1672de5fd5d7dd4b7bc559656a83d5ed	ftp.sra.ebi.ac.uk/vol1/fastq/ERR150/055/ERR15003855/ERR15003855_1.fastq.gz;ftp.sra.ebi.ac.uk/vol1/fastq/ERR150/055/ERR15003855/ERR15003855_2.fastq.gz	fasp.sra.ebi.ac.uk:/vol1/fastq/ERR150/055/ERR15003855/ERR15003855_1.fastq.gz;fasp.sra.ebi.ac.uk:/vol1/fastq/ERR150/055/ERR15003855/ERR15003855_2.fastq.gz	ftp.sra.ebi.ac.uk/vol1/fastq/ERR150/055/ERR15003855/ERR15003855_1.fastq.gz;ftp.sra.ebi.ac.uk/vol1/fastq/ERR150/055/ERR15003855/ERR15003855_2.fastq.gz	622988546;619255350	9a99ab1578d1e92f8c7d384403a81b46;362ea2d8bafb1ff08a1421a6e7d3a9bb	ftp.sra.ebi.ac.uk/vol1/run/ERR150/ERR15003855/786G_S47_R1_001.fastq.gz;ftp.sra.ebi.ac.uk/vol1/run/ERR150/ERR15003855/786G_S47_R2_001.fastq.gz	fasp.sra.ebi.ac.uk:/vol1/run/ERR150/ERR15003855/786G_S47_R1_001.fastq.gz;fasp.sra.ebi.ac.uk:/vol1/run/ERR150/ERR15003855/786G_S47_R2_001.fastq.gz	ftp.sra.ebi.ac.uk/vol1/run/ERR150/ERR15003855/786G_S47_R1_001.fastq.gz;ftp.sra.ebi.ac.uk/vol1/run/ERR150/ERR15003855/786G_S47_R2_001.fastq.gz	FASTQ;FASTQ	786G		786G		2025-05-20	ftp.sra.ebi.ac.uk/vol1/err/ERR150/055/ERR15003855/ERR15003855.bam	1068005343	588d7eefc3befcb381489aad2596fbda	GENERATED_FILE;GENERATED_FILE	SUBMISSION_FILE;SUBMISSION_FILE	ARCHIVAL_FILE
ERR15003925	PRJEB79944	ERP164023	SAMEA118336127	ERS24550808	ERX14407894	ERA33133718	408170	human gut metagenome	ILLUMINA	Illumina NovaSeq 6000	NA		PAIRED	WGS	METAGENOMIC	RANDOM	50790260	7523577722	Centre of Host Microbiome Interaction	2025-05-21	2025-05-21	Illumina NovaSeq 6000 sequencing	Gut and oral microbiomes to investigate the oral-gut-brain axis on the pathophysiology of Parkinson's Disease patients	53e7d904-96a7-4098-8eea-909c4f82549a	ena-EXPERIMENT-TAB-20-05-2025-23:07:32:084-203513	ena-RUN-TAB-20-05-2025-23:07:32:084-203514	1882397308;1965830546	15f6bc9d45daa742b625a2683af6c104;540ef2fc9050fb8cf4b216ba3f40419e	ftp.sra.ebi.ac.uk/vol1/fastq/ERR150/025/ERR15003925/ERR15003925_1.fastq.gz;ftp.sra.ebi.ac.uk/vol1/fastq/ERR150/025/ERR15003925/ERR15003925_2.fastq.gz	fasp.sra.ebi.ac.uk:/vol1/fastq/ERR150/025/ERR15003925/ERR15003925_1.fastq.gz;fasp.sra.ebi.ac.uk:/vol1/fastq/ERR150/025/ERR15003925/ERR15003925_2.fastq.gz	ftp.sra.ebi.ac.uk/vol1/fastq/ERR150/025/ERR15003925/ERR15003925_1.fastq.gz;ftp.sra.ebi.ac.uk/vol1/fastq/ERR150/025/ERR15003925/ERR15003925_2.fastq.gz	2069757330;2173428495	0be014a05908f2cb060a81c9f3da3f6b;40c5b18495ba4824f37ad72b29216c88	ftp.sra.ebi.ac.uk/vol1/run/ERR150/ERR15003925/886G_S47_R1_001.fastq.gz;ftp.sra.ebi.ac.uk/vol1/run/ERR150/ERR15003925/886G_S47_R2_001.fastq.gz	fasp.sra.ebi.ac.uk:/vol1/run/ERR150/ERR15003925/886G_S47_R1_001.fastq.gz;fasp.sra.ebi.ac.uk:/vol1/run/ERR150/ERR15003925/886G_S47_R2_001.fastq.gz	ftp.sra.ebi.ac.uk/vol1/run/ERR150/ERR15003925/886G_S47_R1_001.fastq.gz;ftp.sra.ebi.ac.uk/vol1/run/ERR150/ERR15003925/886G_S47_R2_001.fastq.gz	FASTQ;FASTQ	886G		886G		2025-05-20	ftp.sra.ebi.ac.uk/vol1/err/ERR150/025/ERR15003925/ERR15003925.bam	3700471688	a604151369127016f134195bed7aee55	GENERATED_FILE;GENERATED_FILE	SUBMISSION_FILE;SUBMISSION_FILE	ARCHIVAL_FILE
ERR15003857	PRJEB79944	ERP164023	SAMEA118336059	ERS24550740	ERX14407826	ERA33133718	408170	human gut metagenome	ILLUMINA	Illumina NovaSeq 6000	NA		PAIRED	WGS	METAGENOMIC	RANDOM	49226000	7111174447	Centre of Host Microbiome Interaction	2025-05-21	2025-05-21	Illumina NovaSeq 6000 sequencing	Gut and oral microbiomes to investigate the oral-gut-brain axis on the pathophysiology of Parkinson's Disease patients	53e7d904-96a7-4098-8eea-909c4f82549a	ena-EXPERIMENT-TAB-20-05-2025-23:07:32:056-203377	ena-RUN-TAB-20-05-2025-23:07:32:057-203378	1798622300;1841341466	2da41072509417a99e4b80c808e5ffe8;c6f021befd7e8c30a0fff724e9754bbb	ftp.sra.ebi.ac.uk/vol1/fastq/ERR150/057/ERR15003857/ERR15003857_1.fastq.gz;ftp.sra.ebi.ac.uk/vol1/fastq/ERR150/057/ERR15003857/ERR15003857_2.fastq.gz	fasp.sra.ebi.ac.uk:/vol1/fastq/ERR150/057/ERR15003857/ERR15003857_1.fastq.gz;fasp.sra.ebi.ac.uk:/vol1/fastq/ERR150/057/ERR15003857/ERR15003857_2.fastq.gz	ftp.sra.ebi.ac.uk/vol1/fastq/ERR150/057/ERR15003857/ERR15003857_1.fastq.gz;ftp.sra.ebi.ac.uk/vol1/fastq/ERR150/057/ERR15003857/ERR15003857_2.fastq.gz	1996214297;2046648837	dd0311d8c34440bdb4a89cb155eef148;b5255c077e12a7eea98668e45b2311d3	ftp.sra.ebi.ac.uk/vol1/run/ERR150/ERR15003857/764G_S12_R1_001.fastq.gz;ftp.sra.ebi.ac.uk/vol1/run/ERR150/ERR15003857/764G_S12_R2_001.fastq.gz	fasp.sra.ebi.ac.uk:/vol1/run/ERR150/ERR15003857/764G_S12_R1_001.fastq.gz;fasp.sra.ebi.ac.uk:/vol1/run/ERR150/ERR15003857/764G_S12_R2_001.fastq.gz	ftp.sra.ebi.ac.uk/vol1/run/ERR150/ERR15003857/764G_S12_R1_001.fastq.gz;ftp.sra.ebi.ac.uk/vol1/run/ERR150/ERR15003857/764G_S12_R2_001.fastq.gz	FASTQ;FASTQ	764G		764G		2025-05-20	ftp.sra.ebi.ac.uk/vol1/err/ERR150/057/ERR15003857/ERR15003857.bam	3525949322	40492bc2fe3feaf25a704e4af25bd266	GENERATED_FILE;GENERATED_FILE	SUBMISSION_FILE;SUBMISSION_FILE	ARCHIVAL_FILE
ERR15003928	PRJEB79944	ERP164023	SAMEA118336130	ERS24550811	ERX14407897	ERA33133718	408170	human gut metagenome	ILLUMINA	Illumina NovaSeq 6000	NA		PAIRED	WGS	METAGENOMIC	RANDOM	54444834	8050447177	Centre of Host Microbiome Interaction	2025-05-21	2025-05-21	Illumina NovaSeq 6000 sequencing	Gut and oral microbiomes to investigate the oral-gut-brain axis on the pathophysiology of Parkinson's Disease patients	53e7d904-96a7-4098-8eea-909c4f82549a	ena-EXPERIMENT-TAB-20-05-2025-23:07:32:085-203519	ena-RUN-TAB-20-05-2025-23:07:32:085-203520	2060266538;2154423088	64d8cd7aa20fd93ee4c43a9bf8d39a56;bf0cd793f51e7bac24e147aa46b7eb69	ftp.sra.ebi.ac.uk/vol1/fastq/ERR150/028/ERR15003928/ERR15003928_1.fastq.gz;ftp.sra.ebi.ac.uk/vol1/fastq/ERR150/028/ERR15003928/ERR15003928_2.fastq.gz	fasp.sra.ebi.ac.uk:/vol1/fastq/ERR150/028/ERR15003928/ERR15003928_1.fastq.gz;fasp.sra.ebi.ac.uk:/vol1/fastq/ERR150/028/ERR15003928/ERR15003928_2.fastq.gz	ftp.sra.ebi.ac.uk/vol1/fastq/ERR150/028/ERR15003928/ERR15003928_1.fastq.gz;ftp.sra.ebi.ac.uk/vol1/fastq/ERR150/028/ERR15003928/ERR15003928_2.fastq.gz	2289833564;2398921234	9c78fc64bb7c67c2837869b0bf2f1899;3d7b9c524fc0718e83bee3122cc2669a	ftp.sra.ebi.ac.uk/vol1/run/ERR150/ERR15003928/848G_R1_001.fastq.gz;ftp.sra.ebi.ac.uk/vol1/run/ERR150/ERR15003928/848G_R2_001.fastq.gz	fasp.sra.ebi.ac.uk:/vol1/run/ERR150/ERR15003928/848G_R1_001.fastq.gz;fasp.sra.ebi.ac.uk:/vol1/run/ERR150/ERR15003928/848G_R2_001.fastq.gz	ftp.sra.ebi.ac.uk/vol1/run/ERR150/ERR15003928/848G_R1_001.fastq.gz;ftp.sra.ebi.ac.uk/vol1/run/ERR150/ERR15003928/848G_R2_001.fastq.gz	FASTQ;FASTQ	848G		848G		2025-05-20	ftp.sra.ebi.ac.uk/vol1/err/ERR150/028/ERR15003928/ERR15003928.bam	4070348407	2ff22edc37584e63d1b3a3bb6c3cae7c	GENERATED_FILE;GENERATED_FILE	SUBMISSION_FILE;SUBMISSION_FILE	ARCHIVAL_FILE
ERR15003858	PRJEB79944	ERP164023	SAMEA118336060	ERS24550741	ERX14407827	ERA33133718	408170	human gut metagenome	ILLUMINA	Illumina NovaSeq 6000	NA		PAIRED	WGS	METAGENOMIC	RANDOM	25817632	3792414981	Centre of Host Microbiome Interaction	2025-05-21	2025-05-21	Illumina NovaSeq 6000 sequencing	Gut and oral microbiomes to investigate the oral-gut-brain axis on the pathophysiology of Parkinson's Disease patients	53e7d904-96a7-4098-8eea-909c4f82549a	ena-EXPERIMENT-TAB-20-05-2025-23:07:32:057-203379	ena-RUN-TAB-20-05-2025-23:07:32:057-203380	947149270;1004437431	ce6b1e71ab5e2f02b2a211a74a3483a6;1eb3584d830f49729b81b673598e2dee	ftp.sra.ebi.ac.uk/vol1/fastq/ERR150/058/ERR15003858/ERR15003858_1.fastq.gz;ftp.sra.ebi.ac.uk/vol1/fastq/ERR150/058/ERR15003858/ERR15003858_2.fastq.gz	fasp.sra.ebi.ac.uk:/vol1/fastq/ERR150/058/ERR15003858/ERR15003858_1.fastq.gz;fasp.sra.ebi.ac.uk:/vol1/fastq/ERR150/058/ERR15003858/ERR15003858_2.fastq.gz	ftp.sra.ebi.ac.uk/vol1/fastq/ERR150/058/ERR15003858/ERR15003858_1.fastq.gz;ftp.sra.ebi.ac.uk/vol1/fastq/ERR150/058/ERR15003858/ERR15003858_2.fastq.gz	1064005472;1131468409	955435d9ac965fcd23a43fc9c1985e84;86a219befb4bbf1487408bfb392e73ba	ftp.sra.ebi.ac.uk/vol1/run/ERR150/ERR15003858/704G_S93_R1_001.fastq.gz;ftp.sra.ebi.ac.uk/vol1/run/ERR150/ERR15003858/704G_S93_R2_001.fastq.gz	fasp.sra.ebi.ac.uk:/vol1/run/ERR150/ERR15003858/704G_S93_R1_001.fastq.gz;fasp.sra.ebi.ac.uk:/vol1/run/ERR150/ERR15003858/704G_S93_R2_001.fastq.gz	ftp.sra.ebi.ac.uk/vol1/run/ERR150/ERR15003858/704G_S93_R1_001.fastq.gz;ftp.sra.ebi.ac.uk/vol1/run/ERR150/ERR15003858/704G_S93_R2_001.fastq.gz	FASTQ;FASTQ	704G		704G		2025-05-20	ftp.sra.ebi.ac.uk/vol1/err/ERR150/058/ERR15003858/ERR15003858.bam	1885210260	8fb3def8ecea9ffacc07891f98764cfa	GENERATED_FILE;GENERATED_FILE	SUBMISSION_FILE;SUBMISSION_FILE	ARCHIVAL_FILE
ERR15003860	PRJEB79944	ERP164023	SAMEA118336062	ERS24550743	ERX14407829	ERA33133718	408170	human gut metagenome	ILLUMINA	Illumina NovaSeq 6000	NA		PAIRED	WGS	METAGENOMIC	RANDOM	19251898	2839766523	Centre of Host Microbiome Interaction	2025-05-21	2025-05-21	Illumina NovaSeq 6000 sequencing	Gut and oral microbiomes to investigate the oral-gut-brain axis on the pathophysiology of Parkinson's Disease patients	53e7d904-96a7-4098-8eea-909c4f82549a	ena-EXPERIMENT-TAB-20-05-2025-23:07:32:057-203383	ena-RUN-TAB-20-05-2025-23:07:32:058-203384	718548824;756568587	1aeb446dab827fc62237654ca835aeb1;74d7966b6ee8137a2a0067e9f6bc8eca	ftp.sra.ebi.ac.uk/vol1/fastq/ERR150/060/ERR15003860/ERR15003860_1.fastq.gz;ftp.sra.ebi.ac.uk/vol1/fastq/ERR150/060/ERR15003860/ERR15003860_2.fastq.gz	fasp.sra.ebi.ac.uk:/vol1/fastq/ERR150/060/ERR15003860/ERR15003860_1.fastq.gz;fasp.sra.ebi.ac.uk:/vol1/fastq/ERR150/060/ERR15003860/ERR15003860_2.fastq.gz	ftp.sra.ebi.ac.uk/vol1/fastq/ERR150/060/ERR15003860/ERR15003860_1.fastq.gz;ftp.sra.ebi.ac.uk/vol1/fastq/ERR150/060/ERR15003860/ERR15003860_2.fastq.gz	804305966;848393383	496c793d0f2a13f89aba4ebde9149e31;4f11d6f72e7ec635b599924aa7bc6aaf	ftp.sra.ebi.ac.uk/vol1/run/ERR150/ERR15003860/852G_S55_R1_001.fastq.gz;ftp.sra.ebi.ac.uk/vol1/run/ERR150/ERR15003860/852G_S55_R2_001.fastq.gz	fasp.sra.ebi.ac.uk:/vol1/run/ERR150/ERR15003860/852G_S55_R1_001.fastq.gz;fasp.sra.ebi.ac.uk:/vol1/run/ERR150/ERR15003860/852G_S55_R2_001.fastq.gz	ftp.sra.ebi.ac.uk/vol1/run/ERR150/ERR15003860/852G_S55_R1_001.fastq.gz;ftp.sra.ebi.ac.uk/vol1/run/ERR150/ERR15003860/852G_S55_R2_001.fastq.gz	FASTQ;FASTQ	852G		852G		2025-05-20	ftp.sra.ebi.ac.uk/vol1/err/ERR150/060/ERR15003860/ERR15003860.bam	1425210551	06c8b6340103abfc058456003d74ea00	GENERATED_FILE;GENERATED_FILE	SUBMISSION_FILE;SUBMISSION_FILE	ARCHIVAL_FILE
ERR15003864	PRJEB79944	ERP164023	SAMEA118336066	ERS24550747	ERX14407833	ERA33133718	408170	human gut metagenome	ILLUMINA	Illumina NovaSeq 6000	NA		PAIRED	WGS	METAGENOMIC	RANDOM	24566430	3616787245	Centre of Host Microbiome Interaction	2025-05-21	2025-05-21	Illumina NovaSeq 6000 sequencing	Gut and oral microbiomes to investigate the oral-gut-brain axis on the pathophysiology of Parkinson's Disease patients	53e7d904-96a7-4098-8eea-909c4f82549a	ena-EXPERIMENT-TAB-20-05-2025-23:07:32:059-203391	ena-RUN-TAB-20-05-2025-23:07:32:059-203392	1004226443;927961756	4c5bb61ee377b2f4fe1cbb5095794224;d445c4320f67e5d2717105d83186a94c	ftp.sra.ebi.ac.uk/vol1/fastq/ERR150/064/ERR15003864/ERR15003864_1.fastq.gz;ftp.sra.ebi.ac.uk/vol1/fastq/ERR150/064/ERR15003864/ERR15003864_2.fastq.gz	fasp.sra.ebi.ac.uk:/vol1/fastq/ERR150/064/ERR15003864/ERR15003864_1.fastq.gz;fasp.sra.ebi.ac.uk:/vol1/fastq/ERR150/064/ERR15003864/ERR15003864_2.fastq.gz	ftp.sra.ebi.ac.uk/vol1/fastq/ERR150/064/ERR15003864/ERR15003864_1.fastq.gz;ftp.sra.ebi.ac.uk/vol1/fastq/ERR150/064/ERR15003864/ERR15003864_2.fastq.gz	1129053712;1038588685	3840ab2ce466d060e10a2d7d147b9343;a7e3943ae8b544d9ad7abfe8755df53e	ftp.sra.ebi.ac.uk/vol1/run/ERR150/ERR15003864/716G_S36_R1_001.fastq.gz;ftp.sra.ebi.ac.uk/vol1/run/ERR150/ERR15003864/716G_S36_R2_001.fastq.gz	fasp.sra.ebi.ac.uk:/vol1/run/ERR150/ERR15003864/716G_S36_R1_001.fastq.gz;fasp.sra.ebi.ac.uk:/vol1/run/ERR150/ERR15003864/716G_S36_R2_001.fastq.gz	ftp.sra.ebi.ac.uk/vol1/run/ERR150/ERR15003864/716G_S36_R1_001.fastq.gz;ftp.sra.ebi.ac.uk/vol1/run/ERR150/ERR15003864/716G_S36_R2_001.fastq.gz	FASTQ;FASTQ	716G		716G		2025-05-20	ftp.sra.ebi.ac.uk/vol1/err/ERR150/064/ERR15003864/ERR15003864.bam	1873736440	db297fd56baebd4d837bb78818528992	GENERATED_FILE;GENERATED_FILE	SUBMISSION_FILE;SUBMISSION_FILE	ARCHIVAL_FILE
ERR15003869	PRJEB79944	ERP164023	SAMEA118336071	ERS24550752	ERX14407838	ERA33133718	408170	human gut metagenome	ILLUMINA	Illumina NovaSeq 6000	NA		PAIRED	WGS	METAGENOMIC	RANDOM	26682088	3937883922	Centre of Host Microbiome Interaction	2025-05-21	2025-05-21	Illumina NovaSeq 6000 sequencing	Gut and oral microbiomes to investigate the oral-gut-brain axis on the pathophysiology of Parkinson's Disease patients	53e7d904-96a7-4098-8eea-909c4f82549a	ena-EXPERIMENT-TAB-20-05-2025-23:07:32:060-203401	ena-RUN-TAB-20-05-2025-23:07:32:061-203402	980750809;1062606415	262433234ea0fbfdcff441c65318d703;a5bd653aabf9c0821ec1cf1a1dfdb1ef	ftp.sra.ebi.ac.uk/vol1/fastq/ERR150/069/ERR15003869/ERR15003869_1.fastq.gz;ftp.sra.ebi.ac.uk/vol1/fastq/ERR150/069/ERR15003869/ERR15003869_2.fastq.gz	fasp.sra.ebi.ac.uk:/vol1/fastq/ERR150/069/ERR15003869/ERR15003869_1.fastq.gz;fasp.sra.ebi.ac.uk:/vol1/fastq/ERR150/069/ERR15003869/ERR15003869_2.fastq.gz	ftp.sra.ebi.ac.uk/vol1/fastq/ERR150/069/ERR15003869/ERR15003869_1.fastq.gz;ftp.sra.ebi.ac.uk/vol1/fastq/ERR150/069/ERR15003869/ERR15003869_2.fastq.gz	1092014845;1185263543	da615232a51ad0ac12537ac8f2edccb9;3d1f047c426295b95809f6e77213350b	ftp.sra.ebi.ac.uk/vol1/run/ERR150/ERR15003869/808G_S49_R1_001.fastq.gz;ftp.sra.ebi.ac.uk/vol1/run/ERR150/ERR15003869/808G_S49_R2_001.fastq.gz	fasp.sra.ebi.ac.uk:/vol1/run/ERR150/ERR15003869/808G_S49_R1_001.fastq.gz;fasp.sra.ebi.ac.uk:/vol1/run/ERR150/ERR15003869/808G_S49_R2_001.fastq.gz	ftp.sra.ebi.ac.uk/vol1/run/ERR150/ERR15003869/808G_S49_R1_001.fastq.gz;ftp.sra.ebi.ac.uk/vol1/run/ERR150/ERR15003869/808G_S49_R2_001.fastq.gz	FASTQ;FASTQ	808G		808G		2025-05-20	ftp.sra.ebi.ac.uk/vol1/err/ERR150/069/ERR15003869/ERR15003869.bam	1975749271	16d9a7130d516a7edbe98db9a0fc3e0f	GENERATED_FILE;GENERATED_FILE	SUBMISSION_FILE;SUBMISSION_FILE	ARCHIVAL_FILE
ERR15003934	PRJEB79944	ERP164023	SAMEA118336136	ERS24550817	ERX14407903	ERA33133718	408170	human gut metagenome	ILLUMINA	Illumina NovaSeq 6000	NA		PAIRED	WGS	METAGENOMIC	RANDOM	60120442	8825505663	Centre of Host Microbiome Interaction	2025-05-21	2025-05-21	Illumina NovaSeq 6000 sequencing	Gut and oral microbiomes to investigate the oral-gut-brain axis on the pathophysiology of Parkinson's Disease patients	53e7d904-96a7-4098-8eea-909c4f82549a	ena-EXPERIMENT-TAB-20-05-2025-23:07:32:087-203531	ena-RUN-TAB-20-05-2025-23:07:32:088-203532	2215530241;2348488719	b95f2fc64145b177c7be52eac75ddffc;98310969ea94127ae353b8c1ac79158c	ftp.sra.ebi.ac.uk/vol1/fastq/ERR150/034/ERR15003934/ERR15003934_1.fastq.gz;ftp.sra.ebi.ac.uk/vol1/fastq/ERR150/034/ERR15003934/ERR15003934_2.fastq.gz	fasp.sra.ebi.ac.uk:/vol1/fastq/ERR150/034/ERR15003934/ERR15003934_1.fastq.gz;fasp.sra.ebi.ac.uk:/vol1/fastq/ERR150/034/ERR15003934/ERR15003934_2.fastq.gz	ftp.sra.ebi.ac.uk/vol1/fastq/ERR150/034/ERR15003934/ERR15003934_1.fastq.gz;ftp.sra.ebi.ac.uk/vol1/fastq/ERR150/034/ERR15003934/ERR15003934_2.fastq.gz	2461447188;2612778857	0b99710c714ed0c6775e3229fb60c8f8;b0b59e3112fd8d6fbf48621ae81851b1	ftp.sra.ebi.ac.uk/vol1/run/ERR150/ERR15003934/904G_R1_001.fastq.gz;ftp.sra.ebi.ac.uk/vol1/run/ERR150/ERR15003934/904G_R2_001.fastq.gz	fasp.sra.ebi.ac.uk:/vol1/run/ERR150/ERR15003934/904G_R1_001.fastq.gz;fasp.sra.ebi.ac.uk:/vol1/run/ERR150/ERR15003934/904G_R2_001.fastq.gz	ftp.sra.ebi.ac.uk/vol1/run/ERR150/ERR15003934/904G_R1_001.fastq.gz;ftp.sra.ebi.ac.uk/vol1/run/ERR150/ERR15003934/904G_R2_001.fastq.gz	FASTQ;FASTQ	904G		904G		2025-05-20	ftp.sra.ebi.ac.uk/vol1/err/ERR150/034/ERR15003934/ERR15003934.bam	4410731223	e0e3690daec116af1421a10fc915a0f4	GENERATED_FILE;GENERATED_FILE	SUBMISSION_FILE;SUBMISSION_FILE	ARCHIVAL_FILE
ERR15003937	PRJEB79944	ERP164023	SAMEA118336139	ERS24550820	ERX14407906	ERA33133718	408170	human gut metagenome	ILLUMINA	Illumina NovaSeq 6000	NA		PAIRED	WGS	METAGENOMIC	RANDOM	41223450	6090989515	Centre of Host Microbiome Interaction	2025-05-21	2025-05-21	Illumina NovaSeq 6000 sequencing	Gut and oral microbiomes to investigate the oral-gut-brain axis on the pathophysiology of Parkinson's Disease patients	53e7d904-96a7-4098-8eea-909c4f82549a	ena-EXPERIMENT-TAB-20-05-2025-23:07:32:088-203537	ena-RUN-TAB-20-05-2025-23:07:32:089-203538	1523998133;1626778510	ad6a5babf21c3dae44b53788607a1d16;adf2512e528635c003583a8f4dbc70ea	ftp.sra.ebi.ac.uk/vol1/fastq/ERR150/037/ERR15003937/ERR15003937_1.fastq.gz;ftp.sra.ebi.ac.uk/vol1/fastq/ERR150/037/ERR15003937/ERR15003937_2.fastq.gz	fasp.sra.ebi.ac.uk:/vol1/fastq/ERR150/037/ERR15003937/ERR15003937_1.fastq.gz;fasp.sra.ebi.ac.uk:/vol1/fastq/ERR150/037/ERR15003937/ERR15003937_2.fastq.gz	ftp.sra.ebi.ac.uk/vol1/fastq/ERR150/037/ERR15003937/ERR15003937_1.fastq.gz;ftp.sra.ebi.ac.uk/vol1/fastq/ERR150/037/ERR15003937/ERR15003937_2.fastq.gz	1695116764;1815615263	97e204470762647d8d73b6339dbc9fdd;e3f678dd186d76d2e318996db82540f4	ftp.sra.ebi.ac.uk/vol1/run/ERR150/ERR15003937/911G_S64_R1_001.fastq.gz;ftp.sra.ebi.ac.uk/vol1/run/ERR150/ERR15003937/911G_S64_R2_001.fastq.gz	fasp.sra.ebi.ac.uk:/vol1/run/ERR150/ERR15003937/911G_S64_R1_001.fastq.gz;fasp.sra.ebi.ac.uk:/vol1/run/ERR150/ERR15003937/911G_S64_R2_001.fastq.gz	ftp.sra.ebi.ac.uk/vol1/run/ERR150/ERR15003937/911G_S64_R1_001.fastq.gz;ftp.sra.ebi.ac.uk/vol1/run/ERR150/ERR15003937/911G_S64_R2_001.fastq.gz	FASTQ;FASTQ	911G		911G		2025-05-20	ftp.sra.ebi.ac.uk/vol1/err/ERR150/037/ERR15003937/ERR15003937.bam	3039839483	98b08bd89e0444d10e5c91c6363bd39e	GENERATED_FILE;GENERATED_FILE	SUBMISSION_FILE;SUBMISSION_FILE	ARCHIVAL_FILE
ERR15003947	PRJEB79944	ERP164023	SAMEA118336149	ERS24550830	ERX14407916	ERA33133718	408170	human gut metagenome	ILLUMINA	Illumina NovaSeq 6000	NA		PAIRED	WGS	METAGENOMIC	RANDOM	30908734	4571902349	Centre of Host Microbiome Interaction	2025-05-21	2025-05-21	Illumina NovaSeq 6000 sequencing	Gut and oral microbiomes to investigate the oral-gut-brain axis on the pathophysiology of Parkinson's Disease patients	53e7d904-96a7-4098-8eea-909c4f82549a	ena-EXPERIMENT-TAB-20-05-2025-23:07:32:092-203557	ena-RUN-TAB-20-05-2025-23:07:32:092-203558	1178849577;1177857865	79409cd7242e5a536176599f807df8b3;07c55e10a672672ed5a2a1ea81314da4	ftp.sra.ebi.ac.uk/vol1/fastq/ERR150/047/ERR15003947/ERR15003947_1.fastq.gz;ftp.sra.ebi.ac.uk/vol1/fastq/ERR150/047/ERR15003947/ERR15003947_2.fastq.gz	fasp.sra.ebi.ac.uk:/vol1/fastq/ERR150/047/ERR15003947/ERR15003947_1.fastq.gz;fasp.sra.ebi.ac.uk:/vol1/fastq/ERR150/047/ERR15003947/ERR15003947_2.fastq.gz	ftp.sra.ebi.ac.uk/vol1/fastq/ERR150/047/ERR15003947/ERR15003947_1.fastq.gz;ftp.sra.ebi.ac.uk/vol1/fastq/ERR150/047/ERR15003947/ERR15003947_2.fastq.gz	1304790703;1305215080	78fc5683afa5529d7f47a3e1fe5791b7;a4b61099c412a807db339853b95e51d6	ftp.sra.ebi.ac.uk/vol1/run/ERR150/ERR15003947/841G_S45_R1_001.fastq.gz;ftp.sra.ebi.ac.uk/vol1/run/ERR150/ERR15003947/841G_S45_R2_001.fastq.gz	fasp.sra.ebi.ac.uk:/vol1/run/ERR150/ERR15003947/841G_S45_R1_001.fastq.gz;fasp.sra.ebi.ac.uk:/vol1/run/ERR150/ERR15003947/841G_S45_R2_001.fastq.gz	ftp.sra.ebi.ac.uk/vol1/run/ERR150/ERR15003947/841G_S45_R1_001.fastq.gz;ftp.sra.ebi.ac.uk/vol1/run/ERR150/ERR15003947/841G_S45_R2_001.fastq.gz	FASTQ;FASTQ	841G		841G		2025-05-20	ftp.sra.ebi.ac.uk/vol1/err/ERR150/047/ERR15003947/ERR15003947.bam	2265325774	c2ca803414eb5a14afa633822818eb0f	GENERATED_FILE;GENERATED_FILE	SUBMISSION_FILE;SUBMISSION_FILE	ARCHIVAL_FILE
ERR15003898	PRJEB79944	ERP164023	SAMEA118336100	ERS24550781	ERX14407867	ERA33133718	408170	human gut metagenome	ILLUMINA	Illumina NovaSeq 6000	NA		PAIRED	WGS	METAGENOMIC	RANDOM	29330184	4332560912	Centre of Host Microbiome Interaction	2025-05-21	2025-05-21	Illumina NovaSeq 6000 sequencing	Gut and oral microbiomes to investigate the oral-gut-brain axis on the pathophysiology of Parkinson's Disease patients	53e7d904-96a7-4098-8eea-909c4f82549a	ena-EXPERIMENT-TAB-20-05-2025-23:07:32:073-203459	ena-RUN-TAB-20-05-2025-23:07:32:074-203460	1079450464;1126346253	48fa2853cf50c9db17e8c552949d2c0d;b13c243313a7febcdb33887254c969c4	ftp.sra.ebi.ac.uk/vol1/fastq/ERR150/098/ERR15003898/ERR15003898_1.fastq.gz;ftp.sra.ebi.ac.uk/vol1/fastq/ERR150/098/ERR15003898/ERR15003898_2.fastq.gz	fasp.sra.ebi.ac.uk:/vol1/fastq/ERR150/098/ERR15003898/ERR15003898_1.fastq.gz;fasp.sra.ebi.ac.uk:/vol1/fastq/ERR150/098/ERR15003898/ERR15003898_2.fastq.gz	ftp.sra.ebi.ac.uk/vol1/fastq/ERR150/098/ERR15003898/ERR15003898_1.fastq.gz;ftp.sra.ebi.ac.uk/vol1/fastq/ERR150/098/ERR15003898/ERR15003898_2.fastq.gz	1193627163;1252734506	c2f7262913c2681b85ffc0aeed545908;cb34e39828de786708f762295f09e9b2	ftp.sra.ebi.ac.uk/vol1/run/ERR150/ERR15003898/914G_S53_R1_001.fastq.gz;ftp.sra.ebi.ac.uk/vol1/run/ERR150/ERR15003898/914G_S53_R2_001.fastq.gz	fasp.sra.ebi.ac.uk:/vol1/run/ERR150/ERR15003898/914G_S53_R1_001.fastq.gz;fasp.sra.ebi.ac.uk:/vol1/run/ERR150/ERR15003898/914G_S53_R2_001.fastq.gz	ftp.sra.ebi.ac.uk/vol1/run/ERR150/ERR15003898/914G_S53_R1_001.fastq.gz;ftp.sra.ebi.ac.uk/vol1/run/ERR150/ERR15003898/914G_S53_R2_001.fastq.gz	FASTQ;FASTQ	914G		914G		2025-05-20	ftp.sra.ebi.ac.uk/vol1/err/ERR150/098/ERR15003898/ERR15003898.bam	2116911299	91d31c02688c3f737155388ca296f1e9	GENERATED_FILE;GENERATED_FILE	SUBMISSION_FILE;SUBMISSION_FILE	ARCHIVAL_FILE
ERR15003948	PRJEB79944	ERP164023	SAMEA118336150	ERS24550831	ERX14407917	ERA33133718	408170	human gut metagenome	ILLUMINA	Illumina NovaSeq 6000	NA		PAIRED	WGS	METAGENOMIC	RANDOM	23937998	3505982374	Centre of Host Microbiome Interaction	2025-05-21	2025-05-21	Illumina NovaSeq 6000 sequencing	Gut and oral microbiomes to investigate the oral-gut-brain axis on the pathophysiology of Parkinson's Disease patients	53e7d904-96a7-4098-8eea-909c4f82549a	ena-EXPERIMENT-TAB-20-05-2025-23:07:32:092-203559	ena-RUN-TAB-20-05-2025-23:07:32:092-203560	868671031;887212939	aa23a314137ecc3051c8d30d1768c2d3;7b3db94e2422c7fd67d2c3c819ec7e15	ftp.sra.ebi.ac.uk/vol1/fastq/ERR150/048/ERR15003948/ERR15003948_1.fastq.gz;ftp.sra.ebi.ac.uk/vol1/fastq/ERR150/048/ERR15003948/ERR15003948_2.fastq.gz	fasp.sra.ebi.ac.uk:/vol1/fastq/ERR150/048/ERR15003948/ERR15003948_1.fastq.gz;fasp.sra.ebi.ac.uk:/vol1/fastq/ERR150/048/ERR15003948/ERR15003948_2.fastq.gz	ftp.sra.ebi.ac.uk/vol1/fastq/ERR150/048/ERR15003948/ERR15003948_1.fastq.gz;ftp.sra.ebi.ac.uk/vol1/fastq/ERR150/048/ERR15003948/ERR15003948_2.fastq.gz	965005410;989044540	dfb3211a0f31f05e9e6ca74c068e16d9;ec25256b319eed036bdb907d95c125ea	ftp.sra.ebi.ac.uk/vol1/run/ERR150/ERR15003948/860G_S141_R1_001.fastq.gz;ftp.sra.ebi.ac.uk/vol1/run/ERR150/ERR15003948/860G_S141_R2_001.fastq.gz	fasp.sra.ebi.ac.uk:/vol1/run/ERR150/ERR15003948/860G_S141_R1_001.fastq.gz;fasp.sra.ebi.ac.uk:/vol1/run/ERR150/ERR15003948/860G_S141_R2_001.fastq.gz	ftp.sra.ebi.ac.uk/vol1/run/ERR150/ERR15003948/860G_S141_R1_001.fastq.gz;ftp.sra.ebi.ac.uk/vol1/run/ERR150/ERR15003948/860G_S141_R2_001.fastq.gz	FASTQ;FASTQ	860G		860G		2025-05-20	ftp.sra.ebi.ac.uk/vol1/err/ERR150/048/ERR15003948/ERR15003948.bam	1691714835	78ad3258f0e1b7faa2e3deec03ec7026	GENERATED_FILE;GENERATED_FILE	SUBMISSION_FILE;SUBMISSION_FILE	ARCHIVAL_FILE
ERR15003899	PRJEB79944	ERP164023	SAMEA118336101	ERS24550782	ERX14407868	ERA33133718	408170	human gut metagenome	ILLUMINA	Illumina NovaSeq 6000	NA		PAIRED	WGS	METAGENOMIC	RANDOM	34319422	5059596242	Centre of Host Microbiome Interaction	2025-05-21	2025-05-21	Illumina NovaSeq 6000 sequencing	Gut and oral microbiomes to investigate the oral-gut-brain axis on the pathophysiology of Parkinson's Disease patients	53e7d904-96a7-4098-8eea-909c4f82549a	ena-EXPERIMENT-TAB-20-05-2025-23:07:32:074-203461	ena-RUN-TAB-20-05-2025-23:07:32:074-203462	1317273595;1343288008	1b612f4c497e6ac580348fbd15d454dd;c9fc75032da3c693c34d555a2debc221	ftp.sra.ebi.ac.uk/vol1/fastq/ERR150/099/ERR15003899/ERR15003899_1.fastq.gz;ftp.sra.ebi.ac.uk/vol1/fastq/ERR150/099/ERR15003899/ERR15003899_2.fastq.gz	fasp.sra.ebi.ac.uk:/vol1/fastq/ERR150/099/ERR15003899/ERR15003899_1.fastq.gz;fasp.sra.ebi.ac.uk:/vol1/fastq/ERR150/099/ERR15003899/ERR15003899_2.fastq.gz	ftp.sra.ebi.ac.uk/vol1/fastq/ERR150/099/ERR15003899/ERR15003899_1.fastq.gz;ftp.sra.ebi.ac.uk/vol1/fastq/ERR150/099/ERR15003899/ERR15003899_2.fastq.gz	1470817790;1500958212	4725d3e0c5f552b8b64a00b3b81f8f9a;c73447125c76724f05470e1007cb7357	ftp.sra.ebi.ac.uk/vol1/run/ERR150/ERR15003899/714G_S98_R1_001.fastq.gz;ftp.sra.ebi.ac.uk/vol1/run/ERR150/ERR15003899/714G_S98_R2_001.fastq.gz	fasp.sra.ebi.ac.uk:/vol1/run/ERR150/ERR15003899/714G_S98_R1_001.fastq.gz;fasp.sra.ebi.ac.uk:/vol1/run/ERR150/ERR15003899/714G_S98_R2_001.fastq.gz	ftp.sra.ebi.ac.uk/vol1/run/ERR150/ERR15003899/714G_S98_R1_001.fastq.gz;ftp.sra.ebi.ac.uk/vol1/run/ERR150/ERR15003899/714G_S98_R2_001.fastq.gz	FASTQ;FASTQ	714G		714G		2025-05-20	ftp.sra.ebi.ac.uk/vol1/err/ERR150/099/ERR15003899/ERR15003899.bam	2567020444	983b94fbe7610bb7cdcf02b0573d4a9a	GENERATED_FILE;GENERATED_FILE	SUBMISSION_FILE;SUBMISSION_FILE	ARCHIVAL_FILE
ERR15003903	PRJEB79944	ERP164023	SAMEA118336105	ERS24550786	ERX14407872	ERA33133718	408170	human gut metagenome	ILLUMINA	Illumina NovaSeq 6000	NA		PAIRED	WGS	METAGENOMIC	RANDOM	22327246	3294116278	Centre of Host Microbiome Interaction	2025-05-21	2025-05-21	Illumina NovaSeq 6000 sequencing	Gut and oral microbiomes to investigate the oral-gut-brain axis on the pathophysiology of Parkinson's Disease patients	53e7d904-96a7-4098-8eea-909c4f82549a	ena-EXPERIMENT-TAB-20-05-2025-23:07:32:076-203469	ena-RUN-TAB-20-05-2025-23:07:32:076-203470	864601730;859197800	3c77dd2d5aad6eeaa04d9d494f080b46;5d4c2c41649b70a81c7d1ba3d866cd42	ftp.sra.ebi.ac.uk/vol1/fastq/ERR150/003/ERR15003903/ERR15003903_1.fastq.gz;ftp.sra.ebi.ac.uk/vol1/fastq/ERR150/003/ERR15003903/ERR15003903_2.fastq.gz	fasp.sra.ebi.ac.uk:/vol1/fastq/ERR150/003/ERR15003903/ERR15003903_1.fastq.gz;fasp.sra.ebi.ac.uk:/vol1/fastq/ERR150/003/ERR15003903/ERR15003903_2.fastq.gz	ftp.sra.ebi.ac.uk/vol1/fastq/ERR150/003/ERR15003903/ERR15003903_1.fastq.gz;ftp.sra.ebi.ac.uk/vol1/fastq/ERR150/003/ERR15003903/ERR15003903_2.fastq.gz	969790247;962970110	1395a6857c2ea5511f69f24344978948;095e91d3b5c1b8794bebcb3d0dcad530	ftp.sra.ebi.ac.uk/vol1/run/ERR150/ERR15003903/845G_S51_R1_001.fastq.gz;ftp.sra.ebi.ac.uk/vol1/run/ERR150/ERR15003903/845G_S51_R2_001.fastq.gz	fasp.sra.ebi.ac.uk:/vol1/run/ERR150/ERR15003903/845G_S51_R1_001.fastq.gz;fasp.sra.ebi.ac.uk:/vol1/run/ERR150/ERR15003903/845G_S51_R2_001.fastq.gz	ftp.sra.ebi.ac.uk/vol1/run/ERR150/ERR15003903/845G_S51_R1_001.fastq.gz;ftp.sra.ebi.ac.uk/vol1/run/ERR150/ERR15003903/845G_S51_R2_001.fastq.gz	FASTQ;FASTQ	845G		845G		2025-05-20	ftp.sra.ebi.ac.uk/vol1/err/ERR150/003/ERR15003903/ERR15003903.bam	1666482599	152ad705743dd181a9bff37fd73f7b38	GENERATED_FILE;GENERATED_FILE	SUBMISSION_FILE;SUBMISSION_FILE	ARCHIVAL_FILE
ERR15003905	PRJEB79944	ERP164023	SAMEA118336107	ERS24550788	ERX14407874	ERA33133718	408170	human gut metagenome	ILLUMINA	Illumina NovaSeq 6000	NA		PAIRED	WGS	METAGENOMIC	RANDOM	36748164	5224902636	Centre of Host Microbiome Interaction	2025-05-21	2025-05-21	Illumina NovaSeq 6000 sequencing	Gut and oral microbiomes to investigate the oral-gut-brain axis on the pathophysiology of Parkinson's Disease patients	53e7d904-96a7-4098-8eea-909c4f82549a	ena-EXPERIMENT-TAB-20-05-2025-23:07:32:077-203473	ena-RUN-TAB-20-05-2025-23:07:32:077-203474	1340953343;1312492846	20b45b23aff1e07e129bbab3510a9f30;872288e039c132fa3e209bde14204404	ftp.sra.ebi.ac.uk/vol1/fastq/ERR150/005/ERR15003905/ERR15003905_1.fastq.gz;ftp.sra.ebi.ac.uk/vol1/fastq/ERR150/005/ERR15003905/ERR15003905_2.fastq.gz	fasp.sra.ebi.ac.uk:/vol1/fastq/ERR150/005/ERR15003905/ERR15003905_1.fastq.gz;fasp.sra.ebi.ac.uk:/vol1/fastq/ERR150/005/ERR15003905/ERR15003905_2.fastq.gz	ftp.sra.ebi.ac.uk/vol1/fastq/ERR150/005/ERR15003905/ERR15003905_1.fastq.gz;ftp.sra.ebi.ac.uk/vol1/fastq/ERR150/005/ERR15003905/ERR15003905_2.fastq.gz	1480286590;1443608659	f3c233b544c4cb8b3ba2430f2c848c63;97889d5c53d432ba4ccbe5026c0dadc7	ftp.sra.ebi.ac.uk/vol1/run/ERR150/ERR15003905/346G_S91_L002_R1_001.fastq.gz;ftp.sra.ebi.ac.uk/vol1/run/ERR150/ERR15003905/346G_S91_L002_R2_001.fastq.gz	fasp.sra.ebi.ac.uk:/vol1/run/ERR150/ERR15003905/346G_S91_L002_R1_001.fastq.gz;fasp.sra.ebi.ac.uk:/vol1/run/ERR150/ERR15003905/346G_S91_L002_R2_001.fastq.gz	ftp.sra.ebi.ac.uk/vol1/run/ERR150/ERR15003905/346G_S91_L002_R1_001.fastq.gz;ftp.sra.ebi.ac.uk/vol1/run/ERR150/ERR15003905/346G_S91_L002_R2_001.fastq.gz	FASTQ;FASTQ	346G		346G		2025-05-20	ftp.sra.ebi.ac.uk/vol1/err/ERR150/005/ERR15003905/ERR15003905.bam	2528611015	96518fc56da2cfd20b752188aaa3901c	GENERATED_FILE;GENERATED_FILE	SUBMISSION_FILE;SUBMISSION_FILE	ARCHIVAL_FILE
ERR15003955	PRJEB79944	ERP164023	SAMEA118336157	ERS24550838	ERX14407924	ERA33133718	408170	human gut metagenome	ILLUMINA	Illumina NovaSeq 6000	NA		PAIRED	WGS	METAGENOMIC	RANDOM	31647068	4680397770	Centre of Host Microbiome Interaction	2025-05-21	2025-05-21	Illumina NovaSeq 6000 sequencing	Gut and oral microbiomes to investigate the oral-gut-brain axis on the pathophysiology of Parkinson's Disease patients	53e7d904-96a7-4098-8eea-909c4f82549a	ena-EXPERIMENT-TAB-20-05-2025-23:07:32:095-203573	ena-RUN-TAB-20-05-2025-23:07:32:095-203574	1165871982;1244353303	bdfb87587df04737d28902094c97d820;16e6db1842b9614a97250ed4d6314128	ftp.sra.ebi.ac.uk/vol1/fastq/ERR150/055/ERR15003955/ERR15003955_1.fastq.gz;ftp.sra.ebi.ac.uk/vol1/fastq/ERR150/055/ERR15003955/ERR15003955_2.fastq.gz	fasp.sra.ebi.ac.uk:/vol1/fastq/ERR150/055/ERR15003955/ERR15003955_1.fastq.gz;fasp.sra.ebi.ac.uk:/vol1/fastq/ERR150/055/ERR15003955/ERR15003955_2.fastq.gz	ftp.sra.ebi.ac.uk/vol1/fastq/ERR150/055/ERR15003955/ERR15003955_1.fastq.gz;ftp.sra.ebi.ac.uk/vol1/fastq/ERR150/055/ERR15003955/ERR15003955_2.fastq.gz	1298038515;1389225988	d4268d83308c20be42933cea0f3fd6b0;bf08f82db0dcabae900a49860f7b4d92	ftp.sra.ebi.ac.uk/vol1/run/ERR150/ERR15003955/753G_S41_R1_001.fastq.gz;ftp.sra.ebi.ac.uk/vol1/run/ERR150/ERR15003955/753G_S41_R2_001.fastq.gz	fasp.sra.ebi.ac.uk:/vol1/run/ERR150/ERR15003955/753G_S41_R1_001.fastq.gz;fasp.sra.ebi.ac.uk:/vol1/run/ERR150/ERR15003955/753G_S41_R2_001.fastq.gz	ftp.sra.ebi.ac.uk/vol1/run/ERR150/ERR15003955/753G_S41_R1_001.fastq.gz;ftp.sra.ebi.ac.uk/vol1/run/ERR150/ERR15003955/753G_S41_R2_001.fastq.gz	FASTQ;FASTQ	753G		753G		2025-05-20	ftp.sra.ebi.ac.uk/vol1/err/ERR150/055/ERR15003955/ERR15003955.bam	2328121140	30ae2f61832d4bc02ad332dfd2982612	GENERATED_FILE;GENERATED_FILE	SUBMISSION_FILE;SUBMISSION_FILE	ARCHIVAL_FILE
ERR15003915	PRJEB79944	ERP164023	SAMEA118336117	ERS24550798	ERX14407884	ERA33133718	408170	human gut metagenome	ILLUMINA	Illumina NovaSeq 6000	NA		PAIRED	WGS	METAGENOMIC	RANDOM	21295428	3057029853	Centre of Host Microbiome Interaction	2025-05-21	2025-05-21	Illumina NovaSeq 6000 sequencing	Gut and oral microbiomes to investigate the oral-gut-brain axis on the pathophysiology of Parkinson's Disease patients	53e7d904-96a7-4098-8eea-909c4f82549a	ena-EXPERIMENT-TAB-20-05-2025-23:07:32:081-203493	ena-RUN-TAB-20-05-2025-23:07:32:081-203494	774882572;794094923	634874353cbe40d579b962117b327132;f2d23047d16a501b1cd4159243400bde	ftp.sra.ebi.ac.uk/vol1/fastq/ERR150/015/ERR15003915/ERR15003915_1.fastq.gz;ftp.sra.ebi.ac.uk/vol1/fastq/ERR150/015/ERR15003915/ERR15003915_2.fastq.gz	fasp.sra.ebi.ac.uk:/vol1/fastq/ERR150/015/ERR15003915/ERR15003915_1.fastq.gz;fasp.sra.ebi.ac.uk:/vol1/fastq/ERR150/015/ERR15003915/ERR15003915_2.fastq.gz	ftp.sra.ebi.ac.uk/vol1/fastq/ERR150/015/ERR15003915/ERR15003915_1.fastq.gz;ftp.sra.ebi.ac.uk/vol1/fastq/ERR150/015/ERR15003915/ERR15003915_2.fastq.gz	859752919;882133513	6a65c573f2212650a50ffbf24f1a91bd;f2c124f9e8507f2f2cde4952e9ce5305	ftp.sra.ebi.ac.uk/vol1/run/ERR150/ERR15003915/862G_S19_R1_001.fastq.gz;ftp.sra.ebi.ac.uk/vol1/run/ERR150/ERR15003915/862G_S19_R2_001.fastq.gz	fasp.sra.ebi.ac.uk:/vol1/run/ERR150/ERR15003915/862G_S19_R1_001.fastq.gz;fasp.sra.ebi.ac.uk:/vol1/run/ERR150/ERR15003915/862G_S19_R2_001.fastq.gz	ftp.sra.ebi.ac.uk/vol1/run/ERR150/ERR15003915/862G_S19_R1_001.fastq.gz;ftp.sra.ebi.ac.uk/vol1/run/ERR150/ERR15003915/862G_S19_R2_001.fastq.gz	FASTQ;FASTQ	862G		862G		2025-05-20	ftp.sra.ebi.ac.uk/vol1/err/ERR150/015/ERR15003915/ERR15003915.bam	1525280970	6a9002c3f2647f9bc9e571e142eb12f0	GENERATED_FILE;GENERATED_FILE	SUBMISSION_FILE;SUBMISSION_FILE	ARCHIVAL_FILE
ERR15003919	PRJEB79944	ERP164023	SAMEA118336121	ERS24550802	ERX14407888	ERA33133718	408170	human gut metagenome	ILLUMINA	Illumina NovaSeq 6000	NA		PAIRED	WGS	METAGENOMIC	RANDOM	65125286	9428468706	Centre of Host Microbiome Interaction	2025-05-21	2025-05-21	Illumina NovaSeq 6000 sequencing	Gut and oral microbiomes to investigate the oral-gut-brain axis on the pathophysiology of Parkinson's Disease patients	53e7d904-96a7-4098-8eea-909c4f82549a	ena-EXPERIMENT-TAB-20-05-2025-23:07:32:082-203501	ena-RUN-TAB-20-05-2025-23:07:32:082-203502	2434171782;2473750496	3ffd7c7ef343508ceba58a9e59872da3;ad02804269fe658ddee5a3e0eb651ffe	ftp.sra.ebi.ac.uk/vol1/fastq/ERR150/019/ERR15003919/ERR15003919_1.fastq.gz;ftp.sra.ebi.ac.uk/vol1/fastq/ERR150/019/ERR15003919/ERR15003919_2.fastq.gz	fasp.sra.ebi.ac.uk:/vol1/fastq/ERR150/019/ERR15003919/ERR15003919_1.fastq.gz;fasp.sra.ebi.ac.uk:/vol1/fastq/ERR150/019/ERR15003919/ERR15003919_2.fastq.gz	ftp.sra.ebi.ac.uk/vol1/fastq/ERR150/019/ERR15003919/ERR15003919_1.fastq.gz;ftp.sra.ebi.ac.uk/vol1/fastq/ERR150/019/ERR15003919/ERR15003919_2.fastq.gz	2684776998;2733363702	578710995093d08996c2be2661327b7b;3bdca41c13f75a6648ca24401747e11d	ftp.sra.ebi.ac.uk/vol1/run/ERR150/ERR15003919/350G_R1_001.fastq.gz;ftp.sra.ebi.ac.uk/vol1/run/ERR150/ERR15003919/350G_R2_001.fastq.gz	fasp.sra.ebi.ac.uk:/vol1/run/ERR150/ERR15003919/350G_R1_001.fastq.gz;fasp.sra.ebi.ac.uk:/vol1/run/ERR150/ERR15003919/350G_R2_001.fastq.gz	ftp.sra.ebi.ac.uk/vol1/run/ERR150/ERR15003919/350G_R1_001.fastq.gz;ftp.sra.ebi.ac.uk/vol1/run/ERR150/ERR15003919/350G_R2_001.fastq.gz	FASTQ;FASTQ	350G		350G		2025-05-20	ftp.sra.ebi.ac.uk/vol1/err/ERR150/019/ERR15003919/ERR15003919.bam	4713954866	1a7d7a9c48057d7334df21f911bf146d	GENERATED_FILE;GENERATED_FILE	SUBMISSION_FILE;SUBMISSION_FILE	ARCHIVAL_FILE
ERR15003927	PRJEB79944	ERP164023	SAMEA118336129	ERS24550810	ERX14407896	ERA33133718	408170	human gut metagenome	ILLUMINA	Illumina NovaSeq 6000	NA		PAIRED	WGS	METAGENOMIC	RANDOM	11461028	1664351829	Centre of Host Microbiome Interaction	2025-05-21	2025-05-21	Illumina NovaSeq 6000 sequencing	Gut and oral microbiomes to investigate the oral-gut-brain axis on the pathophysiology of Parkinson's Disease patients	53e7d904-96a7-4098-8eea-909c4f82549a	ena-EXPERIMENT-TAB-20-05-2025-23:07:32:085-203517	ena-RUN-TAB-20-05-2025-23:07:32:085-203518	420252501;445094689	c7e785178fc479658054db0b045da583;ede1f23480ae28d29370df2b0bc1c6f1	ftp.sra.ebi.ac.uk/vol1/fastq/ERR150/027/ERR15003927/ERR15003927_1.fastq.gz;ftp.sra.ebi.ac.uk/vol1/fastq/ERR150/027/ERR15003927/ERR15003927_2.fastq.gz	fasp.sra.ebi.ac.uk:/vol1/fastq/ERR150/027/ERR15003927/ERR15003927_1.fastq.gz;fasp.sra.ebi.ac.uk:/vol1/fastq/ERR150/027/ERR15003927/ERR15003927_2.fastq.gz	ftp.sra.ebi.ac.uk/vol1/fastq/ERR150/027/ERR15003927/ERR15003927_1.fastq.gz;ftp.sra.ebi.ac.uk/vol1/fastq/ERR150/027/ERR15003927/ERR15003927_2.fastq.gz	476095916;504871570	173a1368447d22887f21a6996f8436c9;b9392051e9f364a6224da128a1a91b26	ftp.sra.ebi.ac.uk/vol1/run/ERR150/ERR15003927/879G_R1_001.fastq.gz;ftp.sra.ebi.ac.uk/vol1/run/ERR150/ERR15003927/879G_R2_001.fastq.gz	fasp.sra.ebi.ac.uk:/vol1/run/ERR150/ERR15003927/879G_R1_001.fastq.gz;fasp.sra.ebi.ac.uk:/vol1/run/ERR150/ERR15003927/879G_R2_001.fastq.gz	ftp.sra.ebi.ac.uk/vol1/run/ERR150/ERR15003927/879G_R1_001.fastq.gz;ftp.sra.ebi.ac.uk/vol1/run/ERR150/ERR15003927/879G_R2_001.fastq.gz	FASTQ;FASTQ	879G		879G		2025-05-20	ftp.sra.ebi.ac.uk/vol1/err/ERR150/027/ERR15003927/ERR15003927.bam	838321452	556a2dbf5ff3f0c3911f13240ee6e0a5	GENERATED_FILE;GENERATED_FILE	SUBMISSION_FILE;SUBMISSION_FILE	ARCHIVAL_FILE
ERR15003933	PRJEB79944	ERP164023	SAMEA118336135	ERS24550816	ERX14407902	ERA33133718	408170	human gut metagenome	ILLUMINA	Illumina NovaSeq 6000	NA		PAIRED	WGS	METAGENOMIC	RANDOM	28041734	4095461523	Centre of Host Microbiome Interaction	2025-05-21	2025-05-21	Illumina NovaSeq 6000 sequencing	Gut and oral microbiomes to investigate the oral-gut-brain axis on the pathophysiology of Parkinson's Disease patients	53e7d904-96a7-4098-8eea-909c4f82549a	ena-EXPERIMENT-TAB-20-05-2025-23:07:32:087-203529	ena-RUN-TAB-20-05-2025-23:07:32:087-203530	1034629377;1101407927	00e2dd5b3fba91cbd92d1eb7a8f442f5;333e39026f95bfa9137839d998068a9d	ftp.sra.ebi.ac.uk/vol1/fastq/ERR150/033/ERR15003933/ERR15003933_1.fastq.gz;ftp.sra.ebi.ac.uk/vol1/fastq/ERR150/033/ERR15003933/ERR15003933_2.fastq.gz	fasp.sra.ebi.ac.uk:/vol1/fastq/ERR150/033/ERR15003933/ERR15003933_1.fastq.gz;fasp.sra.ebi.ac.uk:/vol1/fastq/ERR150/033/ERR15003933/ERR15003933_2.fastq.gz	ftp.sra.ebi.ac.uk/vol1/fastq/ERR150/033/ERR15003933/ERR15003933_1.fastq.gz;ftp.sra.ebi.ac.uk/vol1/fastq/ERR150/033/ERR15003933/ERR15003933_2.fastq.gz	1152531381;1229357034	2b2215e652893073476ec247cb71b582;3f3f0ff4d1ec6ad374f70fef7f7e978d	ftp.sra.ebi.ac.uk/vol1/run/ERR150/ERR15003933/779G_S19_R1_001.fastq.gz;ftp.sra.ebi.ac.uk/vol1/run/ERR150/ERR15003933/779G_S19_R2_001.fastq.gz	fasp.sra.ebi.ac.uk:/vol1/run/ERR150/ERR15003933/779G_S19_R1_001.fastq.gz;fasp.sra.ebi.ac.uk:/vol1/run/ERR150/ERR15003933/779G_S19_R2_001.fastq.gz	ftp.sra.ebi.ac.uk/vol1/run/ERR150/ERR15003933/779G_S19_R1_001.fastq.gz;ftp.sra.ebi.ac.uk/vol1/run/ERR150/ERR15003933/779G_S19_R2_001.fastq.gz	FASTQ;FASTQ	779G		779G		2025-05-20	ftp.sra.ebi.ac.uk/vol1/err/ERR150/033/ERR15003933/ERR15003933.bam	2068705539	a8346c134ea736cb211ce858aa29f44e	GENERATED_FILE;GENERATED_FILE	SUBMISSION_FILE;SUBMISSION_FILE	ARCHIVAL_FILE
ERR15003935	PRJEB79944	ERP164023	SAMEA118336137	ERS24550818	ERX14407904	ERA33133718	408170	human gut metagenome	ILLUMINA	Illumina NovaSeq 6000	NA		PAIRED	WGS	METAGENOMIC	RANDOM	20267884	2990900993	Centre of Host Microbiome Interaction	2025-05-21	2025-05-21	Illumina NovaSeq 6000 sequencing	Gut and oral microbiomes to investigate the oral-gut-brain axis on the pathophysiology of Parkinson's Disease patients	53e7d904-96a7-4098-8eea-909c4f82549a	ena-EXPERIMENT-TAB-20-05-2025-23:07:32:088-203533	ena-RUN-TAB-20-05-2025-23:07:32:088-203534	746059443;797204349	5b927a5a4a21b858ad978f718705255f;78fbbaaab9264130cd5329ec4db4df2b	ftp.sra.ebi.ac.uk/vol1/fastq/ERR150/035/ERR15003935/ERR15003935_1.fastq.gz;ftp.sra.ebi.ac.uk/vol1/fastq/ERR150/035/ERR15003935/ERR15003935_2.fastq.gz	fasp.sra.ebi.ac.uk:/vol1/fastq/ERR150/035/ERR15003935/ERR15003935_1.fastq.gz;fasp.sra.ebi.ac.uk:/vol1/fastq/ERR150/035/ERR15003935/ERR15003935_2.fastq.gz	ftp.sra.ebi.ac.uk/vol1/fastq/ERR150/035/ERR15003935/ERR15003935_1.fastq.gz;ftp.sra.ebi.ac.uk/vol1/fastq/ERR150/035/ERR15003935/ERR15003935_2.fastq.gz	834301385;894928200	a03436620509c26ce595f1f2b07be961;6cdd3fbc866ee048745c15f7daf17120	ftp.sra.ebi.ac.uk/vol1/run/ERR150/ERR15003935/744G_S70_R1_001.fastq.gz;ftp.sra.ebi.ac.uk/vol1/run/ERR150/ERR15003935/744G_S70_R2_001.fastq.gz	fasp.sra.ebi.ac.uk:/vol1/run/ERR150/ERR15003935/744G_S70_R1_001.fastq.gz;fasp.sra.ebi.ac.uk:/vol1/run/ERR150/ERR15003935/744G_S70_R2_001.fastq.gz	ftp.sra.ebi.ac.uk/vol1/run/ERR150/ERR15003935/744G_S70_R1_001.fastq.gz;ftp.sra.ebi.ac.uk/vol1/run/ERR150/ERR15003935/744G_S70_R2_001.fastq.gz	FASTQ;FASTQ	744G		744G		2025-05-20	ftp.sra.ebi.ac.uk/vol1/err/ERR150/035/ERR15003935/ERR15003935.bam	1489139628	86be18783e17901ce057c92f0f0334be	GENERATED_FILE;GENERATED_FILE	SUBMISSION_FILE;SUBMISSION_FILE	ARCHIVAL_FILE
ERR15003943	PRJEB79944	ERP164023	SAMEA118336145	ERS24550826	ERX14407912	ERA33133718	408170	human gut metagenome	ILLUMINA	Illumina NovaSeq 6000	NA		PAIRED	WGS	METAGENOMIC	RANDOM	117258970	17123771502	Centre of Host Microbiome Interaction	2025-05-21	2025-05-21	Illumina NovaSeq 6000 sequencing	Gut and oral microbiomes to investigate the oral-gut-brain axis on the pathophysiology of Parkinson's Disease patients	53e7d904-96a7-4098-8eea-909c4f82549a	ena-EXPERIMENT-TAB-20-05-2025-23:07:32:091-203549	ena-RUN-TAB-20-05-2025-23:07:32:091-203550	4362378612;4466081590	bc2a369a888476274dc2357dc895f5a3;3eda3d8d5fc23e869d8f5684a8ac45c5	ftp.sra.ebi.ac.uk/vol1/fastq/ERR150/043/ERR15003943/ERR15003943_1.fastq.gz;ftp.sra.ebi.ac.uk/vol1/fastq/ERR150/043/ERR15003943/ERR15003943_2.fastq.gz	fasp.sra.ebi.ac.uk:/vol1/fastq/ERR150/043/ERR15003943/ERR15003943_1.fastq.gz;fasp.sra.ebi.ac.uk:/vol1/fastq/ERR150/043/ERR15003943/ERR15003943_2.fastq.gz	ftp.sra.ebi.ac.uk/vol1/fastq/ERR150/043/ERR15003943/ERR15003943_1.fastq.gz;ftp.sra.ebi.ac.uk/vol1/fastq/ERR150/043/ERR15003943/ERR15003943_2.fastq.gz	4815303486;4950303469	f861c338d80ac4bc67275db570d8146c;63f6021be03fdd64d4ce4d46d2b04957	ftp.sra.ebi.ac.uk/vol1/run/ERR150/ERR15003943/347G_R1_001.fastq.gz;ftp.sra.ebi.ac.uk/vol1/run/ERR150/ERR15003943/347G_R2_001.fastq.gz	fasp.sra.ebi.ac.uk:/vol1/run/ERR150/ERR15003943/347G_R1_001.fastq.gz;fasp.sra.ebi.ac.uk:/vol1/run/ERR150/ERR15003943/347G_R2_001.fastq.gz	ftp.sra.ebi.ac.uk/vol1/run/ERR150/ERR15003943/347G_R1_001.fastq.gz;ftp.sra.ebi.ac.uk/vol1/run/ERR150/ERR15003943/347G_R2_001.fastq.gz	FASTQ;FASTQ	347G		347G		2025-05-20	ftp.sra.ebi.ac.uk/vol1/err/ERR150/043/ERR15003943/ERR15003943.bam	8501445243	159e9f7196b7d1b82cf03f71bcc7bfa2	GENERATED_FILE;GENERATED_FILE	SUBMISSION_FILE;SUBMISSION_FILE	ARCHIVAL_FILE
ERR15003944	PRJEB79944	ERP164023	SAMEA118336146	ERS24550827	ERX14407913	ERA33133718	408170	human gut metagenome	ILLUMINA	Illumina NovaSeq 6000	NA		PAIRED	WGS	METAGENOMIC	RANDOM	62247678	9154998233	Centre of Host Microbiome Interaction	2025-05-21	2025-05-21	Illumina NovaSeq 6000 sequencing	Gut and oral microbiomes to investigate the oral-gut-brain axis on the pathophysiology of Parkinson's Disease patients	53e7d904-96a7-4098-8eea-909c4f82549a	ena-EXPERIMENT-TAB-20-05-2025-23:07:32:091-203551	ena-RUN-TAB-20-05-2025-23:07:32:091-203552	2309143789;2424522101	3818dcd58984d7c1624bfd02f6581e6e;d01423c3cdc0b8f60845bfbccfe56056	ftp.sra.ebi.ac.uk/vol1/fastq/ERR150/044/ERR15003944/ERR15003944_1.fastq.gz;ftp.sra.ebi.ac.uk/vol1/fastq/ERR150/044/ERR15003944/ERR15003944_2.fastq.gz	fasp.sra.ebi.ac.uk:/vol1/fastq/ERR150/044/ERR15003944/ERR15003944_1.fastq.gz;fasp.sra.ebi.ac.uk:/vol1/fastq/ERR150/044/ERR15003944/ERR15003944_2.fastq.gz	ftp.sra.ebi.ac.uk/vol1/fastq/ERR150/044/ERR15003944/ERR15003944_1.fastq.gz;ftp.sra.ebi.ac.uk/vol1/fastq/ERR150/044/ERR15003944/ERR15003944_2.fastq.gz	2567585980;2703629075	6849e9af9342e2c1a4bae1a98e9084bc;5d5dea9211756661504e4affb8d42754	ftp.sra.ebi.ac.uk/vol1/run/ERR150/ERR15003944/857G_R1_001.fastq.gz;ftp.sra.ebi.ac.uk/vol1/run/ERR150/ERR15003944/857G_R2_001.fastq.gz	fasp.sra.ebi.ac.uk:/vol1/run/ERR150/ERR15003944/857G_R1_001.fastq.gz;fasp.sra.ebi.ac.uk:/vol1/run/ERR150/ERR15003944/857G_R2_001.fastq.gz	ftp.sra.ebi.ac.uk/vol1/run/ERR150/ERR15003944/857G_R1_001.fastq.gz;ftp.sra.ebi.ac.uk/vol1/run/ERR150/ERR15003944/857G_R2_001.fastq.gz	FASTQ;FASTQ	857G		857G		2025-05-20	ftp.sra.ebi.ac.uk/vol1/err/ERR150/044/ERR15003944/ERR15003944.bam	4571468732	d958a0a8e2d5c3d8c8d5b1e2f91d3aa6	GENERATED_FILE;GENERATED_FILE	SUBMISSION_FILE;SUBMISSION_FILE	ARCHIVAL_FILE
ERR15003945	PRJEB79944	ERP164023	SAMEA118336147	ERS24550828	ERX14407914	ERA33133718	408170	human gut metagenome	ILLUMINA	Illumina NovaSeq 6000	NA		PAIRED	WGS	METAGENOMIC	RANDOM	9541136	1360326227	Centre of Host Microbiome Interaction	2025-05-21	2025-05-21	Illumina NovaSeq 6000 sequencing	Gut and oral microbiomes to investigate the oral-gut-brain axis on the pathophysiology of Parkinson's Disease patients	53e7d904-96a7-4098-8eea-909c4f82549a	ena-EXPERIMENT-TAB-20-05-2025-23:07:32:091-203553	ena-RUN-TAB-20-05-2025-23:07:32:091-203554	334881357;341569085	0f6ed7ab5c5dfdca8d6eed97568d105f;64b2640d94683075f8002582b04b5951	ftp.sra.ebi.ac.uk/vol1/fastq/ERR150/045/ERR15003945/ERR15003945_1.fastq.gz;ftp.sra.ebi.ac.uk/vol1/fastq/ERR150/045/ERR15003945/ERR15003945_2.fastq.gz	fasp.sra.ebi.ac.uk:/vol1/fastq/ERR150/045/ERR15003945/ERR15003945_1.fastq.gz;fasp.sra.ebi.ac.uk:/vol1/fastq/ERR150/045/ERR15003945/ERR15003945_2.fastq.gz	ftp.sra.ebi.ac.uk/vol1/fastq/ERR150/045/ERR15003945/ERR15003945_1.fastq.gz;ftp.sra.ebi.ac.uk/vol1/fastq/ERR150/045/ERR15003945/ERR15003945_2.fastq.gz	378155772;386797027	4c12f2facd6b2a6d8597421b30faabe2;cd7c1a6d279fb74a1fbec0320c57501f	ftp.sra.ebi.ac.uk/vol1/run/ERR150/ERR15003945/922G_S142_R1_001.fastq.gz;ftp.sra.ebi.ac.uk/vol1/run/ERR150/ERR15003945/922G_S142_R2_001.fastq.gz	fasp.sra.ebi.ac.uk:/vol1/run/ERR150/ERR15003945/922G_S142_R1_001.fastq.gz;fasp.sra.ebi.ac.uk:/vol1/run/ERR150/ERR15003945/922G_S142_R2_001.fastq.gz	ftp.sra.ebi.ac.uk/vol1/run/ERR150/ERR15003945/922G_S142_R1_001.fastq.gz;ftp.sra.ebi.ac.uk/vol1/run/ERR150/ERR15003945/922G_S142_R2_001.fastq.gz	FASTQ;FASTQ	922G		922G		2025-05-20	ftp.sra.ebi.ac.uk/vol1/err/ERR150/045/ERR15003945/ERR15003945.bam	655363798	379d6aff4a9d2d4a1bcc75175dc9bddd	GENERATED_FILE;GENERATED_FILE	SUBMISSION_FILE;SUBMISSION_FILE	ARCHIVAL_FILE
ERR15003951	PRJEB79944	ERP164023	SAMEA118336153	ERS24550834	ERX14407920	ERA33133718	408170	human gut metagenome	ILLUMINA	Illumina NovaSeq 6000	NA		PAIRED	WGS	METAGENOMIC	RANDOM	14384490	2125758287	Centre of Host Microbiome Interaction	2025-05-21	2025-05-21	Illumina NovaSeq 6000 sequencing	Gut and oral microbiomes to investigate the oral-gut-brain axis on the pathophysiology of Parkinson's Disease patients	53e7d904-96a7-4098-8eea-909c4f82549a	ena-EXPERIMENT-TAB-20-05-2025-23:07:32:093-203565	ena-RUN-TAB-20-05-2025-23:07:32:093-203566	552254928;569376291	244cdd26c1f0a15a568b9065fdcb4b57;b10dcd642528f6936a7a765e541a57b9	ftp.sra.ebi.ac.uk/vol1/fastq/ERR150/051/ERR15003951/ERR15003951_1.fastq.gz;ftp.sra.ebi.ac.uk/vol1/fastq/ERR150/051/ERR15003951/ERR15003951_2.fastq.gz	fasp.sra.ebi.ac.uk:/vol1/fastq/ERR150/051/ERR15003951/ERR15003951_1.fastq.gz;fasp.sra.ebi.ac.uk:/vol1/fastq/ERR150/051/ERR15003951/ERR15003951_2.fastq.gz	ftp.sra.ebi.ac.uk/vol1/fastq/ERR150/051/ERR15003951/ERR15003951_1.fastq.gz;ftp.sra.ebi.ac.uk/vol1/fastq/ERR150/051/ERR15003951/ERR15003951_2.fastq.gz	620192989;639838992	c9e7b5897502f38d22323fcb9b14c214;e36ce84827efe882e072ec0583197b4f	ftp.sra.ebi.ac.uk/vol1/run/ERR150/ERR15003951/751G_S40_R1_001.fastq.gz;ftp.sra.ebi.ac.uk/vol1/run/ERR150/ERR15003951/751G_S40_R2_001.fastq.gz	fasp.sra.ebi.ac.uk:/vol1/run/ERR150/ERR15003951/751G_S40_R1_001.fastq.gz;fasp.sra.ebi.ac.uk:/vol1/run/ERR150/ERR15003951/751G_S40_R2_001.fastq.gz	ftp.sra.ebi.ac.uk/vol1/run/ERR150/ERR15003951/751G_S40_R1_001.fastq.gz;ftp.sra.ebi.ac.uk/vol1/run/ERR150/ERR15003951/751G_S40_R2_001.fastq.gz	FASTQ;FASTQ	751G		751G		2025-05-20	ftp.sra.ebi.ac.uk/vol1/err/ERR150/051/ERR15003951/ERR15003951.bam	1085175328	7745d6a3ae0c17f13f7dd4e640b2b2b0	GENERATED_FILE;GENERATED_FILE	SUBMISSION_FILE;SUBMISSION_FILE	ARCHIVAL_FILE
ERR15003954	PRJEB79944	ERP164023	SAMEA118336156	ERS24550837	ERX14407923	ERA33133718	408170	human gut metagenome	ILLUMINA	Illumina NovaSeq 6000	NA		PAIRED	WGS	METAGENOMIC	RANDOM	29703470	4315587794	Centre of Host Microbiome Interaction	2025-05-21	2025-05-21	Illumina NovaSeq 6000 sequencing	Gut and oral microbiomes to investigate the oral-gut-brain axis on the pathophysiology of Parkinson's Disease patients	53e7d904-96a7-4098-8eea-909c4f82549a	ena-EXPERIMENT-TAB-20-05-2025-23:07:32:094-203571	ena-RUN-TAB-20-05-2025-23:07:32:094-203572	1120407304;1117155359	3d8438f797949eea11293c924ca63530;7df0a282241fa9cbfd70b86cb0a4e89d	ftp.sra.ebi.ac.uk/vol1/fastq/ERR150/054/ERR15003954/ERR15003954_1.fastq.gz;ftp.sra.ebi.ac.uk/vol1/fastq/ERR150/054/ERR15003954/ERR15003954_2.fastq.gz	fasp.sra.ebi.ac.uk:/vol1/fastq/ERR150/054/ERR15003954/ERR15003954_1.fastq.gz;fasp.sra.ebi.ac.uk:/vol1/fastq/ERR150/054/ERR15003954/ERR15003954_2.fastq.gz	ftp.sra.ebi.ac.uk/vol1/fastq/ERR150/054/ERR15003954/ERR15003954_1.fastq.gz;ftp.sra.ebi.ac.uk/vol1/fastq/ERR150/054/ERR15003954/ERR15003954_2.fastq.gz	1241903465;1237917118	ecf02c3fa47c82aa6e4f239c103d3b8e;af1c70ef02c35c23230342e966aa546d	ftp.sra.ebi.ac.uk/vol1/run/ERR150/ERR15003954/761G_S11_R1_001.fastq.gz;ftp.sra.ebi.ac.uk/vol1/run/ERR150/ERR15003954/761G_S11_R2_001.fastq.gz	fasp.sra.ebi.ac.uk:/vol1/run/ERR150/ERR15003954/761G_S11_R1_001.fastq.gz;fasp.sra.ebi.ac.uk:/vol1/run/ERR150/ERR15003954/761G_S11_R2_001.fastq.gz	ftp.sra.ebi.ac.uk/vol1/run/ERR150/ERR15003954/761G_S11_R1_001.fastq.gz;ftp.sra.ebi.ac.uk/vol1/run/ERR150/ERR15003954/761G_S11_R2_001.fastq.gz	FASTQ;FASTQ	761G		761G		2025-05-20	ftp.sra.ebi.ac.uk/vol1/err/ERR150/054/ERR15003954/ERR15003954.bam	2170779570	cbb08503d021e0432b2fb35cf87d105d	GENERATED_FILE;GENERATED_FILE	SUBMISSION_FILE;SUBMISSION_FILE	ARCHIVAL_FILE
